date,algo_nav,spy_nav
2012-08-21,1.0,1.0
2012-08-22,0.990371039336236,1.0004236965413325
2012-08-23,0.9718466136975171,0.9922409670298907
2012-08-24,0.9718908221094055,0.9982366676249871
2012-08-27,0.9635134819937038,0.9984485502030656
2012-08-28,0.9614236486361838,0.9974605653449851
2012-08-29,0.9654881461537751,0.9982366676249871
2012-08-30,0.9536858688358204,0.9910415798975032
2012-08-31,0.9579630585768603,0.9957678376243901
2012-09-04,0.9546045156424994,0.9948508004948501
2012-09-05,0.9573411726722577,0.9940042994049036
2012-09-06,0.9765903311925628,1.0141793220992568
2012-09-07,0.9799890566012655,1.0181294089313173
2012-09-10,0.9770959409093952,1.012345110610528
2012-09-11,0.9843170580780304,1.0151665521942679
2012-09-12,0.9891444680832894,1.0185530368578253
2012-09-13,0.9957800492021492,1.034072063405587
2012-09-14,1.0017452824279858,1.0386575921274095
2012-09-17,0.9852673266525726,1.035130035384665
2012-09-18,0.9857064108754794,1.0342833970650696
2012-09-19,0.9901088948180975,1.0348478226114666
2012-09-20,0.9896374496050326,1.034918221421411
2012-09-21,0.9802886062868276,1.0344862911011377
2012-09-24,0.974407882473007,1.0329260586066662
2012-09-25,0.9542057710698686,1.0219333461871771
2012-09-26,0.9597213927888548,1.0161889816942509
2012-09-27,0.9666425416512812,1.0257631512318763
2012-09-28,0.9642703029831438,1.0210119863236933
2012-10-01,0.9718307158328219,1.0237062160227965
2012-10-02,0.9746883050519444,1.0247701574916066
2012-10-03,0.9681859098138335,1.028954358104886
2012-10-04,0.9876957255834935,1.0363294225170525
2012-10-05,0.9924512197489138,1.03640078193454
2012-10-08,1.0014847759374983,1.0328549736484767
2012-10-09,0.991153009421254,1.0226426862429336
2012-10-10,0.9747558013426385,1.0161180339657103
2012-10-11,0.9785517298872044,1.0166855471792102
2012-10-12,0.9712252734079801,1.0133528565380665
2012-10-15,0.9726295132903644,1.0217919310338677
2012-10-16,0.9834060389570554,1.0321458394371938
2012-10-17,0.9902244389323656,1.0368265369206078
2012-10-18,0.9987857629956128,1.0341316210732594
2012-10-19,0.9821503294396361,1.0168980472907094
2012-10-22,0.9928397999933913,1.017040285821913
2012-10-23,0.9873803201886899,1.0029273142579547
2012-10-24,0.9650435718860548,1.0000909146424721
2012-10-25,0.9767149504251764,1.0029981247568462
2012-10-26,0.9863917433684171,1.002431091847118
2012-10-31,1.005673787990499,1.002431091847118
2012-11-01,1.0236439959443362,1.0129272387816477
2012-11-02,1.0095849850921819,1.0039196904648038
2012-11-05,1.0194544970063093,1.0059769001331813
2012-11-06,1.0276024123517469,1.0138492847933767
2012-11-07,1.0119262390770798,0.9908709348289535
2012-11-08,0.9980693827931054,0.978957205620103
2012-11-09,1.0003908290018202,0.9798084411329405
2012-11-12,1.0069924891330657,0.9805880427689924
2012-11-13,1.0084113858930994,0.9771837868658875
2012-11-14,1.0011301476690493,0.9639929985433072
2012-11-15,1.0067913093193834,0.9623621613944179
2012-11-16,1.0129841032049596,0.9671133949174255
2012-11-19,1.0295646628474235,0.9866870772897968
2012-11-20,1.028416857246059,0.9871126950462155
2012-11-21,1.036076681112301,0.988956718454849
2012-11-23,1.048713583134375,1.002431091847118
2012-11-26,1.0453906081259172,1.0003033461391468
2012-11-27,1.041496143255141,0.995197305358612
2012-11-28,1.045641548307561,1.0032111051721169
2012-11-29,1.0467030332571705,1.0078915968110573
2012-11-30,1.0516380092598006,1.008104439996679
2012-12-03,1.0323689147712465,1.0031401574435763
2012-12-04,1.0625223613221098,1.001721820406186
2012-12-05,1.0567224083850149,1.00349475885663
2012-12-06,1.0660988059018108,1.0068986030707878
2012-12-07,1.0715409459118619,1.0099481889460145
2012-12-10,1.0758956786296616,1.0103739439320822
2012-12-11,1.0846919040246263,1.0172531290075346
2012-12-12,1.090671375508939,1.0177494886480203
2012-12-13,1.0843760548886516,1.0115086958997839
2012-12-14,1.0877463270384273,1.0077501130429234
2012-12-17,1.08954850677817,1.0195930317528823
2012-12-18,1.100568433762632,1.0309402083557762
2012-12-19,1.0922632480771288,1.0232809413405004
2012-12-20,1.084455399624474,1.0291672012905075
2012-12-21,1.0656074068742456,1.0198252929338396
2012-12-24,1.0643290883903083,1.0166827339714055
2012-12-26,1.0562384501516267,1.0123976009512758
2012-12-27,1.050130301987505,1.0110398508039256
2012-12-28,1.0396078241956042,1.0001130086159635
2012-12-31,1.0613473648100555,1.017111164935629
2013-01-02,1.0885670329029498,1.0431795835217381
2013-01-03,1.0868602495304778,1.0408232132185087
2013-01-04,1.0957357803736218,1.0453940583678867
2013-01-07,1.0956452782549886,1.0425376918384726
2013-01-08,1.078527494066247,1.039537508636891
2013-01-09,1.0806935703516811,1.0421801399879649
2013-01-10,1.0916294323385602,1.050465174202747
2013-01-11,1.1008144671194935,1.0503937461704351
2013-01-14,1.1079961511611707,1.0496790541583672
2013-01-15,1.1036264732283607,1.0503937461704351
2013-01-16,1.0962571917121136,1.0502505470316883
2013-01-17,1.1054625200477648,1.0570357984123901
2013-01-18,1.1109417394730103,1.0593925804045667
2013-01-22,1.1124730352392598,1.0651066171450607
2013-01-23,1.1186832528305497,1.066820752690902
2013-01-24,1.2066990096860295,1.0671061903608523
2013-01-25,1.2628813336068079,1.0731058020009454
2013-01-28,1.2481090476051944,1.071820097419328
2013-01-29,1.261172327747587,1.0760339396367944
2013-01-30,1.2556935761025476,1.071820097419328
2013-01-31,1.2464471783022637,1.0691772602237803
2013-02-01,1.2597385156620136,1.0801762852071242
2013-02-04,1.2790203812023562,1.0680347547809095
2013-02-05,1.2967275319230485,1.078819221208019
2013-02-06,1.3037788329770907,1.0796051354079255
2013-02-07,1.3099200530616892,1.0781765747616836
2013-02-08,1.3176599837881653,1.0841754316387073
2013-02-11,1.313944411284343,1.0839620395344896
2013-02-12,1.3101191135557302,1.0857471228088713
2013-02-13,1.3183845018230862,1.086675069695508
2013-02-14,1.3196794597904218,1.0876756796812979
2013-02-15,1.320374758905155,1.0863899064848557
2013-02-19,1.3382294720467307,1.0945316729460668
2013-02-20,1.3048570700737252,1.0808903596857715
2013-02-21,1.2960076114612349,1.074319804090953
2013-02-22,1.3031022532143934,1.0848186270036386
2013-02-25,1.2876779427264229,1.0641780527250035
2013-02-26,1.3014481543369343,1.0714629572577674
2013-02-27,1.3150886977670397,1.0849616202979118
2013-02-28,1.3224418531595217,1.0828189851730226
2013-03-01,1.324275555850575,1.0863899064848557
2013-03-04,1.3063861803026895,1.0921753026428371
2013-03-05,1.3213754996109717,1.1019597766175773
2013-03-06,1.322150978182417,1.1034598339109558
2013-03-07,1.3203211192317466,1.1054598188156943
2013-03-08,1.3297162320280025,1.1101731083407496
2013-03-11,1.3246790592845659,1.1143868133285668
2013-03-12,1.3259134985951486,1.1118873811162397
2013-03-13,1.3469136111170845,1.113458454752983
2013-03-14,1.3372725808481685,1.11938656974594
2013-03-15,1.3297483564166084,1.1179092239594732
2013-03-18,1.3334570146271971,1.1117392417101284
2013-03-19,1.3186085210055314,1.109156854174972
2013-03-20,1.3224103174776618,1.116904222624915
2013-03-21,1.310682094022557,1.1073632626623513
2013-03-22,1.3147253904295717,1.1162584885114768
2013-03-25,1.310553604701647,1.111595836726908
2013-03-26,1.3404890222210946,1.1204911311908583
2013-03-27,1.3384985086122259,1.1204911311908583
2013-03-28,1.3528050074985758,1.1239347720032304
2013-04-01,1.34503246212156,1.119486953234194
2013-04-02,1.3418764185847474,1.1250107896811539
2013-04-03,1.3237270571804023,1.1136043984847102
2013-04-04,1.3171634138956696,1.1181239197453567
2013-04-05,1.308424837697679,1.1131019321248432
2013-04-08,1.3174214544401535,1.1206343989444296
2013-04-09,1.3224758711265023,1.124508460550936
2013-04-10,1.3332854154921243,1.1382825434966526
2013-04-11,1.3593491430137385,1.1420128570458161
2013-04-12,1.360895544203038,1.139215430650654
2013-04-15,1.3418345737219635,1.1128153280028763
2013-04-16,1.3588883587193024,1.1292438440494823
2013-04-17,1.340944449687666,1.1127435568964417
2013-04-18,1.3235299306269568,1.105784641394912
2013-04-19,1.3459336654655913,1.11539812722698
2013-04-22,1.365128852747799,1.120347588977989
2013-04-23,1.4582006657820876,1.131897934076249
2013-04-24,1.4692675474758221,1.1326148903775257
2013-04-25,1.4822521748184014,1.1372064572039047
2013-04-26,1.4870577045504518,1.1351980326757518
2013-04-29,1.4905304377216197,1.1428018589128255
2013-04-30,1.4987961586614493,1.1455282003497984
2013-05-01,1.4829391725612102,1.1354849112570167
2013-05-02,1.509692109795418,1.1460301864058937
2013-05-03,1.5247656490662995,1.1576525770698862
2013-05-06,1.5249363310507096,1.160593682907567
2013-05-07,1.5128043895697274,1.1664760318125773
2013-05-08,1.519299907082039,1.1717847607847065
2013-05-09,1.5324205614134139,1.1684852111037998
2013-05-10,1.5444466503641887,1.172287295759398
2013-05-13,1.563439998315649,1.173218947846558
2013-05-14,1.5879155335530437,1.1853433245666458
2013-05-15,1.6168615178423504,1.1917282084463476
2013-05-16,1.5895982210635278,1.1861329439670758
2013-05-17,1.6108199036518773,1.197610420121709
2013-05-20,1.6042600233064075,1.1975390607042213
2013-05-21,1.5863354175231388,1.1992606066511093
2013-05-22,1.5553375646725662,1.1903653808019838
2013-05-23,1.5429752360358355,1.1869217399896117
2013-05-24,1.523426396204615,1.185917081729176
2013-05-28,1.5019822303481773,1.193019539443575
2013-05-29,1.499368219714924,1.1852716906898604
2013-05-30,1.5297362166039932,1.1896480814265846
2013-05-31,1.5234473992615278,1.1725742429554875
2013-06-03,1.5341809438223428,1.1790302117933789
2013-06-04,1.5435405885991942,1.1733626272890763
2013-06-05,1.5229545150198822,1.1569348660055399
2013-06-06,1.5182716336137305,1.1674086445072804
2013-06-07,1.5535000237732868,1.1822584020567979
2013-06-10,1.5465282229396313,1.1822584020567979
2013-06-11,1.540631259573699,1.1700634892971167
2013-06-12,1.5175035435878772,1.160378232358614
2013-06-13,1.5518020737821996,1.178026239681188
2013-06-14,1.5534461812659544,1.1706368347706995
2013-06-17,1.5849610851016362,1.1796760145216414
2013-06-18,1.592435454143039,1.1890024159279708
2013-06-19,1.5895396835886115,1.1725742429554875
2013-06-20,1.5697916979262825,1.1435194327475229
2013-06-21,1.5568166676544228,1.1471901200141896
2013-06-24,1.5384990684950053,1.132694483573954
2013-06-25,1.5428139879628298,1.1435850285197517
2013-06-26,1.5437911287103396,1.1549071607117003
2013-06-27,1.5608100210422464,1.16168644260267
2013-06-28,1.5604322831134545,1.15692649499695
2013-07-01,1.5914344595790548,1.1637053651989726
2013-07-02,1.5914527255886808,1.1626238583350887
2013-07-03,1.5998475378675943,1.1631285889841645
2013-07-05,1.621570772192027,1.1756774170086544
2013-07-08,1.6389131032005237,1.1823843788745934
2013-07-09,1.6763802757400026,1.190894538328584
2013-07-10,1.6731079243175848,1.191327086182278
2013-07-11,1.6825438962083274,1.207553668800359
2013-07-12,1.7139455424278462,1.2080583994494347
2013-07-15,1.7116569099577523,1.2126741186940404
2013-07-16,1.7130041186554048,1.2081307194744653
2013-07-17,1.725504179540031,1.211231972312546
2013-07-18,1.730511666690395,1.2178664769238052
2013-07-19,1.7430253905317634,1.2200303140294673
2013-07-22,1.7330339488338744,1.2224100133730293
2013-07-23,1.703020394400986,1.2198139028729713
2013-07-24,1.682096434086262,1.215342274759831
2013-07-25,1.708496959727501,1.2182994364664463
2013-07-26,1.7217393105640562,1.2195970800275282
2013-07-29,1.7127088539164577,1.2158471426385555
2013-07-30,1.726237955082325,1.2158471426385555
2013-07-31,1.745525557298262,1.2167129244941888
2013-08-01,1.7814682810192795,1.2307753955473095
2013-08-02,1.7746276749713423,1.232867187087239
2013-08-05,1.7876711360253037,1.2310642639584852
2013-08-06,1.7718973921384862,1.2240691198296156
2013-08-07,1.7470262107286405,1.220102634054498
2013-08-08,1.7570782950352242,1.2245739877083404
2013-08-09,1.761659334657721,1.2210401870165657
2013-08-12,1.7717763737110168,1.2195970800275282
2013-08-13,1.7806196965577545,1.2232034752036316
2013-08-14,1.7763989323341582,1.2169290611913866
2013-08-15,1.7387654599025528,1.1999088795130544
2013-08-16,1.7505864316399902,1.1959423937379368
2013-08-19,1.7478842974400088,1.188297741680281
2013-08-20,1.785235669173994,1.19413988229813
2013-08-21,1.7670716838927765,1.186783686962703
2013-08-22,1.8028953452414898,1.197601225735225
2013-08-23,1.8184933532306924,1.2016401687650224
2013-08-26,1.828051029429313,1.197168952340829
2013-08-27,1.7774891000038822,1.1779134369096982
2013-08-28,1.7961999134378996,1.1820955104634177
2013-08-29,1.8180600632769357,1.1839710280765001
2013-08-30,1.8037108614556459,1.1802202673096334
2013-09-03,1.8137873763874681,1.1855578145080556
2013-09-04,1.8371836065140181,1.1953656175231284
2013-09-05,1.850765609202498,1.1968799467000044
2013-09-06,1.8296844702605817,1.1974571346037597
2013-09-09,1.8468052520685023,1.2089240440754188
2013-09-10,1.8973023037548846,1.2178664769238052
2013-09-11,1.884846531380254,1.2216885971081597
2013-09-12,1.8712992442289544,1.2184438020572097
2013-09-13,1.8996565145604982,1.221184278148031
2013-09-16,1.8948756512068832,1.2282517423019312
2013-09-17,1.8968000269039043,1.233732968942872
2013-09-18,1.9067474176027805,1.2480122628414358
2013-09-19,1.8992167121054548,1.2459211574497517
2013-09-20,1.8927929999914,1.2372098193303056
2013-09-23,1.8701060769384548,1.231484735603066
2013-09-24,1.8924058864010234,1.2285860337269308
2013-09-25,1.8956603744206806,1.2250346676400823
2013-09-26,1.907815903633405,1.2297457614907532
2013-09-27,1.899481369858736,1.224092448869948
2013-09-30,1.897383124614754,1.2175700608819338
2013-10-01,1.9383600367023306,1.2272086597397713
2013-10-02,1.9399053187959385,1.2260498925834922
2013-10-03,1.9105761973774045,1.2147438162604784
2013-10-04,1.9378924602116252,1.2239478088198867
2013-10-07,1.907608782795501,1.213366853962266
2013-10-08,1.86454456674046,1.1992353563956908
2013-10-09,1.8402959943234904,1.2001051179111453
2013-10-10,1.907217494666345,1.2259771608695145
2013-10-11,1.9095492587298444,1.2338763739260923
2013-10-14,1.9600976876042502,1.238804565081504
2013-10-15,1.9431598777496366,1.2298178070564858
2013-10-16,1.9667247575108129,1.2469938816160986
2013-10-17,1.9952712807142654,1.2553275637414565
2013-10-18,2.0378198175245767,1.2638061603761739
2013-10-21,2.083336220211556,1.2638787548605026
2013-10-22,2.0275724559088486,1.2711983098796427
2013-10-23,2.035907095972887,1.2651112143383028
2013-10-24,2.0323545826107954,1.2693140095690234
2013-10-25,2.0375110341816463,1.2751118250102407
2013-10-28,2.003876319702662,1.2771410398302194
2013-10-29,2.043738020258002,1.2839531196073037
2013-10-30,2.0182824980163323,1.2775757833582977
2013-10-31,2.023039505815072,1.2739520972464184
2013-11-01,2.0365606125520586,1.2769961253208602
2013-11-04,2.0581326057112874,1.2814895729481937
2013-11-05,2.0785592386762235,1.2774304571599913
2013-11-06,2.064753513280141,1.2839531196073037
2013-11-07,2.018920858330739,1.267720087195719
2013-11-08,2.0626342312554358,1.284822332204162
2013-11-11,2.0677554367280964,1.2850401156571483
2013-11-12,2.069229987103859,1.2824309683404338
2013-11-13,2.0826501597610423,1.2927214080310907
2013-11-14,2.104040921110302,1.2991714759940745
2013-11-15,2.113785240416535,1.3048249258445284
2013-11-18,2.0784940642894867,1.300258609273568
2013-11-19,2.052368200836966,1.2974327763410596
2013-11-20,2.047406533818147,1.2933739350121551
2013-11-21,2.054574406847352,1.3038101125900656
2013-11-22,2.064769110899125,1.3103320888891328
2013-11-25,2.0575927139395453,1.3090275838456003
2013-11-26,2.0616117171239257,1.3093902818079457
2013-11-27,2.072434308122271,1.3125789499324487
2013-11-29,2.079968838617126,1.3117091884169942
2013-12-02,2.066125115664438,1.3083031485284522
2013-12-03,2.057212044111357,1.3026507965151903
2013-12-04,2.0314043626474523,1.3025056075465329
2013-12-05,2.0271292686780003,1.2967801121303462
2013-12-06,2.036499195120292,1.311274444888916
2013-12-09,2.0422602046975453,1.3146078902931293
2013-12-10,2.0572298200689363,1.3098974825907037
2013-12-11,2.0484023821172967,1.2951859152977436
2013-12-12,2.0660006812073104,1.2909102511233963
2013-12-13,2.07330784703591,1.2907654738436858
2013-12-16,2.077873959260783,1.2988096014096229
2013-12-17,2.1004833189047276,1.2946787145149858
2013-12-18,2.1275862424986345,1.3167820196224675
2013-12-19,2.1249361190914176,1.3152600055852468
2013-12-20,2.141437735765062,1.322910832977108
2013-12-23,2.1584785702852503,1.3299787088199553
2013-12-24,2.1619498282713137,1.3328933293353762
2013-12-26,2.158007186892916,1.3396695921740676
2013-12-27,2.1273786708945264,1.3395967232304409
2013-12-30,2.128201395639818,1.3393781163995606
2013-12-31,2.132477498414071,1.3457168911171935
2014-01-02,2.11200441609067,1.3328203231621005
2014-01-03,2.1128453035080526,1.3326019907905182
2014-01-06,2.0955101229133124,1.3287397995486516
2014-01-07,2.042424594653814,1.3369007095459002
2014-01-08,2.053445967083227,1.3371924597797051
2014-01-09,2.0472064714408216,1.3380666126439282
2014-01-10,2.043798282949635,1.3417097853659674
2014-01-13,2.0331380336362255,1.3238579920146067
2014-01-14,1.9883051057035392,1.3382850822451593
2014-01-15,1.9839089433045047,1.3454982842863132
2014-01-16,1.987136561103275,1.3437501157875165
2014-01-17,1.982359513659437,1.3380666126439282
2014-01-21,1.9897308057203786,1.3420009866811764
2014-01-22,2.0032906152804952,1.3428754140046975
2014-01-23,2.080755595947006,1.331873575813549
2014-01-24,2.0352692525124843,1.303456197325257
2014-01-27,2.0290737116764395,1.2970444164343482
2014-01-28,2.071728646744513,1.3047677010808894
2014-01-29,2.0430034254405744,1.292235203384632
2014-01-30,2.065336102347983,1.3059337414085663
2014-01-31,2.0864124002589297,1.298283462935301
2014-02-03,2.0438099883021086,1.269064663296764
2014-02-04,2.0599867920753234,1.2779538510413329
2014-02-05,2.0677771279203667,1.2763511459704915
2014-02-06,2.101051329801768,1.2931823624221308
2014-02-07,2.1629201207781636,1.3092125694124719
2014-02-10,2.164014560671732,1.3116168328632074
2014-02-11,2.1774271949345563,1.3259709169204843
2014-02-12,2.1785191741489545,1.326627011872423
2014-02-13,2.1946689711150085,1.333475320276847
2014-02-14,2.1969667766047034,1.3408353580424466
2014-02-18,2.202795367568348,1.3424386120318839
2014-02-19,2.1779353432960877,1.333549287057666
2014-02-20,2.196127750874051,1.3414184468211094
2014-02-21,2.1972479860343004,1.3398880617752988
2014-02-24,2.2273251439351145,1.3473200078769818
2014-02-25,2.255532852343072,1.3468099252715946
2014-02-26,2.2462637035421102,1.3468830686745195
2014-02-27,2.244955837098527,1.3539506700580688
2014-02-28,2.249526514937534,1.3573752359492277
2014-03-03,2.2372776470143565,1.3478303649416672
2014-03-04,2.260034153257531,1.366774780758482
2014-03-05,2.27172721679442,1.3680130038815406
2014-03-06,2.281351174800853,1.3711466429167887
2014-03-07,2.2868270000068582,1.3717291827768556
2014-03-10,2.2829782883755936,1.3710011794888333
2014-03-11,2.2799704051683096,1.364224779420493
2014-03-12,2.2814025100399977,1.3645885752200306
2014-03-13,2.2533406853143823,1.349287332125255
2014-03-14,2.261393799598749,1.3454982842863132
2014-03-17,2.273429364375448,1.3576663000347877
2014-03-18,2.282445034814826,1.367357457848198
2014-03-19,2.2736519296278974,1.3600713868634173
2014-03-20,2.2979002117713603,1.3680130038815406
2014-03-21,2.2949434063416247,1.3627077056506367
2014-03-24,2.285878342360815,1.3570718211952566
2014-03-25,2.282863788159522,1.3635124203124582
2014-03-26,2.275379414968101,1.3537057151345777
2014-03-27,2.2606897665065597,1.3508514756647232
2014-03-28,2.293584483883394,1.3575116422203484
2014-03-31,2.3060563357878174,1.3686358892584178
2014-04-01,2.327075661602666,1.3777107487181035
2014-04-02,2.3350645282680134,1.3823212532360467
2014-04-03,2.3367682679933584,1.3804915703257352
2014-04-04,2.3039660490059157,1.3641713970870262
2014-04-07,2.29053020347938,1.3490950733869855
2014-04-08,2.294054975775102,1.3546568538318977
2014-04-09,2.306418611894519,1.369221173711465
2014-04-10,2.2580938197922853,1.3404592115744975
2014-04-11,2.246254094208879,1.32838355137981
2014-04-14,2.257832874728948,1.3388489588729604
2014-04-15,2.2642841598343026,1.3480701051384956
2014-04-16,2.2752855910763485,1.3621954273708652
2014-04-17,2.275836086658463,1.3640982536841015
2014-04-21,2.2707345954847904,1.368854770548596
2014-04-22,2.2816924249011437,1.3750755277680764
2014-04-23,2.2586279273793632,1.371855571283598
2014-04-24,2.3060633475963117,1.3746370790394749
2014-04-25,2.2898514084113684,1.3633655845880126
2014-04-28,2.309789115519316,1.3676843388721507
2014-04-29,2.3146473880816023,1.3740505595195864
2014-04-30,2.3206439323688377,1.3781494719060032
2014-05-01,2.316988730701346,1.3782956214822037
2014-05-02,2.327659043478009,1.3763202006846387
2014-05-05,2.320717178238066,1.3789544610271227
2014-05-06,2.307352565273516,1.3669523559243069
2014-05-07,2.3014211580285067,1.3750030705133967
2014-05-08,2.3035590794860634,1.373538418469464
2014-05-09,2.315061349309655,1.3755880805071459
2014-05-12,2.330863111414689,1.3889810081027247
2014-05-13,2.328277676695133,1.3902251321006909
2014-05-14,2.3143059147787834,1.3836385206369377
2014-05-15,2.2971444306381854,1.3714902659579213
2014-05-16,2.321999670807677,1.3762469200520648
2014-05-19,2.3337017091471086,1.3812961477579078
2014-05-20,2.3222282947196473,1.3725874170017929
2014-05-21,2.334683037955597,1.3841509361463582
2014-05-22,2.3428401323963675,1.387517316666335
2014-05-23,2.365763905135013,1.3930796460298434
2014-05-27,2.3722651858298085,1.4016419527504596
2014-05-28,2.3774928766728416,1.4006172589612675
2014-05-29,2.3903626263686704,1.40786270996994
2014-05-30,2.3916895305136787,1.410131527757098
2014-06-02,2.3884110236434526,1.411741231540039
2014-06-03,2.3987852414111854,1.4110099347404403
2014-06-04,2.417753780819384,1.4138636252916987
2014-06-05,2.428051365051708,1.4230847715572341
2014-06-06,2.436578882159498,1.4298917738373047
2014-06-09,2.4327519406016664,1.4313550535847472
2014-06-10,2.435407426129239,1.4315018893091929
2014-06-11,2.4348380646186896,1.4265247071690828
2014-06-12,2.4181635435925446,1.4164255656091522
2014-06-13,2.4246635364654034,1.420743359285747
2014-06-16,2.4393297565001495,1.4219143398807885
2014-06-17,2.4579681731103054,1.4258664165427597
2014-06-18,2.469867646050797,1.4363318240359102
2014-06-19,2.4688433747183667,1.4379418022781494
2014-06-20,2.4689790851983338,1.4408613630609348
2014-06-23,2.4689689055492816,1.4404198952800549
2014-06-24,2.4546424195477745,1.4317424528839153
2014-06-25,2.4572394984380552,1.4382137914424964
2014-06-26,2.4591313188172723,1.4371841573859399
2014-06-27,2.4662222886047904,1.439978564728824
2014-06-30,2.475076141072802,1.4392434254990527
2014-07-01,2.4917270790390265,1.4488765351709298
2014-07-02,2.4908689827274557,1.4503472253194192
2014-07-03,2.5026682075752213,1.4574804224751974
2014-07-07,2.5032518231991228,1.452406218973234
2014-07-08,2.4996981817986685,1.4430677413577913
2014-07-09,2.5205452223586593,1.4495385309977762
2014-07-10,2.5134141934846133,1.4438030178172114
2014-07-11,2.511558559649092,1.4457877702309094
2014-07-14,2.5310376046499496,1.4530682148000804
2014-07-15,2.512759207330313,1.4503472253194192
2014-07-16,2.517539189437621,1.4557155119592209
2014-07-17,2.495915972547109,1.439169733177532
2014-07-18,2.5268833355937628,1.4538771835810214
2014-07-21,2.517991849103926,1.4511559196410622
2014-07-22,2.552019738121854,1.4574804224751974
2014-07-23,2.5632687201009823,1.4607160231396634
2014-07-24,2.577170736880628,1.4607891665425883
2014-07-25,2.578652147781706,1.4539506014432442
2014-07-28,2.590181604404319,1.4545389049485697
2014-07-29,2.5562309827934717,1.4482883688952533
2014-07-30,2.551765523297504,1.4485090341708688
2014-07-31,2.5238919546026666,1.4199032393744797
2014-08-01,2.520747997278883,1.4155648612505327
2014-08-04,2.5313894745264873,1.4257868233463313
2014-08-05,2.516829164924641,1.4119614851267075
2014-08-06,2.5170155336390097,1.4124030901372364
2014-08-07,2.5051093142729277,1.4047548701087065
2014-08-08,2.5202497199787386,1.4210067029822062
2014-08-11,2.544076773144865,1.4251246902898358
2014-08-12,2.5328644407188508,1.4231391144982437
2014-08-13,2.5491987011151367,1.4327720869404719
2014-08-14,2.553150396110712,1.439537234177593
2014-08-15,2.5382149767948574,1.4392434254990527
2014-08-18,2.5634805224208717,1.4513033042841037
2014-08-19,2.5717679711039114,1.458877283072517
2014-08-20,2.577931807078494,1.4627747423341804
2014-08-21,2.5740432701089313,1.4670395653662556
2014-08-22,2.586205198195223,1.4647603181257725
2014-08-25,2.58857065502,1.472187186730442
2014-08-26,2.588297862011759,1.4731435401544246
2014-08-27,2.594649909570509,1.472555373878748
2014-08-28,2.6014731272414977,1.471746405097807
2014-08-29,2.6014051719642763,1.4759379474973087
2014-09-02,2.6195179650540994,1.4752021221192924
2014-09-03,2.604203852540063,1.4743932905680004
2014-09-04,2.6051990390063393,1.4722611535112606
2014-09-05,2.618174777495914,1.4788791905646383
2014-09-08,2.6073390639380993,1.4750552863948467
2014-09-09,2.591069733913415,1.465716534320106
2014-09-10,2.6033281456279016,1.4712313822250553
2014-09-11,2.613602863984299,1.47292273764916
2014-09-12,2.5928617118669104,1.4643192620338394
2014-09-15,2.593984984205479,1.4632160728854111
2014-09-16,2.6167601715693434,1.4742460431546078
2014-09-17,2.6156791240243975,1.4762320306351469
2014-09-18,2.627938957798606,1.4841000925613983
2014-09-19,2.617047281638279,1.482762789631751
2014-09-22,2.6077784177741603,1.4713115243400798
2014-09-23,2.593504916449739,1.4628893290911074
2014-09-24,2.6073915450475225,1.4743408688420767
2014-09-25,2.5661367230851773,1.4505518347261
2014-09-26,2.590307401409895,1.462076380650345
2014-09-29,2.588099697446749,1.4594171445117403
2014-09-30,2.5978165456338207,1.455575263257928
2014-10-01,2.5674727305680936,1.435849461819624
2014-10-02,2.5736589396165606,1.4360705387841866
2014-10-03,2.5914433807255257,1.4518818644843492
2014-10-06,2.5900641709239554,1.4501821380516546
2014-10-07,2.5643587537323542,1.4277969632450969
2014-10-08,2.60464438463017,1.4527679563280365
2014-10-09,2.572597499674206,1.4239552192209335
2014-10-10,2.548233927035647,1.4077013279026986
2014-10-13,2.519359110934644,1.3845775831251446
2014-10-14,2.532019835291097,1.3867198751759113
2014-10-15,2.536726147164813,1.3773365234652408
2014-10-16,2.532125785549105,1.376155250646523
2014-10-17,2.5523507974844275,1.392408593046162
2014-10-20,2.5910392833074143,1.4059281836077813
2014-10-21,2.608139431621244,1.433780724860729
2014-10-22,2.600557805260236,1.4235856597761374
2014-10-23,2.650451757994465,1.4401344576101045
2014-10-24,2.6638982123198107,1.4512164379162775
2014-10-27,2.672383735119724,1.4492220794271486
2014-10-28,2.6883554915585886,1.4658445695826365
2014-10-29,2.6896291049464915,1.4636284479807
2014-10-30,2.703973515589356,1.4730109763134764
2014-10-31,2.7284481253327777,1.489855915730017
2014-11-03,2.7405668280649467,1.4906680407928854
2014-11-04,2.7429134905103405,1.4854964042401217
2014-11-05,2.741413165202677,1.4948792070321961
2014-11-06,2.7575818705639743,1.5008633803367752
2014-11-07,2.747154357339753,1.5022669651868965
2014-11-10,2.751993807502104,1.5069954872029923
2014-11-11,2.7527561161002247,1.5084729016042833
2014-11-12,2.7650371865489984,1.5068479653303015
2014-11-13,2.7812702046702653,1.508546868385102
2014-11-14,2.7853561196435273,1.5089164278298983
2014-11-17,2.7714746926892797,1.5098767609137025
2014-11-18,2.791130547737358,1.5185945488266521
2014-11-19,2.8146009932153566,1.516156664111908
2014-11-20,2.8273157433516523,1.5188163119394598
2014-11-21,2.7934730359217648,1.5269430517541036
2014-11-24,2.8152339552791097,1.531227910314935
2014-11-25,2.811796028438508,1.5301197808991425
2014-11-26,2.826631309477558,1.5340357661634227
2014-11-28,2.84085851592713,1.530784795778267
2014-12-01,2.798452517815657,1.5201463416977092
2014-12-02,2.8093004586444845,1.5299723962561007
2014-12-03,2.8295755213535094,1.535882602779861
2014-12-04,2.8354373192283266,1.5341831508064643
2014-12-05,2.8343765667094916,1.5366954139909743
2014-12-08,2.799841318791609,1.5264258332069678
2014-12-09,2.8211473745905025,1.5253915333423447
2014-12-10,2.781704744864699,1.5009372098879452
2014-12-11,2.78696715629503,1.508546868385102
2014-12-12,2.7526072325338147,1.4841666489411702
2014-12-15,2.7472113211958886,1.4739710349379824
2014-12-16,2.721233052811512,1.4621506218904619
2014-12-17,2.767645613110885,1.4908155626655761
2014-12-18,2.809316930186773,1.5276813472658022
2014-12-19,2.8230758541671035,1.5341823274285702
2014-12-22,2.8480075730497556,1.5412385387512513
2014-12-23,2.853057203984158,1.5433193519192596
2014-12-24,2.8403460373736173,1.5434679716291424
2014-12-26,2.852108903270053,1.5484446048506564
2014-12-29,2.8583357918635515,1.5505251435593665
2014-12-30,2.8485461660675635,1.5422053216285592
2014-12-31,2.823650561312319,1.5269017456297502
2015-01-02,2.820204823063912,1.5260842686105704
2015-01-05,2.7989981098624495,1.4985241637396727
2015-01-06,2.7892195173929513,1.4844098198792242
2015-01-07,2.8189737189304727,1.5029072787291986
2015-01-08,2.866830415304627,1.5295760770297466
2015-01-09,2.8445667544459,1.5173185875501145
2015-01-12,2.8340473953191188,1.505432853189663
2015-01-13,2.829718996957027,1.501198083450722
2015-01-14,2.8566921280622597,1.4921351629705004
2015-01-15,2.824540142033226,1.4784664037804023
2015-01-16,2.855971815409234,1.4978551692007265
2015-01-20,2.8689986221195802,1.5010496009704881
2015-01-21,2.8854388611874593,1.5086272849594247
2015-01-22,2.925292069081146,1.5310621368989255
2015-01-23,2.921646177102795,1.5226677992687032
2015-01-26,2.934115052424719,1.5262331627797512
2015-01-27,2.9125784681597384,1.506101573269311
2015-01-28,2.9145299733388605,1.4867865001705078
2015-01-29,2.930875472295014,1.5005301867489678
2015-01-30,2.8816227231095604,1.481660561090866
2015-02-02,2.9173032180279277,1.5000096746902556
2015-02-03,2.9420208253764333,1.5217015653099915
2015-02-04,2.9169350474995652,1.5159070433803505
2015-02-05,2.9468848761454214,1.5312103449198613
2015-02-06,2.9295842369638865,1.526976124099516
2015-02-09,2.9241910980255454,1.5201418131192916
2015-02-10,2.965012420471585,1.5363362839995032
2015-02-11,2.9792817695217377,1.537227590569853
2015-02-12,2.982599201393342,1.5520107917395984
2015-02-13,2.977676358695912,1.5584000669680687
2015-02-17,2.9756753576717436,1.5608512629587672
2015-02-18,2.9895680289551128,1.560999470979703
2015-02-19,2.978603845209732,1.5598855779186516
2015-02-20,2.9949045408655572,1.5692453261296917
2015-02-23,3.0139803487139,1.569023151327937
2015-02-24,3.0040792548392456,1.5734802330982818
2015-02-25,2.995170117452374,1.5721429301686347
2015-02-26,2.992771216425005,1.5702856640988712
2015-02-27,2.9848458443856405,1.5649367268395806
2015-03-02,3.0236258195847743,1.574817124338982
2015-03-03,3.01098751596825,1.5683537451000438
2015-03-04,2.9994508229029564,1.561742569529117
2015-03-05,3.0141420410205035,1.5634508042000506
2015-03-06,2.993327258377283,1.541462085849496
2015-03-09,3.04274274151601,1.5478506749297212
2015-03-10,3.002993135265522,1.5227420405088201
2015-03-11,2.9845983594704832,1.519175853619878
2015-03-12,3.014061245474791,1.5384907894890323
2015-03-13,3.03318314617117,1.5290559766599814
2015-03-16,3.0673479962601573,1.549485217279134
2015-03-17,3.0457540691586193,1.5448789668803105
2015-03-18,3.0569235325079007,1.5634508042000506
2015-03-19,3.0574822747861012,1.5563198027186567
2015-03-20,3.0326856776146407,1.57005745119256
2015-03-23,3.035671168395769,1.5669977789381306
2015-03-24,3.0281171949135293,1.5581923012794607
2015-03-25,2.962366271553556,1.5353589344392213
2015-03-26,2.9568177055456903,1.5317025876708767
2015-03-27,2.960397368716685,1.5352099030403914
2015-03-30,2.975446440291348,1.5539395544564985
2015-03-31,2.939514971427201,1.5403583477824718
2015-04-01,2.9101226803781413,1.5349115657834338
2015-04-02,2.9307121662846125,1.5404330007115357
2015-04-06,2.9433323497385118,1.5508055037323034
2015-04-07,2.922023269785741,1.546701513848873
2015-04-08,2.939360194512076,1.5519246115200174
2015-04-09,2.9583634711270466,1.558789661941621
2015-04-10,2.983951712517784,1.5672962534247374
2015-04-13,2.976969375845355,1.5602073814455908
2015-04-14,2.965644283539087,1.5631922635413071
2015-04-15,2.9778272607546405,1.5702059336727938
2015-04-16,2.978431917356181,1.569758427787357
2015-04-17,2.950008296641352,1.5517005155031764
2015-04-20,2.980212795196131,1.5658786711504167
2015-04-21,3.003962190541773,1.5640128968424143
2015-04-22,2.994983407984612,1.5716984433354764
2015-04-23,3.0065836209161247,1.5756531273607788
2015-04-24,3.0160537874154096,1.5793093368994744
2015-04-27,3.0108650879598917,1.5727430354237755
2015-04-28,2.9993761707318067,1.577742860455973
2015-04-29,2.961107580234634,1.5712509374500399
2015-04-30,2.92691588656151,1.5555061681296491
2015-05-01,2.9749971126021997,1.5723700452377538
2015-05-04,2.98164345832284,1.5768477114554509
2015-05-05,2.9487035533838735,1.558789661941621
2015-05-06,2.935315159376071,1.5523721174054539
2015-05-07,2.9562175167576976,1.5585655659247803
2015-05-08,2.983310310985147,1.5790856525715806
2015-05-11,2.9805531892863772,1.5715491374773485
2015-05-12,2.9637176668057563,1.5668483358503538
2015-05-13,2.976757711405284,1.5671470847962585
2015-05-14,3.0068469064831786,1.5834882541712667
2015-05-15,3.015182809727239,1.5852045853914922
2015-05-18,3.0299742953215203,1.5901293458056787
2015-05-19,3.03246683055723,1.589607186991178
2015-05-20,3.019556593153923,1.5884880792034641
2015-05-21,3.042389841457959,1.593113953442097
2015-05-22,3.038777199066626,1.5893089869638695
2015-05-26,3.009790261110018,1.5722210138389239
2015-05-27,3.025271536293689,1.5871444637099623
2015-05-28,3.037471811972785,1.585354028479269
2015-05-29,3.0380809614633417,1.5755039587322999
2015-06-01,3.0545408944768884,1.5787130740745061
2015-06-02,3.047458506708917,1.5771459114827595
2015-06-03,3.046411796405459,1.5813246915249026
2015-06-04,3.030799002086451,1.5679678553270149
2015-06-05,3.027300104007236,1.5652815849475543
2015-06-08,3.0072416587828,1.555655611217426
2015-06-09,3.0033502796603426,1.5554320641191812
2015-06-10,3.0229181647106778,1.5740862392283301
2015-06-11,3.0269844122865064,1.5791608544192406
2015-06-12,3.0170959293353175,1.5670718829485986
2015-06-15,2.999135254474069,1.5603565500740697
2015-06-16,3.0166088222651855,1.568863141557186
2015-06-17,3.028393795430759,1.5713998316192206
2015-06-18,3.046097761391251,1.5877418243721229
2015-06-19,3.015019275947456,1.5806931606801375
2015-06-22,3.029541379127102,1.5887916311870844
2015-06-23,3.0306269055113164,1.58991609093111
2015-06-24,3.0301417505510724,1.5783691765740755
2015-06-25,3.0177586835291,1.5735699812887374
2015-06-26,3.020866607731635,1.5732702717352895
2015-06-29,2.9622699015854987,1.5402780684377984
2015-06-30,2.9703580967675487,1.543502690730343
2015-07-01,3.012393469761245,1.5558743552779553
2015-07-02,3.0137907559120056,1.5544497742915349
2015-07-06,3.012760221926645,1.5500260393259004
2015-07-07,3.0364611827623453,1.5597727751471617
2015-07-08,2.9978926579467795,1.533604865065517
2015-07-09,3.0019416225559326,1.5363792368796447
2015-07-10,3.037681719017943,1.5557242260419333
2015-07-13,3.074412106999532,1.5728954975638307
2015-07-14,3.0692690180754947,1.579718692942485
2015-07-15,3.0726201445772734,1.5791936523053551
2015-07-16,3.0817635088035127,1.5918657125546603
2015-07-17,3.0773064838169986,1.5932153661527189
2015-07-20,3.0976753419207532,1.5940402535729454
2015-07-21,3.0814001798921145,1.587741412683176
2015-07-22,3.088764265717756,1.584892662399282
2015-07-23,3.0743772081371272,1.5759695789314065
2015-07-24,3.0628977133776223,1.5596237437483318
2015-07-27,3.053024031392181,1.5505510799630304
2015-07-28,3.07500563511676,1.569596222342222
2015-07-29,3.0859287419816974,1.5803930394377428
2015-07-30,3.083394841631382,1.5807680880684996
2015-07-31,3.0805849137635146,1.5783691765740755
2015-08-03,3.0636790096255737,1.5730453523405545
2015-08-04,3.052797179075238,1.5699707220543828
2015-08-05,3.0821967069073737,1.5751449659704777
2015-08-06,3.0598664704219227,1.5622481235560868
2015-08-07,3.0651635141496008,1.559248695117575
2015-08-10,3.0979820057694414,1.5788940799815563
2015-08-11,3.0651038338232155,1.5646473095098088
2015-08-12,3.0695376254838496,1.5665218665153482
2015-08-13,3.083361742134667,1.5645721076621488
2015-08-14,3.1028899208162546,1.5702705688374796
2015-08-17,3.1209121716351285,1.5790435230693332
2015-08-18,3.108352065392845,1.574469796097326
2015-08-19,3.0976305851034382,1.5620229297020538
2015-08-20,3.053437632706732,1.5294056378056704
2015-08-21,2.9722382229936857,1.4833672862356604
2015-08-24,2.884327683292918,1.4209070742570216
2015-08-25,2.8776404899186465,1.404186053213541
2015-08-26,2.9657544993352074,1.4580979558957632
2015-08-27,3.022575195643757,1.4941646522497771
2015-08-28,2.9915806708330637,1.4942395796381391
2015-08-31,2.974114721414968,1.4821673501846768
2015-09-01,2.9008326096592953,1.4379272559353538
2015-09-02,2.962788373589161,1.4652212725168123
2015-09-03,2.9550618282451855,1.466271079331774
2015-09-04,2.9207118581671017,1.4440759675891015
2015-09-08,2.9736901127881143,1.4803677205674994
2015-09-09,2.9370742036606337,1.4605722064674962
2015-09-10,2.962149107032794,1.46852068496807
2015-09-11,2.991398511270726,1.4751937511107025
2015-09-14,2.997118819249131,1.4697204837894047
2015-09-15,3.023909349334523,1.4880911424436896
2015-09-16,3.0436869258745554,1.5009877103987825
2015-09-17,3.024559655067683,1.4976132333295138
2015-09-18,3.0042026357481957,1.4731402466428483
2015-09-21,3.007973279835026,1.4807527869626345
2015-09-22,2.972530078268745,1.4615326767809493
2015-09-23,2.9784891127658404,1.459196479236125
2015-09-24,2.9756365756062078,1.453920685379759
2015-09-25,2.9863909239866837,1.453543303844969
2015-09-28,2.9310634622703855,1.417063546247421
2015-09-29,2.92440522829108,1.417892413327469
2015-09-30,2.964812484825748,1.4443480939830975
2015-10-01,2.9589138763549925,1.448116694604336
2015-10-02,2.978793656729489,1.4697486158674526
2015-10-05,3.0136268313225916,1.495902528524898
2015-10-06,3.003995646228282,1.490777001134203
2015-10-07,3.0205372101641172,1.502987420844223
2015-10-08,3.040165068856041,1.5165542184051033
2015-10-09,3.0528761903916246,1.5174588362514074
2015-10-12,3.065983909347956,1.5188908276388746
2015-10-13,3.048709268064656,1.5093186479311602
2015-10-14,3.0252374164092237,1.5020823913089718
2015-10-15,3.061789173122212,1.5251467156485028
2015-10-16,3.077286174111694,1.532080655353912
2015-10-19,3.081897936460202,1.532834595045598
2015-10-20,3.0929053839615603,1.5308749556576697
2015-10-21,3.0844129058236742,1.521378115027264
2015-10-22,3.1246528849338513,1.5470799932208554
2015-10-23,3.1429148536328197,1.564038284327482
2015-10-26,3.134235731479304,1.5601942073992854
2015-10-27,3.1264386921464395,1.55717995815868
2015-10-28,3.16457473492874,1.574892188956993
2015-10-29,3.183582378863659,1.5739874338810398
2015-10-30,3.1771889446645916,1.5672041723302486
2015-11-02,3.1807525759858595,1.5857455446679076
2015-11-03,3.1773080733848187,1.5903427379098964
2015-11-04,3.174071001609428,1.5855193902063316
2015-11-05,3.176550014666563,1.5839363089752994
2015-11-06,3.1602363141966916,1.5831075791249003
2015-11-09,3.1319920121385527,1.5683341212602349
2015-11-10,3.1368330575511933,1.5719525926454514
2015-11-11,3.1244830274839877,1.5657717692538344
2015-11-12,3.0977590865221116,1.5439141052180887
2015-11-13,2.999958829110367,1.5265792559545661
2015-11-16,3.033482243605651,1.5497932978411717
2015-11-17,3.025986209078044,1.5486627999925895
2015-11-18,3.081492556109894,1.5732339058783007
2015-11-19,3.0992454549641,1.5718769791088443
2015-11-20,3.08075600133497,1.5776054935773094
2015-11-23,3.0685263972688164,1.575796532343999
2015-11-24,3.0772413425066323,1.5779068498865454
2015-11-25,3.069519974192728,1.5776806954249694
2015-11-27,3.0676158576504764,1.5794895194286307
2015-11-30,3.049310660476952,1.5729324123394155
2015-12-01,3.0649317357488943,1.587931338517412
2015-12-02,3.030031834508872,1.5717267126431733
2015-12-03,2.9824505414085944,1.5497182332231607
2015-12-04,3.041515147919312,1.5799422400407297
2015-12-07,3.0285267983480737,1.5703695114144192
2015-12-08,3.0422325656303744,1.5598176492423894
2015-12-09,3.0058628008993575,1.5476829802986254
2015-12-10,3.020690908763043,1.551677460922142
2015-12-11,2.9642183502871378,1.521604406718489
2015-12-14,2.9619325521919584,1.5292922861155844
2015-12-15,2.9800055498330846,1.545346233835205
2015-12-16,3.012711392309439,1.5679577003329876
2015-12-17,2.968506844434548,1.5440647833727068
2015-12-18,2.9160999932349436,1.5165573746870307
2015-12-21,2.936975854428905,1.5290676411801476
2015-12-22,2.94002708781376,1.5429427937623634
2015-12-23,2.9585207130570135,1.5620495522539626
2015-12-24,2.949012566692114,1.5594714188379255
2015-12-28,2.9542289817018044,1.5559081137716129
2015-12-29,2.974546814255653,1.572512901302378
2015-12-30,2.9610251686378106,1.5613673836687112
2015-12-31,2.925267959421077,1.5457483167068178
2016-01-04,2.8801921595493103,1.5241395872543846
2016-01-05,2.8974750317051234,1.5267173089814747
2016-01-06,2.8495997612626023,1.5074589117277144
2016-01-07,2.8086357231524492,1.4712925866485158
2016-01-08,2.7764964732144706,1.455142852633883
2016-01-11,2.7979987928753745,1.456583077800291
2016-01-12,2.8049592724953767,1.4683361110901454
2016-01-13,2.7607805615345677,1.4317145952651653
2016-01-14,2.7764874601203045,1.455218054481543
2016-01-15,2.743535983771761,1.4239803322467033
2016-01-19,2.746938568586125,1.4258761598478398
2016-01-20,2.7398528144101486,1.4076036203926003
2016-01-21,2.727416139770628,1.4154888360249784
2016-01-22,2.77601782918716,1.4445281392826046
2016-01-25,2.758849610877061,1.4226918830721054
2016-01-26,2.789726632514249,1.4421017818583777
2016-01-27,2.739901155949939,1.4264066896709302
2016-01-28,2.768842174077102,1.4338374007057721
2016-01-29,2.8248285733320992,1.4687906156876818
2016-02-01,2.8515733253345075,1.4682598114052934
2016-02-02,2.8128689908157933,1.4417985043340553
2016-02-03,2.8082438044713958,1.4504421882365373
2016-02-04,2.810981648065875,1.452716357980007
2016-02-05,2.7515523262129453,1.4250426269597252
2016-02-08,2.7259733703568747,1.405859568783274
2016-02-09,2.726542287160312,1.4059353195495299
2016-02-10,2.721456736538937,1.404722621141188
2016-02-11,2.728408575198877,1.3864496699970015
2016-02-12,2.7685815011580055,1.4150343314274423
2016-02-16,2.8051239578166784,1.438917367852994
2016-02-17,2.824647504333565,1.4624221993658617
2016-02-18,2.8197661020936677,1.456431850727077
2016-02-19,2.827077652112879,1.4557494076825275
2016-02-22,2.8669181188445467,1.4768276073118702
2016-02-23,2.8504614655945457,1.4581756278771054
2016-02-24,2.8686616976354506,1.4648475961825456
2016-02-25,2.892117252935456,1.4825897430443438
2016-02-26,2.8910866164787166,1.479177939510543
2016-02-29,2.880589121515906,1.4675773683607438
2016-03-01,2.939025165615418,1.502075804285819
2016-03-02,2.9397825301918568,1.5088237978168135
2016-03-03,2.948274078956343,1.51473729785215
2016-03-04,2.940874377568506,1.519665489007562
2016-03-07,2.9295415768987656,1.520879422482745
2016-03-08,2.913578254839032,1.5042743604926818
2016-03-09,2.9221300571113553,1.5117052087571727
2016-03-10,2.9281826745536574,1.5129180443951638
2016-03-11,2.9546375906026467,1.5373320223327531
2016-03-14,2.966470486569446,1.5353607184246585
2016-03-15,2.9626209476087406,1.5328588846934736
2016-03-16,2.9760620932798494,1.5417294092057765
2016-03-17,2.972501453709119,1.5515103152096423
2016-03-18,2.957183889584954,1.5576075657450095
2016-03-21,2.960271747606341,1.5598173747830915
2016-03-22,2.9650336088160834,1.5589794505462082
2016-03-23,2.952243890264426,1.5486909320706377
2016-03-24,2.9422328657434424,1.5480050582848626
2016-03-28,2.9471931135022085,1.548919556665896
2016-03-29,2.9835772655919515,1.5632470181712639
2016-03-30,2.9962019435972227,1.570105618799364
2016-03-31,2.992505149028616,1.5662957120537722
2016-04-01,3.0079943110498855,1.5769650428053583
2016-04-04,2.9935485142470983,1.5718588647951746
2016-04-05,2.9747581654148454,1.5561595184886075
2016-04-06,2.983917296462536,1.573154449911521
2016-04-07,2.9497109546827325,1.554330384496892
2016-04-08,2.96152119277688,1.5585215152074465
2016-04-11,2.954043865656398,1.554863933372261
2016-04-12,2.9671309146218823,1.569344131476982
2016-04-13,2.9879368276940217,1.5851958026939552
2016-04-14,2.984835538873551,1.5852719651491582
2016-04-15,2.9812971406568023,1.583518856382997
2016-04-18,2.9807309725832973,1.594646534162292
2016-04-19,2.9844705031747947,1.5996760007986766
2016-04-20,2.978563135679355,1.6012003477399306
2016-04-21,2.938040045332749,1.5925883638863712
2016-04-22,2.9416042184492612,1.5925883638863712
2016-04-25,2.942145534100542,1.5898448687432714
2016-04-26,2.9487840813632045,1.5922072771510576
2016-04-27,2.9232816401929815,1.595484321169526
2016-04-28,2.881719291460567,1.5810038486055067
2016-04-29,2.865790844175098,1.5724684388960972
2016-05-02,2.8874713217150734,1.584967178098697
2016-05-03,2.8945689003478123,1.5711728537797505
2016-05-04,2.8963683067652464,1.5624084077861358
2016-05-05,2.89696611353265,1.5621034835060255
2016-05-06,2.916349428551377,1.567819784535728
2016-05-09,2.933227464240804,1.5691155068817237
2016-05-10,2.9560455407622,1.5886248971635317
2016-05-11,2.9139924420560184,1.573764298471742
2016-05-12,2.906209709457889,1.5742211359733116
2016-05-13,2.8803629862065896,1.5605037974874623
2016-05-16,2.8972786765556067,1.5758979450546209
2016-05-17,2.8594653416475264,1.5611895340435882
2016-05-18,2.8633895612699147,1.5616466460044558
2016-05-19,2.859532751866077,1.5562358181734597
2016-05-20,2.8912467438435385,1.5660668129992157
2016-05-23,2.8945563918640502,1.563933029186688
2016-05-24,2.9361220009174986,1.584205141857719
2016-05-25,2.9550325156785946,1.5949510467534553
2016-05-26,2.960762147586525,1.595408295943972
2016-05-27,2.978128396687532,1.602267308261019
2016-05-31,2.9711932256291917,1.599219026067458
2016-06-01,2.965926267331936,1.6024960700859263
2016-06-02,2.970448364576976,1.6073733490415538
2016-06-03,2.9567366969475137,1.6025722325411293
2016-06-06,2.9560475535711017,1.6107268299745232
2016-06-07,2.9582292360111833,1.6132423866706098
2016-06-08,2.9713669237497764,1.6185004779022527
2016-06-09,2.9731544151685516,1.6162899827159256
2016-06-10,2.95460461251893,1.6009718603743213
2016-06-13,2.937292982066205,1.5886248971635317
2016-06-14,2.9395759792229343,1.5855011386630127
2016-06-15,2.9398801619288815,1.5832906434766858
2016-06-16,2.9463249724227074,1.588015871981205
2016-06-17,2.9266259503308882,1.5821014113383254
2016-06-20,2.939876298902487,1.5922904383183605
2016-06-21,2.949251104019402,1.596810508497603
2016-06-22,2.9550594962082877,1.594205889759306
2016-06-23,2.980562114167156,1.6149662655215309
2016-06-24,2.925676661758121,1.5569745253741052
2016-06-27,2.9101089190787732,1.5290890490053939
2016-06-28,2.9462401080858616,1.5566676798789085
2016-06-29,2.975613554163364,1.5831738610453743
2016-06-30,3.0086425560324073,1.604777924689741
2016-07-01,3.0094330435191945,1.6081480104102412
2016-07-05,3.0175094978559933,1.5965810605244506
2016-07-06,3.0247088250244896,1.6061565337437416
2016-07-07,3.010720833725416,1.6051607954104916
2016-07-08,3.05321455061797,1.6290622206090115
2016-07-11,3.0603658005092433,1.6348077515539543
2016-07-12,3.07083533869431,1.6466820958535375
2016-07-13,3.075013126898013,1.64645196173214
2016-07-14,3.0824007185742497,1.6556451131492764
2016-07-15,3.072972033788539,1.653423227902081
2016-07-18,3.0889717375242407,1.6578661750185775
2016-07-19,3.0975723300559013,1.6561809949286783
2016-07-20,3.1405008649406523,1.6630755497248202
2016-07-21,3.1254140472289387,1.6567944114597735
2016-07-22,3.1448960938389336,1.6642245735760195
2016-07-25,3.1458651780581817,1.6597053267746709
2016-07-26,3.1419873888555547,1.6604709309865233
2016-07-27,3.1554891877558178,1.6587094512117722
2016-07-28,3.196970278697524,1.6606247654230688
2016-07-29,3.1961841492580416,1.6633055466165687
2016-08-01,3.204729972698159,1.661926937562568
2016-08-02,3.169566202715902,1.6512784657176323
2016-08-03,3.1719951474263333,1.6561042835548792
2016-08-04,3.17684507787102,1.6578661750185775
2016-08-05,3.199268415230052,1.671426248326656
2016-08-08,3.1933000911771163,1.6704307844527042
2016-08-09,3.197625771924374,1.671426248326656
2016-08-10,3.1811397341763614,1.6672891860978132
2016-08-11,3.17392842528949,1.6750268798575008
2016-08-12,3.174373071883656,1.673571147740754
2016-08-15,3.184907932345788,1.678397240037299
2016-08-16,3.182446522822288,1.6697406565478097
2016-08-17,3.1987983346549473,1.6728819804434027
2016-08-18,3.1914488475217744,1.6766353485736007
2016-08-19,3.1878816227278195,1.674183878123604
2016-08-22,3.1886863532875163,1.6741071667498049
2016-08-23,3.1887507031836693,1.6774784875371465
2016-08-24,3.1821671331824253,1.6688983409621583
2016-08-25,3.1935848858500213,1.667749042651661
2016-08-26,3.18112216413177,1.6646079932153661
2016-08-29,3.19410627883108,1.6728049946103056
2016-08-30,3.176393030784827,1.6700473648133574
2016-08-31,3.181338419589064,1.6652975722016645
2016-09-01,3.190328963669505,1.6653740091161655
2016-09-02,3.202489875802172,1.6728819804434027
2016-09-06,3.211559294715811,1.6779375207131002
2016-09-07,3.2250690413636898,1.6777845096544488
2016-09-08,3.195230814160069,1.6739542929208027
2016-09-09,3.128018986780499,1.6338884501352056
2016-09-12,3.1665420403277595,1.6573302932391756
2016-09-13,3.1401010103022036,1.6335054421848059
2016-09-14,3.1560571406065363,1.6328921628833597
2016-09-15,3.185930623733763,1.6492095915290883
2016-09-16,3.1751259375913157,1.6428345881841155
2016-09-19,3.1705953470130255,1.6431426687461532
2016-09-20,3.1693786756322537,1.6432195173496014
2016-09-21,3.1925757205372567,1.661698450196959
2016-09-22,3.21980361131525,1.672169621335368
2016-09-23,3.2053246484386926,1.663007483818909
2016-09-26,3.194083719291298,1.6495333162711137
2016-09-27,3.2039983173908704,1.6597738043695291
2016-09-28,3.2150432080534896,1.668012111888822
2016-09-29,3.1765715075383403,1.6529212418459858
2016-09-30,3.1973395235362108,1.6653947307931667
2016-10-03,3.177008573169482,1.661390095175623
2016-10-04,3.1587351453602763,1.6529212418459858
2016-10-05,3.1533321432947754,1.6602358565977613
2016-10-06,3.1784569115336825,1.661390095175623
2016-10-07,3.172180412714038,1.6556934179857294
2016-10-10,3.2040173350696874,1.6643163802112102
2016-10-11,3.173476501142303,1.6432966404123477
2016-10-12,3.180834131627241,1.6454526554280158
2016-10-13,3.1733446844828945,1.6400628237333188
2016-10-14,3.1726242339672472,1.640909805127037
2016-10-17,3.1641622331572297,1.6352125790185472
2016-10-18,3.1787805391675517,1.6454526554280158
2016-10-19,3.1879086976799726,1.6498415340628003
2016-10-20,3.160442565075232,1.646761277361019
2016-10-21,3.1687093968953532,1.6475315473809378
2016-10-24,3.1961485392801094,1.6545378071113777
2016-10-25,3.1878371777629892,1.6489942782097844
2016-10-26,3.143698831891678,1.6456834756976584
2016-10-27,3.0787089554572145,1.6412947342925228
2016-10-28,3.0836179742445857,1.6364446268074002
2016-10-31,3.079256268214998,1.6365213381811994
2016-11-01,3.045329428936409,1.6246638731284448
2016-11-02,3.029634847482011,1.6148854372582615
2016-11-03,3.019864311566783,1.6074943855919848
2016-11-04,3.01477778933039,1.6057230252825043
2016-11-07,3.065730737694314,1.6411408998559776
2016-11-08,3.0778731785451643,1.6485319515222543
2016-11-09,3.067379002198261,1.6660103429986461
2016-11-10,3.0442036442680656,1.6701674407562452
2016-11-11,3.0524700653690986,1.666317737412439
2016-11-14,3.0551634025585996,1.667626908264038
2016-11-15,3.080024589745547,1.6806390235836013
2016-11-16,3.0919520270802248,1.6774827416562659
2016-11-17,3.1094940395471196,1.6861057038817464
2016-11-18,3.1078604870165454,1.6823327119117393
2016-11-21,3.1396532184086876,1.6950368838989138
2016-11-22,3.1616827399478997,1.6983475491813909
2016-11-23,3.159046066674554,1.6992716536378552
2016-11-25,3.1709189769694412,1.7055855897890162
2016-11-28,3.1643789349887035,1.6975781025393661
2016-11-29,3.1689218753793624,1.700889042281141
2016-11-30,3.133530651138486,1.696807969749096
2016-12-01,3.093938606895274,1.6905712938903301
2016-12-02,3.110491619811813,1.6914182752840483
2016-12-05,3.133620051005962,1.7015819147790157
2016-12-06,3.134519617417871,1.7069710603254675
2016-12-07,3.188860228442094,1.7292995592869822
2016-12-08,3.1857811762976755,1.7335340545666253
2016-12-09,3.1972622349983286,1.7440061863125775
2016-12-12,3.2023514799568487,1.7420041429631037
2016-12-13,3.2197689108586935,1.7536298271386725
2016-12-14,3.1982296405479316,1.7391549809902629
2016-12-15,3.211243504702353,1.7463156240758442
2016-12-16,3.2143175572927962,1.742899840882222
2016-12-19,3.2338584514861974,1.7466950640553693
2016-12-20,3.2381760011825462,1.7534329025923368
2016-12-21,3.229610937721355,1.74855411411057
2016-12-22,3.2259914173714255,1.745533689535759
2016-12-23,3.2149558229145327,1.7480890428300595
2016-12-27,3.228032688502905,1.7524263231168147
2016-12-28,3.207198972434185,1.737943517648762
2016-12-29,3.2075763507163595,1.7375559811199448
2016-12-30,3.1937889353263507,1.7312054046524967
2017-01-03,3.2145734848638052,1.7444497125381928
2017-01-04,3.2286407534543518,1.754827018596676
2017-01-05,3.238701486536858,1.7534329025923368
2017-01-06,3.254647508071185,1.7597063559970385
2017-01-09,3.2469557915336016,1.7538976994135491
2017-01-10,3.2444252971637395,1.7538976994135491
2017-01-11,3.2467850205175726,1.7588548460249032
2017-01-12,3.2377817577987233,1.7544400309864547
2017-01-13,3.243196720808295,1.7584673094960859
2017-01-17,3.240702323182747,1.7522715280727261
2017-01-18,3.2559263961586518,1.7561437370789708
2017-01-19,3.235841356612874,1.7496382283377854
2017-01-20,3.246004319358331,1.7560666140162247
2017-01-23,3.245693612851959,1.751496866704039
2017-01-24,3.2682347598093533,1.7627271922607968
2017-01-25,3.2892835748800637,1.7779843846382386
2017-01-26,3.2754667203403396,1.776125609042336
2017-01-27,3.2735326554562327,1.7733372398040086
2017-01-30,3.2475601228188125,1.7623396557319795
2017-01-31,3.248049197671914,1.7621849979175401
2017-02-01,3.2669326832449777,1.7628818500752361
2017-02-02,3.2775661459385965,1.7640434990541447
2017-02-03,3.2864457401123235,1.7762031437940293
2017-02-06,3.276764018362441,1.7730272380268846
2017-02-07,3.2856713156867863,1.773105321697174
2017-02-08,3.2978766615238655,1.775428207966044
2017-02-09,3.3234125582900953,1.7859619558244038
2017-02-10,3.3245982775062006,1.7930095216791968
2017-02-13,3.32568030865301,1.8027676475613261
2017-02-14,3.3304494731431875,1.809970282919506
2017-02-15,3.340851869242496,1.8194193676320545
2017-02-16,3.34133219567525,1.8178704565836268
2017-02-17,3.3434301559842807,1.8207358116550514
2017-02-21,3.371661863442646,1.831578600682992
2017-02-22,3.370318157478485,1.829952154882871
2017-02-23,3.3599933400346034,1.8311913386134728
2017-02-24,3.3685486380191927,1.8335149110305877
2017-02-27,3.3708099857158778,1.8363804033316615
2017-02-28,3.362852994503791,1.8314239428685526
2017-03-01,3.390967173883986,1.8570596763713187
2017-03-02,3.376611776632675,1.8453646912229975
2017-03-03,3.376257054678053,1.846526065742608
2017-03-06,3.3651303062928957,1.8410274109362423
2017-03-07,3.358655342400123,1.8355283444409298
2017-03-08,3.3551805781369852,1.8321207950262486
2017-03-09,3.348683341410428,1.8344436812951186
2017-03-10,3.371796386554494,1.840872478662505
2017-03-13,3.385493309092188,1.8418019350752808
2017-03-14,3.3809734371349625,1.8347542319908385
2017-03-15,3.404721945280582,1.8506308790039323
2017-03-16,3.4137737850464442,1.8469908625638203
2017-03-17,3.4317292262206673,1.8437470281204136
2017-03-20,3.43294685653376,1.8417248120125345
2017-03-21,3.408494841557887,1.8180782222722347
2017-03-22,3.4185481536733238,1.8223564938099137
2017-03-23,3.417393367537133,1.82041153799443
2017-03-24,3.4229248148723395,1.8190890558668762
2017-03-27,3.421800378801712,1.81722245818098
2017-03-28,3.446175273309736,1.8304453582414295
2017-03-29,3.4649843004408907,1.8321574353425354
2017-03-30,3.471474415364367,1.8379910677221456
2017-03-31,3.466254132638392,1.8337130706437648
2017-04-03,3.452920639645263,1.8305235791413679
2017-04-04,3.4486580930075994,1.8316911289951838
2017-04-05,3.434446078219021,1.826245033144391
2017-04-06,3.4290046078636776,1.8313794804622718
2017-04-07,3.423152614472481,1.8295120593984813
2017-04-10,3.431948815737896,1.830601388352359
2017-04-11,3.422978858387304,1.8284232793631996
2017-04-12,3.4179514869421235,1.82041153799443
2017-04-13,3.4096157024232263,1.80858824312428
2017-04-17,3.442772347811687,1.8246118630914683
2017-04-18,3.446163915837421,1.8191667278482184
2017-04-19,3.482641942455779,1.815822304072084
2017-04-20,3.5099400225743307,1.830601388352359
2017-04-21,3.509958388822099,1.824768030432047
2017-04-24,3.5382092120924185,1.8448363570742914
2017-04-25,3.5516822371038868,1.8555707346795105
2017-04-26,3.5238499489211113,1.8544035965146415
2017-04-27,3.5190468738652823,1.8559595062751688
2017-04-28,3.50289675214352,1.8519146623704639
2017-05-01,3.5330180101951516,1.856581705503801
2017-05-02,3.548951699854122,1.8572819884027223
2017-05-03,3.5413812301862144,1.8550262074322206
2017-05-04,3.5481221045325273,1.85720431642138
2017-05-05,3.5621001542109614,1.8645161865801754
2017-05-08,3.561860014535394,1.8642048125065613
2017-05-09,3.5734701978266297,1.8624936960129983
2017-05-10,3.5736255149290446,1.865837845329835
2017-05-11,3.581050611723435,1.8620271152063488
2017-05-12,3.5787906492834893,1.858915295685294
2017-05-15,3.5951939028564133,1.8691828180245655
2017-05-16,3.5932753835494564,1.8674714270717045
2017-05-17,3.515741040874028,1.834334995413099
2017-05-18,3.548371864118107,1.8417248120125345
2017-05-19,3.574117644369908,1.853703862534316
2017-05-22,3.5784627516805636,1.8631156207823325
2017-05-23,3.5696317211386805,1.8672386855869758
2017-05-24,3.587730486137204,1.8715940801874007
2017-05-25,3.615994676274742,1.8805398065473637
2017-05-26,3.618162924834391,1.8801504860331093
2017-05-30,3.613394912602364,1.8785171787505377
2017-05-31,3.593891643986917,1.8780505979438882
2017-06-01,3.6178397541089264,1.8929855751054439
2017-06-02,3.639558673438625,1.8992856510620546
2017-06-05,3.6236681260841763,1.8978861831014038
2017-06-06,3.61180494565254,1.8918185741702238
2017-06-07,3.6266977593339895,1.8953190280572878
2017-06-08,3.61641578659928,1.896252464129885
2017-06-09,3.555908634359521,1.8933744839307511
2017-06-12,3.5492042843215024,1.8929855751054439
2017-06-13,3.5661139095854946,1.9022417149314779
2017-06-14,3.550126586006847,1.8998305899982915
2017-06-15,3.5231689078970305,1.8961743804595959
2017-06-16,3.508910982579551,1.8965889512292688
2017-06-19,3.554850850416024,1.9123781829559403
2017-06-20,3.5199254145971848,1.8994809288526022
2017-06-21,3.5151235712479254,1.8990120151419194
2017-06-22,3.49937860696262,1.8981524086204922
2017-06-23,3.5149634688397113,1.900418756273968
2017-06-26,3.5060592563606154,1.901669467295087
2017-06-27,3.4520860614404825,1.8863488748198003
2017-06-28,3.4817087953513473,1.9032327874566612
2017-06-29,3.4255420871639477,1.886505316619677
2017-06-30,3.4227984500290125,1.8900230614425169
2017-07-03,3.4191125401794187,1.8932279226656037
2017-07-05,3.3647806463501904,1.897605136780222
2017-07-06,3.34262288112797,1.8802523104326783
2017-07-07,3.376142240632482,1.8924462625848164
2017-07-10,3.3927496580713017,1.8944780847681264
2017-07-11,3.3957660231672455,1.893071343636078
2017-07-12,3.4201097541545638,1.9072973924308243
2017-07-13,3.4456706799131007,1.910502116424262
2017-07-14,3.4701725287330527,1.919412986453375
2017-07-17,3.4716301625992285,1.9191785982128582
2017-07-18,3.481573420933992,1.9201947837638114
2017-07-19,3.5088401321610774,1.9305904785952623
2017-07-20,3.506474142648795,1.9314500851166898
2017-07-21,3.5370390357120685,1.929730597614537
2017-07-24,3.5399327244846166,1.929261683903854
2017-07-25,3.5385274526369965,1.9339519188478747
2017-07-26,3.558396982517722,1.934029590829217
2017-07-27,3.5503867228573984,1.9322318824271258
2017-07-28,3.5134535286880184,1.929965260314352
2017-07-31,3.4962183116292964,1.9288711283227586
2017-08-01,3.5059853621296626,1.9331699843077896
2017-08-02,3.5009955072726386,1.9341076744995063
2017-08-03,3.477538793071807,1.9303559531250964
2017-08-04,3.501853382750357,1.9338736979479365
2017-08-07,3.5383894872492316,1.9374688402928206
2017-08-08,3.5251548818542235,1.9327009333674579
2017-08-09,3.525786840051434,1.9326225752378705
2017-08-10,3.4442769684821615,1.9053429677695586
2017-08-11,3.470495643295131,1.9081568617226026
2017-08-14,3.513552816286855,1.9270730082317205
2017-08-15,3.5158621903676073,1.9268384827615546
2017-08-16,3.535704513709435,1.930199648554869
2017-08-17,3.4836059196643454,1.9001061471335128
2017-08-18,3.47810406407452,1.897136360299188
2017-08-21,3.471532109273319,1.8986206361829299
2017-08-22,3.5155938304295113,1.9184751590320095
2017-08-23,3.5001970568766883,1.9115963856455043
2017-08-24,3.478068316396242,1.9071413623198947
2017-08-25,3.490560351833486,1.9115963856455043
2017-08-28,3.492631595104363,1.9116747437750916
2017-08-29,3.499526403023287,1.9138628705286291
2017-08-30,3.5265243218061038,1.922930182357619
2017-08-31,3.5336729853880913,1.9344986417695489
2017-09-01,3.5426229403805665,1.9372344520523037
2017-09-05,3.521785262079653,1.9233212868573106
2017-09-06,3.5374459321920444,1.9298870394144136
2017-09-07,3.555186319966648,1.9296521022553006
2017-09-08,3.5225791041171077,1.9273856173721757
2017-09-11,3.55028646211954,1.9479428932538592
2017-09-12,3.5523666255742627,1.954509057499909
2017-09-13,3.5653732433837373,1.9554468849212747
2017-09-14,3.567570878720955,1.9548215294107154
2017-09-15,3.5753919773720444,1.95745290793057
2017-09-18,3.5758550489892054,1.9616161810223747
2017-09-19,3.558442805645193,1.9635800745294223
2017-09-20,3.538104857353905,1.9642872189107945
2017-09-21,3.5135078082559335,1.959024461871085
2017-09-22,3.5282358808366374,1.9594169386672668
2017-09-25,3.50864834003879,1.9554105190642859
2017-09-26,3.526426456658609,1.9565890472900231
2017-09-27,3.5632937390159762,1.9642087235515582
2017-09-28,3.5774249395580586,1.9665653683140858
2017-09-29,3.593346692965373,1.9734776257349504
2017-10-02,3.589464554036908,1.9820403441445138
2017-10-03,3.587078353711555,1.9862817009066076
2017-10-04,3.593307860228315,1.9886386201284332
2017-10-05,3.609424478286077,2.0004214322521237
2017-10-06,3.616710826364048,1.9981436945377797
2017-10-09,3.61379415922721,1.994844419316171
2017-10-10,3.6237383109970644,2.0001071763558804
2017-10-11,3.642021306409066,2.0032491863997186
2017-10-12,3.642886646699275,2.0002645787633
2017-10-13,3.665965763851914,2.002699581655415
2017-10-16,3.678628522087854,2.005370345084537
2017-10-17,3.6980892362676725,2.006784084928685
2017-10-18,3.708959662523884,2.008748115665382
2017-10-19,3.688709162888936,2.0092977204096854
2017-10-20,3.6993630504834183,2.0196666554595786
2017-10-23,3.697883361177103,2.0118116303499836
2017-10-24,3.69033601225663,2.0153462544196525
2017-10-25,3.6421565890045104,2.005370345084537
2017-10-26,3.682822629655075,2.0079626131544224
2017-10-27,3.7414220035933097,2.024379944984634
2017-10-30,3.7321064312896053,2.016838901311984
2017-10-31,3.7408464751826305,2.0199809113558223
2017-11-01,3.716340545494157,2.022651949244242
2017-11-02,3.7446539563499233,2.0234377262144996
2017-11-03,3.7613309076207986,2.0301925812279444
2017-11-06,3.7592023811192234,2.0333352774200275
2017-11-07,3.8003430778059686,2.0319212631165815
2017-11-08,3.827560597793234,2.035377117367716
2017-11-09,3.829064055131242,2.027993476102486
2017-11-10,3.8481502798048863,2.027365101539648
2017-11-13,3.853597644864189,2.0292506369171086
2017-11-14,3.848868706148189,2.0245369357031064
2017-11-15,3.8268452809171074,2.0144043101088163
2017-11-16,3.8704704303805015,2.031528100172155
2017-11-17,3.8461112314086354,2.0255579242917747
2017-11-20,3.85555741473838,2.0290147391504525
2017-11-21,3.8890379001848387,2.0422899237071768
2017-11-22,3.887770560473123,2.0404832953778995
2017-11-24,3.8936707906832964,2.0451960359843584
2017-11-27,3.868649866372861,2.044175459084637
2017-11-28,3.891337400993533,2.0649129174954766
2017-11-29,3.821621121519304,2.063656442829099
2017-11-30,3.82662949011617,2.0817236867294127
2017-12-01,3.795561645841241,2.0774030112301882
2017-12-04,3.7987272496188074,2.074889512978837
2017-12-05,3.7984936107661773,2.067426415746828
2017-12-06,3.8126997967151994,2.0678194414616056
2017-12-07,3.8362411238302565,2.0743396337752356
2017-12-08,3.8495812273877297,2.085651062054561
2017-12-11,3.843561742578253,2.0919354938311843
2017-12-12,3.8391044085791264,2.0956271086193254
2017-12-13,3.842033112481705,2.0953913480823187
2017-12-14,3.836478856661663,2.0868295902802982
2017-12-15,3.861311885736785,2.1042076668832608
2017-12-18,3.902573806466613,2.1175505056569492
2017-12-19,3.8681658944132127,2.1094182766563447
2017-12-20,3.8663951387833237,2.108313029063181
2017-12-21,3.850219446577204,2.112655112387652
2017-12-22,3.8607787893578656,2.112102625820719
2017-12-26,3.8404078974125646,2.1095766396713076
2017-12-27,3.840553916766687,2.1106024312976914
2017-12-28,3.8448543383392817,2.11494478908146
2017-12-29,3.825861259969859,2.1069703741772225
2018-01-02,3.8785991001778104,2.1220505403074355
2018-01-03,3.9078208076231533,2.1354729722775523
2018-01-04,3.9067080955078515,2.1444737277267705
2018-01-05,3.941866740956836,2.1587648233751495
2018-01-08,3.954752480930991,2.162711959769756
2018-01-09,3.936526427120295,2.1676070785797554
2018-01-10,3.9018450119594177,2.164291198570616
2018-01-11,3.8966456596459063,2.1800819398234266
2018-01-12,3.9042793522573613,2.1942931678160793
2018-01-16,3.8981605377669157,2.186793567497432
2018-01-17,3.9972752670108984,2.20763710442696
2018-01-18,3.995009149401472,2.2039266891769036
2018-01-19,4.024102629816794,2.2139541968600485
2018-01-22,4.049103166928617,2.231955296069537
2018-01-23,4.101761652717743,2.2366919146349247
2018-01-24,4.06093121852505,2.2358235254159604
2018-01-25,3.997651947622183,2.236770958912757
2018-01-26,4.023331958292852,2.262668114896896
2018-01-29,4.0423206926220505,2.2476667185852173
2018-01-30,3.993084526584183,2.2246113141728725
2018-01-31,4.006948876176963,2.2257166989956847
2018-02-01,3.972903726542463,2.2231913989945182
2018-02-02,3.847367106162249,2.17479228577251
2018-02-05,3.7365290589608056,2.083837160553886
2018-02-06,3.818746515833078,2.1248929780274746
2018-02-07,3.7442514922604824,2.1133666481177924
2018-02-08,3.641249772703577,2.0340953924459195
2018-02-09,3.6955577633520287,2.0646506716362096
2018-02-12,3.7539581506880597,2.0949693669115987
2018-02-13,3.7514516582159407,2.1001805256032786
2018-02-14,3.8255973736947255,2.128524897918295
2018-02-15,3.8839329421626037,2.155685252821613
2018-02-16,3.897640566029978,2.156316234747782
2018-02-20,3.920758965122338,2.142815993566674
2018-02-21,3.8798993572619307,2.132156680579466
2018-02-22,3.882495990069869,2.1349202112513215
2018-02-23,3.944320090882242,2.168949596236065
2018-02-26,3.992599437305398,2.1941349420307654
2018-02-27,3.9216155373394357,2.16673882659044
2018-02-28,3.9236668935946013,2.1447899048381
2018-03-01,3.882564410196908,2.1136024086547995
2018-03-02,3.9065594982956395,2.1244978938679617
2018-03-05,3.9424621637584094,2.149052943884738
2018-03-06,3.986222026140569,2.1545008237209684
2018-03-07,3.992084928807496,2.153711478779836
2018-03-08,4.014493003751595,2.1641335217038984
2018-03-09,4.1094334134633,2.201794689349813
2018-03-12,4.131083781583017,2.199031433137255
2018-03-13,4.10123528848271,2.18481910730741
2018-03-14,4.097694574216223,2.1736077194422165
2018-03-15,4.094578929722169,2.1712398218484696
2018-03-16,4.088518650349053,2.173593722018017
2018-03-19,4.031592035474721,2.1441841731673494
2018-03-20,4.031578549845832,2.147830776630614
2018-03-21,4.032272358815742,2.143708260744567
2018-03-22,3.953316197785758,2.0901220040194564
2018-03-23,3.860887597170004,2.0455717707633605
2018-03-26,3.975617425401762,2.101537040683788
2018-03-27,3.8654746140344303,2.0657862469818054
2018-03-28,3.8560480163741797,2.0596822721936365
2018-03-29,3.9063172502185366,2.0859998998223563
2018-04-02,3.825599860009323,2.040974165832425
2018-04-03,3.867096021336025,2.0671331559868835
2018-04-04,3.9255512053222286,2.089250046829618
2018-04-05,3.910349726389086,2.1057381891587204
2018-04-06,3.843652210467435,2.0588099033148506
2018-04-09,3.8584353259068607,2.0689568007926384
2018-04-10,3.922275792270864,2.1018537667137136
2018-04-11,3.9122185573068693,2.090835186505385
2018-04-12,3.9347368335566473,2.108036511320417
2018-04-13,3.920128986206707,2.1018537667137136
2018-04-16,3.9347027281828777,2.1191345474955248
2018-04-17,3.998641838604737,2.141806395038874
2018-04-18,3.96189010244644,2.1433918091739392
2018-04-19,3.8855158399551053,2.131501134546123
2018-04-20,3.8446506831769227,2.113427303622657
2018-04-23,3.832301862446683,2.1131101659037843
2018-04-24,3.7742610668392707,2.084652441898682
2018-04-25,3.7861742712714705,2.0898045918412858
2018-04-26,3.8997486786047997,2.111049799953479
2018-04-27,3.9032737872250785,2.113030709937005
2018-04-30,3.8853855296481985,2.096780523819293
2018-05-01,3.9429482666536635,2.1005067204789865
2018-05-02,3.9547583329327045,2.0863960818190614
2018-05-03,3.954661479754413,2.0817986141177744
2018-05-04,4.028290835803902,2.1087498310359947
2018-05-07,4.039521755531645,2.1158845377179123
2018-05-08,4.047175431248795,2.1158845377179123
2018-05-09,4.0876453560797374,2.1363364212291525
2018-05-10,4.119406497249329,2.1563125295472587
2018-05-11,4.108417346833144,2.162892005069263
2018-05-14,4.114189301413493,2.163923148651959
2018-05-15,4.069433930895523,2.1490197343096766
2018-05-16,4.09777595605614,2.1580567183862343
2018-05-17,4.077098788633367,2.1562334852694263
2018-05-18,4.037945145384373,2.1508425557375372
2018-05-21,4.07893461826179,2.1670138348070656
2018-05-22,4.071593082319826,2.160989590444974
2018-05-23,4.09834142862233,2.166934516069935
2018-05-24,4.090265446082086,2.162495685842909
2018-05-25,4.080664224965902,2.157342712522411
2018-05-29,4.069167235279047,2.13253214089917
2018-05-30,4.102321685659962,2.160989590444974
2018-05-31,4.079250692907229,2.147751732352782
2018-06-01,4.139032844885906,2.168837067923873
2018-06-04,4.183821000435414,2.179142465646273
2018-06-05,4.182448664702926,2.180727330862742
2018-06-06,4.186736015484285,2.1989597992604693
2018-06-07,4.136795572493991,2.198721843049078
2018-06-08,4.132870115018148,2.205221862604303
2018-06-11,4.124854500761459,2.208155695270586
2018-06-12,4.153170535712296,2.2110091113625465
2018-06-13,4.109087693435351,2.2039539978770573
2018-06-14,4.112767661617028,2.209503015964611
2018-06-15,4.096933422613643,2.2066840445145535
2018-06-18,4.08962472680321,2.2021457227919923
2018-06-19,4.070610441058479,2.193705001540403
2018-06-20,4.0936641600889185,2.1974473912986796
2018-06-21,4.100687656453128,2.183672141900946
2018-06-22,4.100911122411066,2.1876538601671047
2018-06-25,4.040367739038391,2.1578739284937467
2018-06-26,4.0557480696635855,2.1626506181166465
2018-06-27,4.007427573231768,2.144734875748845
2018-06-28,4.0226041235028225,2.1569975799551395
2018-06-29,4.033154715454816,2.1601021263047966
2018-07-02,4.054293453144185,2.16472100183133
2018-07-03,4.015013594525882,2.157077035921919
2018-07-05,4.060419946292467,2.1746746799633048
2018-07-06,4.094490319071637,2.193067981509677
2018-07-09,4.136310595605315,2.2128153280028764
2018-07-10,4.175450980833064,2.22077780392765
2018-07-11,4.1742276916852745,2.204534616522038
2018-07-12,4.234122359061456,2.2245211542934697
2018-07-13,4.222225353947131,2.226272341844545
2018-07-16,4.222230426209044,2.2242818257855883
2018-07-17,4.257298353186771,2.2332791504935807
2018-07-18,4.262149781610167,2.237976795838648
2018-07-19,4.268039297302287,2.2295362118167077
2018-07-20,4.254101711873304,2.226989229530997
2018-07-23,4.251819255296203,2.2311298597307143
2018-07-24,4.260882813983204,2.2423562056276505
2018-07-25,4.2881603854600625,2.2614672182383693
2018-07-26,4.317787063841006,2.256132690092225
2018-07-27,4.3171682977070835,2.240844758273404
2018-07-30,4.291529971149521,2.229138794753162
2018-07-31,4.311138861495204,2.2401273216683557
2018-08-01,4.3465831479842665,2.236385069139728
2018-08-02,4.3989626771898696,2.2485673567717
2018-08-03,4.4187030960362925,2.258203211036557
2018-08-06,4.426041854820813,2.2664837852877464
2018-08-07,4.426358588439722,2.2739682903450023
2018-08-08,4.448853116131061,2.2730124858396157
2018-08-09,4.4401978851194785,2.2699079394899586
2018-08-10,4.3979340152179605,2.2546989147193206
2018-08-13,4.3912908468450995,2.2462577817787843
2018-08-14,4.419557892624318,2.260590458010815
2018-08-15,4.396364496402514,2.2437105250337757
2018-08-16,4.405073829327655,2.2618653214501605
2018-08-17,4.412438099979451,2.269827660145285
2018-08-20,4.423309441969467,2.2746857269500507
2018-08-21,4.4224764848127815,2.2800197061775984
2018-08-22,4.421172268421922,2.278666896297613
2018-08-23,4.4229750560949705,2.2756413942257883
2018-08-24,4.442117522922977,2.289336227049199
2018-08-27,4.474436706749633,2.3074117047284535
2018-08-28,4.4729524030469925,2.308526558397048
2018-08-29,4.4941595853471075,2.3209480373072524
2018-08-30,4.4807359361368935,2.3115527466171177
2018-08-31,4.479797023732799,2.31163179089495
2018-09-04,4.460971695287598,2.307650484317739
2018-09-05,4.442255177380273,2.3014382353364975
2018-09-06,4.37509898052628,2.294512803869327
2018-09-07,4.352791935402823,2.290053526424598
2018-09-10,4.346732002176038,2.294034833001809
2018-09-11,4.38025784322094,2.3015997546333877
2018-09-12,4.331719819450376,2.302156083630493
2018-09-13,4.3742938501459365,2.315772558324316
2018-09-14,4.349296052170263,2.3161702498471604
2018-09-17,4.305182119040165,2.303908231789111
2018-09-18,4.323846600468532,2.316409578355042
2018-09-19,4.324404352163178,2.318877241903622
2018-09-20,4.362047618477897,2.337669744498978
2018-09-21,4.332951322388636,2.335533627782417
2018-09-24,4.326408197505548,2.3277760357236223
2018-09-25,4.335074375714201,2.3256157665888346
2018-09-26,4.31051569837319,2.318656576628007
2018-09-27,4.348175825791172,2.3251357372765815
2018-09-28,4.364360768207427,2.3253758891623573
2018-10-01,4.354184070977518,2.333454598599846
2018-10-02,4.359314599651502,2.3320952016967076
2018-10-03,4.368090851668866,2.3333744564848216
2018-10-04,4.295585908497447,2.3151371850493785
2018-10-05,4.270644645769039,2.302179824359772
2018-10-08,4.269701506786427,2.302179824359772
2018-10-09,4.268397191578372,2.298819893633299
2018-10-10,4.121062300516205,2.2260317782698222
2018-10-11,4.0732140559359795,2.177000173595506
2018-10-12,4.164982277205774,2.207234884325698
2018-10-15,4.136775469477693,2.194836734455826
2018-10-16,4.214927234141649,2.242829098998155
2018-10-17,4.1917092441754775,2.2432289861953834
2018-10-18,4.140481173271982,2.210834143560053
2018-10-19,4.168120976299907,2.209635168116612
2018-10-22,4.168344428392853,2.199716620774785
2018-10-23,4.181551462797005,2.1885181324965983
2018-10-24,4.034812685712774,2.1222090405520473
2018-10-25,4.136093998808092,2.160282857752549
2018-10-26,4.078639870646418,2.122288633748476
2018-10-29,4.002207603721721,2.110530660191257
2018-10-30,4.088287269503927,2.1418057088906286
2018-10-31,4.132606927607713,2.1646820286110096
2018-11-01,4.191015514412191,2.1877184953317905
2018-11-02,4.174060865242019,2.174760860182886
2018-11-05,4.145781896816323,2.1867585739369333
2018-11-06,4.192504608899603,2.2005961255953195
2018-11-07,4.2552194556445215,2.2477085736281666
2018-11-08,4.241353777821474,2.243628598933314
2018-11-09,4.220024656091876,2.221712475067088
2018-11-12,4.127737489106083,2.1801998200919304
2018-11-13,4.167985507686207,2.1761205315453225
2018-11-14,4.152682553511172,2.1612430536067038
2018-11-15,4.162194544410516,2.1837988048669867
2018-11-16,4.0925815919935085,2.1894783283507535
2018-11-19,3.9945220041524037,2.1524438885118884
2018-11-20,3.972106049097555,2.11261078721102
2018-11-21,3.9977859735610646,2.1198094429093786
2018-11-23,3.989633423794194,2.1056515972501924
2018-11-26,4.044401695817168,2.1396459886744372
2018-11-27,4.0476120223107,2.14684533052104
2018-11-28,4.15192509375197,2.1962766851629363
2018-11-29,4.135208887461804,2.191477627107247
2018-11-30,4.171337137539113,2.20483514945338
2018-12-03,4.21502412758923,2.2340307572812335
2018-12-04,4.072449365395229,2.1616425291149852
2018-12-06,4.08811890253813,2.1583628777331856
2018-12-07,3.983943806857496,2.1082117535822085
2018-12-10,4.006569576941968,2.1122107627841427
2018-12-11,4.013513545938142,2.1126907920963958
2018-12-12,4.018658735321267,2.1233292461769535
2018-12-13,4.037768892540224,2.122609202208574
2018-12-14,3.9801828947603384,2.0834155910721135
2018-12-17,3.8957060270714012,2.0425425634910126
2018-12-18,3.9347281417800697,2.0403027011597965
2018-12-19,3.856593010112908,2.0097476964288044
2018-12-20,3.7958516370240445,1.9770332459409186
2018-12-21,3.7338597341118054,1.9365244258483023
2018-12-24,3.674746683076043,1.8853561555388287
2018-12-26,3.8339474620730187,1.9806131557947622
2018-12-27,3.847180193623528,1.9958197104317177
2018-12-28,3.8569424434952504,1.9932444588383098
2018-12-31,3.8689630805686384,2.010703226474893
2019-01-02,3.875465845741298,2.0127947435555242
2019-01-03,3.815362860718718,1.9647639547114712
2019-01-04,3.916232057054793,2.030575451948695
2019-01-07,3.953046652383692,2.04658562341028
2019-01-08,3.960919953235214,2.0658141046005554
2019-01-09,4.004285701323608,2.0754680731790827
2019-01-10,4.021431828276341,2.082789823872607
2019-01-11,4.006961100162352,2.0835942640751304
2019-01-14,3.9823095415111642,2.0708828189165582
2019-01-15,4.031033924194902,2.094616686713631
2019-01-16,4.029301232960871,2.099685538259283
2019-01-17,4.07139260685598,2.1156151559168963
2019-01-18,4.121543681973033,2.1437735820574977
2019-01-22,4.0335935133825735,2.114810304025426
2019-01-23,4.042493714228812,2.1192358229764974
2019-01-24,4.141968064704579,2.120361517787364
2019-01-25,4.192837457033523,2.1383023731809354
2019-01-28,4.120701952709533,2.1220516381446277
2019-01-29,4.10019921364293,2.1192358229764974
2019-01-30,4.176267954061637,2.152784355271094
2019-01-31,4.210330252354183,2.171691307393728
2019-02-01,4.213363705934732,2.172738095156411
2019-02-04,4.263755058991509,2.1880230079229537
2019-02-05,4.280917382264791,2.1971951632037907
2019-02-06,4.261369493741651,2.194298245313093
2019-02-07,4.255006175098157,2.173380741602746
2019-02-08,4.245679339439957,2.1760354491629332
2019-02-11,4.264175981706145,2.1772419722370695
2019-02-12,4.32344800407141,2.2052405258365693
2019-02-13,4.341973757475372,2.2124008944628524
2019-02-14,4.354978015029768,2.2074936994437397
2019-02-15,4.363669637740343,2.231548959078805
2019-02-19,4.362343357249147,2.2354097780241813
2019-02-20,4.360788117719762,2.2399161252385222
2019-02-21,4.332913543215649,2.2319518653283117
2019-02-22,4.362236150152734,2.2457894169866974
2019-02-25,4.341640709529431,2.248846481877796
2019-02-26,4.34076740526091,2.2472367780948543
2019-02-27,4.311261304840255,2.24627232812158
2019-02-28,4.321726613346207,2.242088333352774
2019-03-01,4.347647403899609,2.2560876787673485
2019-03-04,4.364844807950735,2.247880934067329
2019-03-05,4.367200445900229,2.244824143635529
2019-03-06,4.327561786083159,2.2312270183222167
2019-03-07,4.291883485863587,2.2125624137597426
2019-03-08,4.293484458423111,2.20813703203832
2019-03-11,4.374267383985838,2.240156826042894
2019-03-12,4.406219930312778,2.2486052321548278
2019-03-13,4.422800833549717,2.26348915988695
2019-03-14,4.438993820930031,2.262040563711952
2019-03-15,4.467548604684438,2.273216134638753
2019-03-18,4.4611978854110905,2.2814593824254104
2019-03-19,4.4939119468612425,2.2820254547275955
2019-03-20,4.501357417103206,2.2751558757275743
2019-03-21,4.592608083769854,2.3008537742613444
2019-03-22,4.519083977108585,2.2565704526725816
2019-03-25,4.51053675997607,2.2548734708328673
2019-03-26,4.526512268827806,2.271681632703472
2019-03-27,4.507681199602913,2.259802210906875
2019-03-28,4.502764347682438,2.268368360057664
2019-03-29,4.526091669737497,2.2826711202262095
2019-04-01,4.575976496935154,2.309741589709423
2019-04-02,4.594515138603927,2.3108726364766015
2019-04-03,4.646225126479267,2.314510045553382
2019-04-04,4.650552260518125,2.320651072346785
2019-04-05,4.67710674553312,2.3318838680372247
2019-04-08,4.669071644482884,2.3336609919919638
2019-04-09,4.637224200748656,2.3217019769989387
2019-04-10,4.664013795463742,2.3296217745028684
2019-04-11,4.663665591476518,2.3289748739374136
2019-04-12,4.688309639144119,2.344732131155865
2019-04-15,4.672142196392952,2.3431968058426897
2019-04-16,4.66401997836483,2.344732131155865
2019-04-17,4.652394915502889,2.338994559530565
2019-04-18,4.647353019032131,2.3436005354700904
2019-04-22,4.643752552911443,2.345621104822181
2019-04-23,4.6810646404018526,2.3667122040385316
2019-04-24,4.684725981010078,2.361459876452147
2019-04-25,4.677226987834677,2.3600046932539964
2019-04-26,4.674255583142661,2.3709951413842765
2019-04-29,4.680270213746472,2.3747113202795918
2019-04-30,4.604347220419801,2.3759238814582844
2019-05-01,4.560254659772827,2.3580653638541222
2019-05-02,4.595465596574328,2.352974143875681
2019-05-03,4.626708572075394,2.3760048469512034
2019-05-06,4.613114225596564,2.366227234458914
2019-05-07,4.536656681197973,2.326711957025163
2019-05-08,4.531737700095422,2.3234801987908695
2019-05-09,4.5146534974175205,2.316449374953256
2019-05-10,4.5166206904696224,2.328085900271097
2019-05-13,4.401618399555857,2.2695803723177606
2019-05-14,4.422244380762973,2.290105399231926
2019-05-15,4.4761111995667795,2.3035195974231018
2019-05-16,4.489802552628453,2.3248538675775055
2019-05-17,4.467529065261157,2.309823104120938
2019-05-20,4.38040178990569,2.294549855874561
2019-05-21,4.434955774537098,2.3152381860710536
2019-05-22,4.431100448458025,2.308125298903329
2019-05-23,4.386475737179226,2.2799240571122352
2019-05-24,4.361342727221353,2.2850961053539462
2019-05-28,4.342892925234538,2.2638430751517586
2019-05-29,4.280790698476756,2.2486514785465457
2019-05-30,4.296394425972599,2.2547919564213528
2019-05-31,4.249451421562877,2.22440835152198
2019-06-03,4.173174272426019,2.2187521570785456
2019-06-04,4.2539038774202265,2.2669135885484604
2019-06-05,4.274127292657766,2.2865510140927987
2019-06-06,4.294388377193252,2.3014192976449332
2019-06-07,4.32859534591688,2.3244493145722105
2019-06-10,4.37323580684834,2.3351164496494126
2019-06-11,4.370734346440415,2.3345507890361743
2019-06-12,4.329769319190643,2.33042923375767
2019-06-13,4.352618095525178,2.3400451897234205
2019-06-14,4.323466657812212,2.3374586852987935
2019-06-17,4.311404697955137,2.338347933424408
2019-06-18,4.371815991869193,2.362832721860889
2019-06-19,4.368817911407487,2.3681660149401917
2019-06-20,4.384635196024079,2.3907929883883132
2019-06-21,4.374286380333352,2.3873175102973696
2019-06-24,4.354865443414343,2.384394518773359
2019-06-25,4.29912439049723,2.361008116447591
2019-06-26,4.3083608068967125,2.3586529812112027
2019-06-27,4.340738766304129,2.3670168538593437
2019-06-28,4.365232055893786,2.3791979064244746
2019-07-01,4.3958216386725555,2.4007975787200726
2019-07-02,4.406645982843719,2.4070492126105814
2019-07-03,4.4249119422506915,2.4262942985883873
2019-07-05,4.421586524792535,2.42353241467232
2019-07-08,4.399497754401236,2.410216747369136
2019-07-09,4.417366353343563,2.4132209788453634
2019-07-10,4.454538205039163,2.4247507394962713
2019-07-11,4.4695695543895,2.4304353404770516
2019-07-12,4.516447351743926,2.441316279347418
2019-07-15,4.5328610523518496,2.4421278554916905
2019-07-16,4.526135635996397,2.434251697016147
2019-07-17,4.511393631068445,2.4176864316242983
2019-07-18,4.548893667406743,2.426537469526441
2019-07-19,4.495769735262978,2.4130582244816323
2019-07-22,4.536531191647083,2.4189857219411683
2019-07-23,4.568604019057515,2.436281597984371
2019-07-24,4.619077576417068,2.4477312165202543
2019-07-25,4.545871729743524,2.436038152587019
2019-07-26,4.6697538564866425,2.452360247040814
2019-07-29,4.688233679445165,2.4478936964246873
2019-07-30,4.668079001804584,2.4418846845536364
2019-07-31,4.616911395482949,2.4151685420241784
2019-08-01,4.574197052669923,2.394138098312693
2019-08-02,4.545011036026684,2.3761116116181364
2019-08-05,4.403364066191203,2.304654486620452
2019-08-06,4.456423594226422,2.336972617881984
2019-08-07,4.479299028510868,2.3383528736917727
2019-08-08,4.5585864167650545,2.3842325877875217
2019-08-09,4.503497022087809,2.3679914588266455
2019-08-12,4.475495402160349,2.339165273213939
2019-08-13,4.54459670825861,2.3755426574933223
2019-08-14,4.443440693837372,2.3053038573195894
2019-08-15,4.47030406968861,2.311394109142857
2019-08-16,4.549956228580172,2.345498970434558
2019-08-19,4.618776960290666,2.3737575742189403
2019-08-20,4.5753469677626954,2.3555672353234605
2019-08-21,4.599455576946275,2.37473108134905
2019-08-22,4.611692527757733,2.374000470697696
2019-08-23,4.491630776473105,2.3130186337278915
2019-08-26,4.533693149101941,2.3385971424670187
2019-08-27,4.516708143633709,2.329420870296711
2019-08-28,4.546156616855994,2.345823106865531
2019-08-29,4.6061612327420205,2.3757869262685682
2019-08-30,4.611547602209033,2.37473108134905
2019-09-03,4.592762783916009,2.3608456365431576
2019-09-04,4.664261629608874,2.3876421956469382
2019-09-05,4.753872178995605,2.418336076782733
2019-09-06,4.76369474118928,2.42020404676512
2019-09-09,4.789365431091231,2.4214215482111774
2019-09-10,4.795402545075319,2.4208534174642566
2019-09-11,4.823436862172727,2.4380683280145408
2019-09-12,4.824466152405681,2.4465131661556008
2019-09-13,4.810701044485848,2.444889190489162
2019-09-16,4.794369785734033,2.4373377173631874
2019-09-17,4.827582296360354,2.443508385760777
2019-09-18,4.830131757088362,2.4449707049006766
2019-09-19,4.819667508310208,2.4448087739148394
2019-09-20,4.805312980395037,2.4332573309793872
2019-09-23,4.828216859814564,2.4326861811801885
2019-09-24,4.783212303206496,2.4135964391650675
2019-09-25,4.850020270310749,2.427873262929949
2019-09-26,4.855965296482459,2.4228152525265694
2019-09-27,4.772432118441203,2.4097622427716
2019-09-30,4.794565248169661,2.420938499846646
2019-10-01,4.7650309371129556,2.392142504756723
2019-10-02,4.700048509790136,2.3498862023135545
2019-10-03,4.740606438238976,2.369137875314513
2019-10-04,4.7911321828095135,2.401196916998705
2019-10-07,4.783552053863419,2.390837176335296
2019-10-08,4.71820829816841,2.3537190264105323
2019-10-09,4.777131262311534,2.3760718150199223
2019-10-10,4.80203032943076,2.392142504756723
2019-10-11,4.8354443353177885,2.416941000170851
2019-10-14,4.834406497671116,2.414248554457185
2019-10-15,4.905370907941317,2.438151489181844
2019-10-16,4.88035591721717,2.4342355039175634
2019-10-17,4.898307818125018,2.4414139868575164
2019-10-18,4.874168577810032,2.4307279140887506
2019-10-21,4.918546496619656,2.447206175883124
2019-10-22,4.896379581901041,2.4392117254501304
2019-10-23,4.883805364078989,2.4463078706006747
2019-10-24,5.0653310795643325,2.450306468113662
2019-10-25,5.105211704463446,2.4603393277531183
2019-10-28,5.178025291891299,2.4742085794604267
2019-10-29,5.101384365389792,2.4734733030010068
2019-10-30,5.1153309318160005,2.481060730295023
2019-10-31,5.086616483540825,2.4744522993170768
2019-11-01,5.137789248280079,2.4973759632663675
2019-11-04,5.169141781580969,2.507409920743016
2019-11-05,5.14520896854538,2.5046359606178354
2019-11-06,5.141532397511429,2.505207110417034
2019-11-07,5.145353961129243,2.5140169794244724
2019-11-08,5.133978900555082,2.52021728942625
2019-11-11,5.126189959785617,2.515404645635308
2019-11-12,5.121347172044379,2.5207069248139335
2019-11-13,5.136604312753708,2.5215226178476766
2019-11-14,5.170874535052732,2.5251924131216246
2019-11-15,5.222938401080958,2.5434667365623014
2019-11-18,5.244773388708261,2.5453423914050326
2019-11-19,5.191541601121079,2.5446082127828045
2019-11-20,5.167303983973407,2.5351454051053546
2019-11-21,5.1026957235591786,2.531066116558747
2019-11-22,5.092421083515576,2.5366952767613253
2019-11-25,5.166132278544392,2.5563545218198573
2019-11-26,5.187243359597726,2.562146985304763
2019-11-27,5.204037013174336,2.573566962236459
2019-11-29,5.170399844659691,2.5640234635253885
2019-12-02,5.110670700538408,2.542242922552389
2019-12-03,5.086896660374167,2.5251924131216246
2019-12-04,5.138901671081645,2.540773741930039
2019-12-05,5.1520973499310205,2.5453423914050326
2019-12-06,5.201767869668229,2.5685915640817862
2019-12-09,5.1935600833105005,2.5605158736965756
2019-12-10,5.1991726597064245,2.557660948078476
2019-12-11,5.229543271636205,2.564921219889242
2019-12-12,5.271623121112816,2.587028367426896
2019-12-13,5.259164955539781,2.588578513542165
2019-12-16,5.288765541378378,2.6063615548393693
2019-12-17,5.31311852106362,2.606932155719972
2019-12-18,5.301176431324814,2.6070954590022994
2019-12-19,5.353455905675772,2.617782355148959
2019-12-20,5.366751913690484,2.6292588706960496
2019-12-23,5.339939708579521,2.6332758569820043
2019-12-24,5.3431481381419195,2.633357645852817
2019-12-26,5.36519127479753,2.6473756544996574
2019-12-27,5.344653941168941,2.6467196967773674
2019-12-30,5.310573700550872,2.6321280681976464
2019-12-31,5.319125294811639,2.638522146463832
2020-01-02,5.3663531493314744,2.663197135193847
2020-01-03,5.289376940177221,2.6430306893525572
2020-01-06,5.293432513471943,2.6531148728807454
2020-01-07,5.310496079749105,2.6456542457824184
2020-01-08,5.337067822579413,2.6597545922186674
2020-01-09,5.368737349108449,2.6777895871514623
2020-01-10,5.358202037365654,2.6700844168185913
2020-01-13,5.407475509459568,2.6884468416939353
2020-01-14,5.431041823064763,2.6843480665371677
2020-01-15,5.428026074818475,2.6904141659422085
2020-01-16,5.489230206164691,2.7127938515628056
2020-01-17,5.528206617731702,2.721237317407375
2020-01-21,5.519329538594555,2.7159084156768407
2020-01-22,5.528527192008102,2.7162372179158796
2020-01-23,5.547659407573264,2.7193520564892126
2020-01-24,5.479703480523722,2.695168075443372
2020-01-27,5.355174605917127,2.651966809637089
2020-01-28,5.429802635581959,2.67975773477763
2020-01-29,5.397459872677434,2.6775425737832363
2020-01-30,5.426640171486511,2.686233052996032
2020-01-31,5.302398777717402,2.637457244387479
2020-02-03,5.400065419278325,2.6570497958365897
2020-02-04,5.468174184021794,2.6975465397200926
2020-02-05,5.501361280688872,2.72869684666851
2020-02-06,5.499608455632568,2.7378788824840763
2020-02-07,5.437828480560358,2.723287253904355
2020-02-10,5.540438320348868,2.743617003027972
2020-02-11,5.5839157964435815,2.7483714614477317
2020-02-12,5.644124688610533,2.766079300897276
2020-02-13,5.689224138494436,2.763128314524866
2020-02-14,5.744974098644496,2.7675550685427788
2020-02-18,5.724254950184958,2.7604224203055967
2020-02-19,5.823668859079785,2.77362116794782
2020-02-20,5.793556863977506,2.7622272646494364
2020-02-21,5.660464245491611,2.7337801073273087
2020-02-24,5.442754963596485,2.643113027141966
2020-02-25,5.299985762067103,2.563021412628284
2020-02-26,5.32997348795441,2.5535934612816837
2020-02-27,5.082096950454433,2.4389073500886163
2020-02-28,5.16173642131417,2.4286601377373986
2020-03-02,5.307259841495584,2.5338376065502457
2020-03-03,5.158035696523723,2.4612873101685113
2020-03-04,5.3730142798640514,2.564742821345523
2020-03-05,5.193217720950648,2.479486431761528
2020-03-06,5.120166007083071,2.4384973078973604
2020-03-09,4.8048122209827,2.248063861189465
2020-03-10,5.071639985138537,2.3643905528365026
2020-03-11,4.831047159770233,2.2491301355623086
2020-03-12,4.370246901373614,2.033939774023937
2020-03-13,4.742055571920673,2.207813718985242
2020-03-16,4.083044832164376,1.9662262738513707
2020-03-17,4.266855433977074,2.072386993099407
2020-03-18,3.9077593452827935,1.9674558515065415
2020-03-19,3.9751800988440587,1.97163668999342
2020-03-20,3.834841200356505,1.8866705411170905
2020-03-23,3.8028087305977003,1.8384319865844294
2020-03-24,4.216559878545247,2.0049996878025484
2020-03-25,4.2758254760955525,2.035015105553615
2020-03-26,4.564007116765742,2.153839376812718
2020-03-27,4.388706197962306,2.089685750965239
2020-03-30,4.541602190080877,2.1575497920627744
2020-03-31,4.4838655693017015,2.1253902982755037
2020-04-01,4.255607586881392,2.0297373904821634
2020-04-02,4.328850483590325,2.076574418609438
2020-04-03,4.2540136572973575,2.0465594125473183
2020-04-06,4.714297942388466,2.184019058453655
2020-04-07,4.721971204716158,2.1862454722792677
2020-04-08,4.849321530497918,2.2596347907350776
2020-04-09,4.856026023142715,2.2940197377404177
2020-04-13,4.870156338221228,2.2730757487078113
2020-04-14,5.074595086475453,2.340115176844418
2020-04-15,4.9890446306466805,2.2903926208873133
2020-04-16,5.104303069951516,2.301441528848074
2020-04-17,5.235473648354633,2.363615479778868
2020-04-20,5.1373579248076355,2.3219742406225836
2020-04-21,4.901365424670558,2.2514714106041467
2020-04-22,5.173422105510127,2.301441528848074
2020-04-23,5.141124520858086,2.3012768532692562
2020-04-24,5.202225244085451,2.3333533231188732
2020-04-27,5.226734538228044,2.3669965438712897
2020-04-28,5.11716699342576,2.3561120370300483
2020-04-29,5.342018698714865,2.4177910006168473
2020-04-30,5.2233687068521615,2.3952801234517924
2020-05-01,5.051950920582613,2.331868498316535
2020-05-04,5.109133953144724,2.338301000884445
2020-05-05,5.15303059447775,2.3599050645288115
2020-05-06,5.145949282666036,2.3439082043431814
2020-05-07,5.220022374574568,2.3721915094643857
2020-05-08,5.345532767080629,2.4114422081348366
2020-05-11,5.378743126213183,2.411936509330587
2020-05-12,5.2503604591608966,2.3638633165249887
2020-05-13,5.1653085718055065,2.322056029493396
2020-05-14,5.28248911319788,2.349844758959552
2020-05-15,5.301045358036283,2.3606477513892785
2020-05-18,5.458035499742027,2.4325516961241545
2020-05-19,5.441609636783058,2.4075660194687702
2020-05-20,5.574325126935503,2.4484659440610783
2020-05-21,5.506817329293384,2.431562270354759
2020-05-22,5.560840792634434,2.4361800480441
2020-05-26,5.601318350645357,2.466194642417273
2020-05-27,5.620514648011529,2.502889576104476
2020-05-28,5.574050648212248,2.498271798415135
2020-05-29,5.662828799018817,2.5094035930839
2020-06-01,5.668916115056408,2.5195462364425683
2020-06-02,5.668172710249483,2.540408985522958
2020-06-03,5.757061171079538,2.57421715631349
2020-06-04,5.709634915202991,2.567455302587945
2020-06-05,5.859504263589451,2.6332574682090364
2020-06-08,5.857220488990431,2.665087336379374
2020-06-09,5.866675391202027,2.6452137386090815
2020-06-10,5.865769332843368,2.6304546898575625
2020-06-11,5.571476712815281,2.478811261888376
2020-06-12,5.631670121862378,2.5084970540225098
2020-06-15,5.7140538582106455,2.531915842545445
2020-06-16,5.8401188147844465,2.5806482865849096
2020-06-17,5.875612323687066,2.5699290042410823
2020-06-18,5.86460243982622,2.5709189789290736
2020-06-19,5.910750832164949,2.5562258004090816
2020-06-22,5.9883068621984155,2.572624194547729
2020-06-23,5.994216030017611,2.584467936635582
2020-06-24,5.828023745762641,2.5185414409524833
2020-06-25,5.9181529922932965,2.545541648855402
2020-06-26,5.697979233822522,2.4850812845518524
2020-06-29,5.803357102651798,2.521606327933575
2020-06-30,5.9258870660409695,2.553907717177927
2020-07-01,5.960522262322599,2.571796699764171
2020-07-02,6.056967653924365,2.5859590740017744
2020-07-06,6.167303359062519,2.62587890444082
2020-07-07,6.111614136537049,2.598796633207791
2020-07-08,6.171281904168529,2.618673798948958
2020-07-09,6.214626217871836,2.603765993257907
2020-07-10,6.248855385959946,2.6303514931615033
2020-07-13,6.1279027086250775,2.6075763116924464
2020-07-14,6.244086854268858,2.6413674660065007
2020-07-15,6.268783445876241,2.665633510382452
2020-07-16,6.221053359556182,2.6568543808163927
2020-07-17,6.242204196495065,2.6645573554748796
2020-07-20,6.381383933305258,2.686091431998249
2020-07-21,6.35674831946726,2.6918059490425144
2020-07-22,6.404583305595679,2.7071287371921855
2020-07-23,6.2501217408771215,2.6748267990292374
2020-07-24,6.186946751779653,2.657600086729138
2020-07-27,6.31083742634302,2.6769810300594683
2020-07-28,6.22110039319153,2.6600024289647877
2020-07-29,6.319210174470521,2.692717428371269
2020-07-30,6.468471848589746,2.683109431725162
2020-07-31,6.395306158838295,2.704311686957214
2020-08-03,6.443994978545827,2.7231132467094046
2020-08-04,6.4562311448160505,2.7336313503877765
2020-08-05,6.457842569276307,2.7506096770231596
2020-08-06,6.472066901750961,2.7689962543167304
2020-08-07,6.428947820237196,2.7709838885530576
2020-08-10,6.42415975717404,2.779266246789684
2020-08-11,6.339232720410704,2.756324194067425
2020-08-12,6.499672001907946,2.7947539849774703
2020-08-13,6.485298535995338,2.7897014637600512
2020-08-14,6.470809954019327,2.789784899386652
2020-08-17,6.601492367939784,2.79864636674212
2020-08-18,6.61250362451816,2.8046924306184047
2020-08-19,6.556039165915918,2.7930147364058593
2020-08-20,6.526997887680811,2.801710979263914
2020-08-21,6.547269444074482,2.8116499738234446
2020-08-24,6.580445538297029,2.840140770173959
2020-08-25,6.630431275345394,2.8500786668962976
2020-08-26,6.648985426100084,2.8786523499548173
2020-08-27,6.599756992756915,2.884947348414414
2020-08-28,6.71773645276045,2.9035823113727015
2020-08-31,6.680850751468076,2.8930633843164353
2020-09-01,6.759546746525373,2.920312252343368
2020-09-02,7.008115541746125,2.96255126385076
2020-09-03,6.665503678945839,2.860597868411862
2020-09-04,6.530474615632611,2.8372413821495788
2020-09-08,6.261118592995422,2.759719255584046
2020-09-09,6.365337286078865,2.8142175405565073
2020-09-10,6.230079232123347,2.7653528071353928
2020-09-11,6.178758085985938,2.7667599599563886
2020-09-14,6.362750184873922,2.803202116630106
2020-09-15,6.388459651133766,2.817364765327008
2020-09-16,6.301658816627685,2.8061832935252995
2020-09-17,6.254480330248089,2.7815022666907274
2020-09-18,6.131102772569006,2.7494794536338754
2020-09-21,6.09883822400951,2.7188797120373045
2020-09-22,6.19464815922857,2.746569910615468
2020-09-23,6.045062055168811,2.6828736711881547
2020-09-24,6.1092386432699985,2.690024708198305
2020-09-25,6.211608689092577,2.7335144307268164
2020-09-28,6.340531763418171,2.778916585643995
2020-09-29,6.324910164320374,2.76378235103207
2020-09-30,6.378185349779962,2.7847375928958957
2020-10-01,6.486779631863366,2.802615871569516
2020-10-02,6.323578108830081,2.776005944788395
2020-10-05,6.491753122200478,2.8252335134015043
2020-10-06,6.420124946711533,2.785069688646511
2020-10-07,6.496098452090069,2.8335482578352984
2020-10-08,6.590344944832435,2.85866100914567
2020-10-09,6.665017779979351,2.8841890173739597
2020-10-12,6.828879601945472,2.9305891062987723
2020-10-13,6.826196547414554,2.911463410115609
2020-10-14,6.753986800616285,2.8931693256054745
2020-10-15,6.711420406439936,2.8895939443300485
2020-10-16,6.642062169148987,2.887847559816689
2020-10-19,6.523019052820712,2.8439428548295576
2020-10-20,6.591650112142941,2.8553342879942583
2020-10-21,6.628743403818094,2.84992936103817
2020-10-22,6.6321571849960375,2.8655625626539116
2020-10-23,6.680049153370792,2.875292144769046
2020-10-26,6.520684982107251,2.8221568246705973
2020-10-27,6.488564116671904,2.8124275170147612
2020-10-28,6.235503370344776,2.7163011669323205
2020-10-29,6.385422433707349,2.7439084788024792
2020-10-30,6.350139363075623,2.7153043307618785
2020-11-02,6.382331172776593,2.7457377500238436
2020-11-03,6.60704035748865,2.7942168681312274
2020-11-04,6.87900037663791,2.8566651411304016
2020-11-05,6.974777015470148,2.9123787318745364
2020-11-06,7.03410962423238,2.911713168076816
2020-11-09,7.12281148725105,2.9483010626377872
2020-11-10,6.971432953680105,2.9439769563973375
2020-11-11,7.125571924002707,2.965845873264302
2020-11-12,7.069643836853783,2.9370751284297976
2020-11-13,7.169032838766555,2.9777373712700124
2020-11-16,7.294487873979537,3.014907119542806
2020-11-17,7.2099061309249395,2.998691240837348
2020-11-18,7.160878008695661,2.9626028621987897
2020-11-19,7.176370976925664,2.9750764883756196
2020-11-20,7.089734496625759,2.9547041980608078
2020-11-23,7.150300114276172,2.972415331021929
2020-11-24,7.201002717069265,3.020312320958192
2020-11-25,7.211141403975053,3.015654472211339
2020-11-27,7.273571053064994,3.024053750108926
2020-11-30,7.235980529487197,3.010666174469659
2020-12-01,7.380316751609961,3.043594977669305
2020-12-02,7.454820876836921,3.049997838633028
2020-12-03,7.481603350751542,3.0491665014192977
2020-12-04,7.580115833333607,3.075443234612611
2020-12-07,7.620630316787122,3.069123260356893
2020-12-08,7.571095491712015,3.07810329412911
2020-12-09,7.4201364178736,3.050495982258951
2020-12-10,7.408714507947742,3.049498322710615
2020-12-11,7.414729236554215,3.045923215894487
2020-12-14,7.454815937033156,3.032285607834715
2020-12-15,7.565347008770053,3.0732804953441413
2020-12-16,7.505130080985842,3.07810329412911
2020-12-17,7.491571027673839,3.0953157345457116
2020-12-18,7.429625421466309,3.0829573812740536
2020-12-21,7.467195797056874,3.071934272487308
2020-12-22,7.4514475036083985,3.0667568722892855
2020-12-23,7.4236147612635595,3.0695121691822007
2020-12-24,7.459736502994093,3.081453618780152
2020-12-28,7.470686811864415,3.107926590371556
2020-12-29,7.453983092195492,3.101996897237636
2020-12-30,7.511792180611551,3.1064225534183563
2020-12-31,7.49231641181176,3.1222064331887163
2021-01-04,7.490511031281004,3.079701196162236
2021-01-05,7.597295713957542,3.1009111362546324
2021-01-06,7.562806279802521,3.119449489540013
2021-01-07,7.808922448820553,3.165797705657498
2021-01-08,7.831236516985943,3.1838357196425715
2021-01-11,7.865248324620002,3.16237300253669
2021-01-12,7.923591809031993,3.163041585386689
2021-01-13,7.8570408924384045,3.171559429701025
2021-01-14,7.919379945978609,3.160452885287678
2021-01-15,7.808603871572552,3.13740489127638
2021-01-19,8.078443276458959,3.1620392600302867
2021-01-20,8.164661937042448,3.2057976782115682
2021-01-21,8.185721208007758,3.208720395276281
2021-01-22,8.171566610980417,3.1973632695238337
2021-01-25,8.184301020559733,3.209973576431082
2021-01-26,8.089498917025567,3.2049627730269634
2021-01-27,7.673379869647489,3.1266318149101386
2021-01-28,7.725250552489828,3.1535219646345474
2021-01-29,7.556485323832774,3.090389190146088
2021-02-01,7.749381860617197,3.1418302729978023
2021-02-02,7.9196171347407045,3.186256725110487
2021-02-03,7.964718558191683,3.1887622640421953
2021-02-04,8.07739658271334,3.225004614346948
2021-02-05,8.083447271168291,3.2376978079622014
2021-02-08,8.284770247030188,3.261079818939201
2021-02-09,8.198000376369688,3.2589091203510883
2021-02-10,8.269496005901495,3.2574893424023834
2021-02-11,8.445105897861028,3.262750727145603
2021-02-12,8.469370729289226,3.27886780050377
2021-02-16,8.535132909410015,3.2760279701470623
2021-02-17,8.514814704009336,3.2767802630829603
2021-02-18,8.47330609487667,3.2628341627722035
2021-02-19,8.548481142160178,3.257071889810081
2021-02-22,8.34324943744231,3.23201897062668
2021-02-23,8.29522896284885,3.235944561966391
2021-02-24,8.534742906928061,3.2716020395070435
2021-02-25,8.056932188842383,3.1927712910085075
2021-02-26,8.190689425286598,3.176319377306745
2021-03-01,8.408733505074968,3.2533145420200618
2021-03-02,8.250129103405508,3.227927605870959
2021-03-03,8.03517925374498,3.1851712385867814
2021-03-04,7.9327450963771104,3.1457555898782155
2021-03-05,8.146265242266123,3.2036269796234556
2021-03-08,7.817345316812872,3.1876767775184898
2021-03-09,8.100691638061495,3.23318871615488
2021-03-10,8.021633830272922,3.2533145420200618
2021-03-11,8.203935348759961,3.286299334916506
2021-03-12,8.113200060530575,3.2907255400158224
2021-03-15,8.250902193021641,3.310349654284207
2021-03-16,8.33360801942715,3.3061748539018847
2021-03-17,8.349958624289636,3.3174485440277315
2021-03-18,8.159627391915098,3.2691815829577244
2021-03-19,8.20427733376828,3.263131676651267
2021-03-22,8.336254919456554,3.2891874701096673
2021-03-23,8.252928010046224,3.263299096823065
2021-03-24,8.230907851460579,3.2467102279315854
2021-03-25,8.234616937554584,3.264974945296831
2021-03-26,8.450738889050479,3.3175901650255146
2021-03-29,8.432129730132802,3.31591404209245
2021-03-30,8.417561014969541,3.3071173471313173
2021-03-31,8.573938069836506,3.32052221370636
2021-04-01,8.885814265888216,3.35638059545317
2021-04-05,9.08960840428122,3.404555338199039
2021-04-06,9.048028171723935,3.4025446493816776
2021-04-07,9.100236608626462,3.4064823169305023
2021-04-08,9.148850604602709,3.4226529098517853
2021-04-09,9.167310836128227,3.447534566433216
2021-04-12,9.168144368408985,3.4487921389367857
2021-04-13,9.220145739997625,3.4590132776546905
2021-04-14,9.171152158964349,3.4472005494675146
2021-04-15,9.368550483324666,3.484231421335505
2021-04-16,9.344649337406288,3.4958778271880755
2021-04-19,9.203308757699903,3.4787021643174096
2021-04-20,9.173863586505448,3.4532320670010037
2021-04-21,9.296425551761285,3.4859075442685694
2021-04-22,9.085818028633804,3.454069991237887
2021-04-23,9.234860293697489,3.49152106029116
2021-04-26,9.318343666719212,3.498809601409623
2021-04-27,9.277812039322647,3.498055387258639
2021-04-28,9.300750619135194,3.497050042849958
2021-04-29,9.386899425456143,3.519336412309225
2021-04-30,9.26539627405744,3.4962123930723727
2021-05-03,9.252350594080864,3.5037534367450225
2021-05-04,9.09408810899793,3.4821375713508407
2021-05-05,9.120838450153771,3.483226076926824
2021-05-06,9.193066366332244,3.5110430757006776
2021-05-07,9.30322635891786,3.5365949618878956
2021-05-10,9.024842536685485,3.501574229918671
2021-05-11,9.011132001429774,3.470324019785771
2021-05-12,8.726232888568623,3.396596018556193
2021-05-13,8.895437520290324,3.4373974122605087
2021-05-14,9.06869892144121,3.4901803266202878
2021-05-17,9.022662394967256,3.4812988237360636
2021-05-18,8.943644202093285,3.451305088269541
2021-05-19,9.002326359556285,3.442256714132115
2021-05-20,9.220948685775744,3.479288134918702
2021-05-21,9.19242944381039,3.476440070783053
2021-05-24,9.381064804756805,3.51187962764107
2021-05-25,9.376951827480756,3.50408800262932
2021-05-26,9.403887288207734,3.5110430757006776
2021-05-27,9.365901870117076,3.5128857954276453
2021-05-28,9.482094169089072,3.519168443218831
2021-06-01,9.49331774655613,3.516068974366188
2021-06-02,9.531923027491267,3.5215985058435817
2021-06-03,9.490271217093317,3.508527930693538
2021-06-04,9.679135601248277,3.5406163395226193
2021-06-07,9.681011881393944,3.53718203032638
2021-06-08,9.622939371718532,3.5379359700180664
2021-06-09,9.656189363264057,3.532657843257667
2021-06-10,9.734145173519464,3.549078468599455
2021-06-11,9.760386636163286,3.5549433893390403
2021-06-14,9.832197761936266,3.5629027089818863
2021-06-15,9.785062302855568,3.5563675586365138
2021-06-16,9.733385870883705,3.536511251801997
2021-06-17,9.838306050763203,3.535338761680816
2021-06-18,9.686089899732387,3.487645695002988
2021-06-21,9.745514852890517,3.537574232663264
2021-06-22,9.809295049950173,3.5564866739718584
2021-06-23,9.81297879066814,3.5521998941959407
2021-06-24,9.894925406305651,3.5732138703495444
2021-06-25,9.892635327280805,3.5859062405869038
2021-06-28,10.048143676625164,3.5931354984969923
2021-06-29,10.035895374000724,3.595069338710906
2021-06-30,10.017693489103337,3.5980947035530813
2021-07-01,10.009355030396597,3.6180157827819333
2021-07-02,10.09170710173056,3.645670301651353
2021-07-06,10.078994628137254,3.639029484476239
2021-07-07,10.016331400519865,3.651890372722588
2021-07-08,9.889288098282933,3.622134867926755
2021-07-09,9.970672067032824,3.6608001449145093
2021-07-12,10.086398324761428,3.6739129867964495
2021-07-13,10.046986843886016,3.6613883111901857
2021-07-14,9.999191650214634,3.666851972436053
2021-07-15,9.873534725852716,3.6543275712890875
2021-07-16,9.716617340523538,3.6256649634180063
2021-07-19,9.693536912725769,3.5721212478840902
2021-07-20,9.826632676661816,3.623311200478108
2021-07-21,10.03118346943815,3.6526467825479565
2021-07-22,10.056184996591174,3.660296512102626
2021-07-23,10.192542105157557,3.6979528767108247
2021-07-26,10.174009415687708,3.7070308924524378
2021-07-27,10.05060008540008,3.690135178065762
2021-07-28,10.175329068863041,3.688622358415025
2021-07-29,10.10066372957012,3.703921268605767
2021-07-30,10.115468340996284,3.685933755131531
2021-08-02,10.176986604154923,3.678199217653771
2021-08-03,10.239891244619526,3.708123514917892
2021-08-04,10.268759236037944,3.689883498889469
2021-08-05,10.319658450599816,3.713251512442269
2021-08-06,10.281425114038857,3.7193873245090097
2021-08-09,10.239105908811398,3.716360587370344
2021-08-10,10.110881217043179,3.720984677623539
2021-08-11,10.046454419853857,3.730230662455546
2021-08-12,9.98949335097548,3.7414099385828705
2021-08-13,10.023083131181943,3.748218999307676
2021-08-16,10.064809157287673,3.7570445124951024
2021-08-17,9.966121834659182,3.7324156329271565
2021-08-18,9.838691630386718,3.6915653854677917
2021-08-19,9.949139788324489,3.6972799025120575
2021-08-20,10.065375125760655,3.7267005669642947
2021-08-23,10.29396269654932,3.7594817110616017
2021-08-24,10.291948446792569,3.765450102956544
2021-08-25,10.369371373799847,3.773351511687506
2021-08-26,10.314150531907117,3.7510763950594583
2021-08-27,10.50619821512449,3.7846147723600274
2021-08-30,10.535869162402866,3.8012577097332185
2021-08-31,10.504449783949275,3.7956263538562562
2021-09-01,10.500528516219964,3.7976428063188763
2021-09-02,10.465650722379822,3.8093268130952764
2021-09-03,10.542622079278672,3.8084021597202162
2021-09-07,10.434217165304709,3.7947854105670946
2021-09-08,10.38158675647198,3.790162418151091
2021-09-09,10.381595498785003,3.7739391290445865
2021-09-10,10.35919659505652,3.7441838987080516
2021-09-13,10.411917412295963,3.753765821720846
2021-09-14,10.403605182309894,3.7335085298519086
2021-09-15,10.537503201607167,3.764693418671878
2021-09-16,10.534025245016954,3.7587255756955313
2021-09-17,10.404284666350808,3.722111058582651
2021-09-20,10.18100122226168,3.6600486753565056
2021-09-21,10.205469252337926,3.65659158603853
2021-09-22,10.32893368831934,3.6922600419511036
2021-09-23,10.454835756567157,3.7371215120511647
2021-09-24,10.423998236990112,3.743277085187363
2021-09-27,10.367695824276339,3.7325676833782646
2021-09-28,9.985680971790096,3.6573501915382827
2021-09-29,9.919732615741015,3.663506039133779
2021-09-30,9.889443029862196,3.618728828038213
2021-10-01,9.918745637824644,3.6617344043650006
2021-10-04,9.659392529736309,3.614512858761187
2021-10-05,9.80604185740724,3.6521214674515288
2021-10-06,9.860367723140488,3.6673004389290322
2021-10-07,9.935457790208845,3.699006525955959
2021-10-08,9.893379485571606,3.6922600419511036
2021-10-11,9.842710006220935,3.665529627538148
2021-10-12,9.779267967198383,3.656507052574737
2021-10-13,9.843122649597218,3.6696613378106795
2021-10-14,10.129917985183328,3.7313869594781433
2021-10-15,10.134008983355292,3.759804749655382
2021-10-18,10.195224750745282,3.7709359954055515
2021-10-19,10.254322737838917,3.800027583159452
2021-10-20,10.210375756776065,3.8149537776234705
2021-10-21,10.257862289718341,3.824903476095624
2021-10-22,10.195971560537588,3.8209408327506793
2021-10-25,10.224513401732892,3.8414319639415373
2021-10-26,10.397947589047734,3.844889053259513
2021-10-27,10.474502228325287,3.8278550113866303
2021-10-28,10.539517635262373,3.8647898225003106
2021-10-29,10.601502620532642,3.8726316735636
2021-11-01,10.610262916195682,3.8792938985639602
2021-11-02,10.666541464421,3.894978149609136
2021-11-03,10.775847645259802,3.9187575776496817
2021-11-04,11.213191452182897,3.9372245715175747
2021-11-05,11.274470919987987,3.9508852341583807
2021-11-08,11.346681078719508,3.9542588878497553
2021-11-09,11.391276022184014,3.941188861618308
2021-11-10,11.158080750315774,3.9094825001320834
2021-11-11,11.257600158601617,3.910746385199508
2021-11-12,11.368542054659097,3.9402609147316716
2021-11-15,11.363268194499938,3.941610156640783
2021-11-16,11.404052624198012,3.957210148681463
2021-11-17,11.266199390249888,3.947597211767991
2021-11-18,11.565259516409053,3.961005097395313
2021-11-19,11.707740765807468,3.9539213029131797
2021-11-22,11.584944260757153,3.9427906060816063
2021-11-23,11.6430020620399,3.9480185067904663
2021-11-24,11.749132925807547,3.958558841671979
2021-11-26,11.451606520672259,3.870270500222655
2021-11-29,11.908112716966883,3.917745646217848
2021-11-30,11.68876906340085,3.8415156740274363
2021-12-01,11.577146500126116,3.7988476826372244
2021-12-02,11.627858262623729,3.857031955982218
2021-12-03,11.465585705129053,3.823470524100614
2021-12-06,11.455348334376337,3.8687532892231498
2021-12-07,11.973067803258266,3.948777661208815
2021-12-08,11.960287358521658,3.9592345604637265
2021-12-09,11.750514074491731,3.9325024992949826
2021-12-10,11.766804871086302,3.96952129495386
2021-12-13,11.439270848363666,3.934358118608958
2021-12-14,11.410458756170753,3.9072895703408306
2021-12-15,11.81774907611489,3.9683411199723344
2021-12-16,11.477071564390203,3.9333461871771243
2021-12-17,11.341553907631482,3.8914842827452243
2021-12-20,11.302279955529785,3.850104054381365
2021-12-21,11.56871874924149,3.9184776291656918
2021-12-22,11.713532612079169,3.957658066255847
2021-12-23,11.774326752340517,3.9822825544750247
2021-12-27,12.0560153351794,4.038640850110229
2021-12-28,11.943196055135758,4.035340202592131
2021-12-29,11.984865543595388,4.040502507528761
2021-12-30,11.89263180629535,4.029333111936166
2021-12-31,11.850622347638812,4.019177294531192
2022-01-03,11.940374862819189,4.042448698411087
2022-01-04,11.79186347091891,4.041094790693909
2022-01-05,11.389079700306697,3.9634963644435235
2022-01-06,11.526231536433643,3.9597733240657575
2022-01-07,11.278934429710734,3.9441187146247696
2022-01-10,11.309658580023644,3.9392105589981137
2022-01-11,11.4087132747224,3.975089525192276
2022-01-12,11.509246776282614,3.9858362534659064
2022-01-13,11.323433452910507,3.9309174968488643
2022-01-14,11.550604191296703,3.932525004957421
2022-01-18,11.128210721006688,3.8628817814604117
2022-01-19,10.861188556421993,3.822771476268534
2022-01-20,10.601592828383852,3.780461105343654
2022-01-21,10.396114472421113,3.7062475856158628
2022-01-24,10.479500527129156,3.721987002979942
2022-01-25,10.161684633642759,3.6765458748424433
2022-01-26,10.249796567249978,3.6673215722949806
2022-01-27,9.996808181162338,3.6492124733517177
2022-01-28,10.246119494192184,3.739842775991124
2022-01-31,10.590954245174812,3.8072008513727424
2022-02-01,10.644107014751166,3.8329253724584214
2022-02-02,10.993547997266116,3.8701590697476553
2022-02-03,10.632069957008657,3.779191456630971
2022-02-04,10.593499299744987,3.796962147259764
2022-02-07,10.518490241156988,3.7847767033458646
2022-02-08,10.56725878654245,3.815917404218851
2022-02-09,10.883023362888755,3.87176685231551
2022-02-10,10.673075595135128,3.8022081622822936
2022-02-11,10.278610149462732,3.7272335669210674
2022-02-14,10.295000392629808,3.71504784854787
2022-02-15,10.714505326657374,3.774960941011149
2022-02-16,10.745252544255298,3.779191456630971
2022-02-17,10.390282805760108,3.698461998708669
2022-02-18,10.229368512201576,3.674515150496325
2022-02-22,10.107113413007168,3.6350805640961954
2022-02-23,9.856693979051327,3.570599919995115
2022-02-24,10.177030404467695,3.624334384741161
2022-02-25,10.381795789233601,3.7043008458149416
2022-02-28,10.371036018057204,3.6948237662539944
2022-03-01,10.198750138460323,3.638551376379072
2022-03-02,10.406818686582515,3.7054856866045336
2022-03-03,10.327810754859417,3.6870387282653967
2022-03-04,10.146249173826376,3.657082044804108
2022-03-07,9.708686760384525,3.549275255916142
2022-03-08,9.738043118128818,3.522365345122275
2022-03-09,10.141964945361156,3.6168029471439422
2022-03-10,10.027784240399683,3.600471246614716
2022-03-11,9.867546094823636,3.5546906123255555
2022-03-14,9.652980080300024,3.5287119419299016
2022-03-15,9.99552294350192,3.606309819261691
2022-03-16,10.355335768912566,3.6862771037133655
2022-03-17,10.46602715282837,3.7323953229391025
2022-03-18,10.748972319953886,3.7732763098398463
2022-03-21,10.770717845295312,3.772172160083875
2022-03-22,10.868452499681368,3.816312076689417
2022-03-23,10.675678441325717,3.7671643757320346
2022-03-24,11.123072690848923,3.8239522001686552
2022-03-25,11.104732329381333,3.8426261363472625
2022-03-28,11.157783060818929,3.869958988919392
2022-03-29,11.326970315554252,3.917832924274621
2022-03-30,11.13795646956401,3.8936415328277336
2022-03-31,10.980464986595724,3.833713345103063
2022-04-01,10.890121640788404,3.84457891425274
2022-04-04,11.06996564075504,3.877513755556943
2022-04-05,10.73138296445323,3.8285353959864445
2022-04-06,10.538964902997296,3.790252989719441
2022-04-07,10.565879844181637,3.809351514432099
2022-04-08,10.407864451777183,3.7991657809636403
2022-04-11,10.089843191831234,3.7342295344278313
2022-04-12,9.980183847035487,3.7203929433769884
2022-04-13,10.146197564829091,3.7630049450704024
2022-04-14,9.912759840839284,3.716148430332967
2022-04-18,10.036648237147006,3.7176771686229895
2022-04-19,10.171554769802981,3.777689615352155
2022-04-20,10.107155645444267,3.7748882092971714
2022-04-21,9.81343919515974,3.718440714390107
2022-04-22,9.55821791270745,3.6164101958884625
2022-04-25,9.708569725326353,3.6373766905835074
2022-04-26,9.40935115616502,3.5320345461918428
2022-04-27,9.279758439887013,3.541966130350327
2022-04-28,9.500684671644896,3.6314338234032815
2022-04-29,9.136344242307908,3.497232832742445
2022-05-02,9.345947227201389,3.518283586441985
2022-05-03,9.399665606370268,3.5344110892534775
2022-05-04,9.752187894575593,3.6420446943243876
2022-05-05,9.298758719768765,3.5125959664089264
2022-05-06,9.269075899507385,3.4916302950917757
2022-05-09,8.881478331141658,3.3798372593592334
2022-05-10,9.030761451811603,3.387646998684654
2022-05-11,8.838490020394431,3.3338296472306026
2022-05-12,8.87665992804989,3.3303500522501888
2022-05-13,9.257441209000651,3.409970694608453
2022-05-16,9.146850805150956,3.3961349269355043
2022-05-17,9.444279994868808,3.4659946988186587
2022-05-18,9.00110559381794,3.3262751550523495
2022-05-19,8.97214485418426,3.305902864737538
2022-05-20,8.863337170172626,3.3073465206451713
2022-05-23,9.017387542230555,3.3692269373567236
2022-05-24,8.838703334186603,3.3435073565384097
2022-05-25,9.019522905608033,3.3730460384887997
2022-05-26,9.248938085121782,3.4404450083058244
2022-05-27,9.55642400269202,3.524904642547641
2022-05-31,9.478433356525345,3.5051265566130625
2022-06-01,9.359051058365951,3.4767751855859466
2022-06-02,9.62168639858111,3.542984648805313
2022-06-03,9.407989597136442,3.48483934868064
2022-06-06,9.469830785094246,3.4954493962238518
2022-06-07,9.545026790664206,3.528978441908288
2022-06-08,9.425227465073021,3.4906117766367895
2022-06-09,9.176729086834438,3.407594426006116
2022-06-10,8.880681869541695,3.3087888042563147
2022-06-13,8.4381863490989,3.1831608242287177
2022-06-14,8.448478760126077,3.1735681973033003
2022-06-15,8.619977882492266,3.2188122636648138
2022-06-16,8.26144796153626,3.112282808349875
2022-06-17,8.333349699124128,3.1189914169716024
2022-06-21,8.611913939844639,3.197507360655299
2022-06-22,8.596618419420846,3.1917105058216246
2022-06-23,8.657827547656629,3.222997493500461
2022-06-24,9.033204490915148,3.325469342553336
2022-06-27,8.970834610220468,3.3127665428626516
2022-06-28,8.729062785006974,3.245077195108312
2022-06-29,8.640852656827041,3.242434975446185
2022-06-30,8.531035320440646,3.2160923720213446
2022-07-01,8.384037635196243,3.250107485122591
2022-07-05,8.472435249375527,3.256245492863715
2022-07-06,8.56026365290801,3.267243076935744
2022-07-07,8.820964653006378,3.316176974099962
2022-07-08,8.824079675187782,3.3134491231368504
2022-07-11,8.64163286350071,3.2755978924270504
2022-07-12,8.594439911449722,3.246611148124997
2022-07-13,8.59031724719575,3.2295614620721267
2022-07-14,8.63929454594533,3.2217187876309428
2022-07-15,8.784765125547944,3.283270127644158
2022-07-18,8.69560357353743,3.256160959399922
2022-07-19,9.043049611498278,3.3441386129238766
2022-07-20,9.213428966042297,3.3654514752530345
2022-07-21,9.286669461018928,3.3997226588793414
2022-07-22,9.031823567291678,3.3681796006754445
2022-07-25,8.993601566415064,3.3722720632683574
2022-07-26,8.841641176816694,3.332374464032452
2022-07-27,9.236025061604465,3.418904344759303
2022-07-28,9.379107198781272,3.461785591024083
2022-07-29,9.495501353061623,3.51225426458288
2022-08-01,9.509797651851223,3.5018530805654686
2022-08-02,9.474318389930012,3.4787499202352663
2022-08-03,9.683951361045334,3.533226522923184
2022-08-04,9.718097467155502,3.530838452571032
2022-08-05,9.618929424425612,3.5248714329725797
2022-08-08,9.485183174763161,3.5207792448389643
2022-08-09,9.25987293649569,3.506797739278762
2022-08-10,9.549701024296347,3.58045465555015
2022-08-11,9.520959084769798,3.58045465555015
2022-08-12,9.780517011884983,3.6410681681419996
2022-08-15,9.87377231580667,3.6560720345873605
2022-08-16,9.840140138252748,3.663233501050836
2022-08-17,9.686656904822724,3.637232050533446
2022-08-18,9.750556699903457,3.647803124856338
2022-08-19,9.502324657525772,3.5987830474725384
2022-08-22,9.236494576975897,3.523848248709527
2022-08-23,9.25438075904846,3.515322719534846
2022-08-24,9.239819725378089,3.526576374131937
2022-08-25,9.430412709754751,3.576363016335131
2022-08-26,8.983397381418577,3.4553061559162104
2022-08-29,8.898796619707493,3.4324596150296656
2022-08-30,8.819122474485704,3.3947780001660477
2022-08-31,8.75123874615609,3.3689469888727337
2022-09-01,8.694887460711842,3.379519161032818
2022-09-02,8.588322754327486,3.3438828168581134
2022-09-06,8.53679889828703,3.331265922927712
2022-09-07,8.735050998380103,3.391112047322272
2022-09-08,8.7794986692424,3.4132776546904067
2022-09-09,8.910789491346021,3.4663037399882395
2022-09-12,8.949370288078931,3.503558296184124
2022-09-13,8.455641999953833,3.351215271464261
2022-09-14,8.494541801053387,3.3640023301594404
2022-09-15,8.38319052916495,3.3258107699200843
2022-09-16,8.3833060702532,3.300437831195181
2022-09-19,8.444676773957513,3.32603280749219
2022-09-20,8.324475802321304,3.2878544212991394
2022-09-21,8.230184359147012,3.2305012107085784
2022-09-22,8.121509022583739,3.203365694371732
2022-09-23,8.026367110326165,3.1496949041828284
2022-09-26,7.914924397312068,3.1185349911589797
2022-09-27,7.922303627864532,3.1105745736789414
2022-09-28,8.09016352465088,3.171779271598746
2022-09-29,7.86848372725524,3.105524248135907
2022-09-30,7.775232844002539,3.0575018303004438
2022-10-03,8.06030860061175,3.138223328903103
2022-10-04,8.30836716180266,3.235466728328522
2022-10-05,8.277309579599608,3.2279336439755153
2022-10-06,8.215058079339427,3.1946354185607215
2022-10-07,7.893809966123683,3.105524248135907
2022-10-10,7.760826057189295,3.081812337082676
2022-10-11,7.636759976935552,3.0622952619405233
2022-10-12,7.578752164340334,3.0521946108544538
2022-10-13,7.7908173284577265,3.1327453957737386
2022-10-14,7.546256632696934,3.0613541410075813
2022-10-17,7.733071213410528,3.140021860683088
2022-10-18,7.819405401493965,3.176915502902064
2022-10-19,7.807333562261513,3.154402155603327
2022-10-20,7.88143276849377,3.1279514152150627
2022-10-21,8.061218298679096,3.2039659368565214
2022-10-24,8.189838664482226,3.2431708008242013
2022-10-25,8.340329234752403,3.2949590746879225
2022-10-26,8.186315414785133,3.2701350545590775
2022-10-27,8.253346812324306,3.2526725817219715
2022-10-28,8.549999341694354,3.3300558318827016
2022-10-31,8.46082309257565,3.3060019445441267
2022-11-01,8.443178858910201,3.2915357438636046
2022-11-02,8.234857550300996,3.2089298077206774
2022-11-03,8.209371481068088,3.175888750668137
2022-11-04,8.490305264974646,3.2215991233770023
2022-11-07,8.599187740131647,3.252416236737612
2022-11-08,8.707190875654403,3.2699640664164056
2022-11-09,8.521282527424209,3.202595561581462
2022-11-10,9.152667478863512,3.378592037524075
2022-11-11,9.27831957789585,3.4112913927505693
2022-11-14,9.19325057728971,3.3822725367106465
2022-11-15,9.330801768755885,3.411120130148599
2022-11-16,9.123644427594067,3.3850972718059626
2022-11-17,9.097467973478755,3.3747400012762356
2022-11-18,9.074312734101936,3.3900625149666084
2022-11-21,9.032635160264784,3.377735724514224
2022-11-22,9.188760119576,3.423190026698028
2022-11-23,9.308306774234984,3.4447614296859292
2022-11-25,9.246239482741228,3.4439910224363617
2022-11-28,9.0976260184047,3.3890357627326813
2022-11-29,9.042350283410649,3.3832147554807808
2022-11-30,9.482753447500365,3.489787849824106
2022-12-01,9.462953779255765,3.487219734172447
2022-12-02,9.431522141009117,3.483196435322637
2022-12-05,9.312312027829813,3.420536005286086
2022-12-06,9.14997869220529,3.3712293923951444
2022-12-07,9.114047762954312,3.365495114281421
2022-12-08,9.23744483087191,3.3918593999908055
2022-12-09,9.130182124819065,3.366522140974646
2022-12-12,9.310428764224968,3.4150577976974237
2022-12-13,9.434426837393103,3.440909667897388
2022-12-14,9.324473857749217,3.4189098339452633
2022-12-15,9.02906490238867,3.335277694487005
2022-12-16,8.932397052301162,3.295900470080163
2022-12-19,8.845393638771423,3.2679525542211496
2022-12-20,8.863241666389614,3.272424868482535
2022-12-21,9.005925130422833,3.3213557465944747
2022-12-22,8.674824710513388,3.2739722700048235
2022-12-23,8.723549318077033,3.2928051181169895
2022-12-27,8.570968794321354,3.279819899808633
2022-12-28,8.497210214070307,3.239058028243234
2022-12-29,8.6865359461551,3.297362514760764
2022-12-30,8.67941687775016,3.288677524733929
2023-01-03,8.636835655074135,3.2748326999041453
2023-01-04,8.729498973471792,3.3001145181421028
2023-01-05,8.635697245584549,3.2624490963770687
2023-01-06,8.875800335661403,3.337263681967544
2023-01-09,8.988707938195562,3.3353723829448247
2023-01-10,9.088548679765802,3.358762627700765
2023-01-11,9.242000239641992,3.4012439867683173
2023-01-12,9.300922979619754,3.4136267669174996
2023-01-13,9.398364571955502,3.4268694280474072
2023-01-17,9.461361012835031,3.420592269442182
2023-01-18,9.353449101366397,3.366588011206173
2023-01-19,9.235310783869776,3.342080168188658
2023-01-20,9.53922293113471,3.4043401621093845
2023-01-23,9.821768117995274,3.4451868415978746
2023-01-24,9.799966990257548,3.4414893259348256
2023-01-25,9.775031255043995,3.4427787357169666
2023-01-26,9.930339704248382,3.480616243461865
2023-01-27,9.949927041703106,3.488613164028541
2023-01-30,9.73789932028468,3.444842944097444
2023-01-31,9.903164540102818,3.4954938586301325
2023-02-01,10.244254860139064,3.5326427479962756
2023-02-02,10.522132083269659,3.5840673632901083
2023-02-03,10.263472002579595,3.5459718638050624
2023-02-06,10.239638107401484,3.5243013810105728
2023-02-07,10.442360807068017,3.570394349980891
2023-02-08,10.184852656268555,3.5313533382141347
2023-02-09,10.126415476080497,3.50073877581547
2023-02-10,10.000886319392253,3.5089088801992028
2023-02-13,10.141149181349338,3.5500991827288253
2023-02-14,10.300924968860384,3.548466149905552
2023-02-15,10.364957349180793,3.5599898724519026
2023-02-16,10.16138203038075,3.510972265201786
2023-02-17,10.070517602846094,3.5022016438739656
2023-02-21,9.821829129143872,3.431944180467967
2023-02-22,9.808009058781188,3.427214148925732
2023-02-23,10.116076399331687,3.44544510779732
2023-02-24,10.003691626770726,3.4086392925537132
2023-02-27,10.074378533394755,3.4202486464010495
2023-02-28,10.014036152918813,3.4076078745117195
2023-03-01,9.990847136637546,3.3945359270651863
2023-03-02,10.138082128186314,3.4209367158612087
2023-03-03,10.2650820531533,3.475800855077943
2023-03-06,10.162947368591887,3.478208686499553
2023-03-07,10.04185523889228,3.424891674345809
2023-03-08,10.213474412870116,3.4304821357873654
2023-03-09,10.098025228998443,3.367190449365347
2023-03-10,9.87802958793792,3.3186037432131363
2023-03-13,9.810855828988506,3.3138734372116034
2023-03-14,10.057343194598467,3.3686519451273527
2023-03-15,9.853962887613662,3.3475836260327387
2023-03-16,10.209937394290016,3.4063170924330883
2023-03-17,10.097159112667287,3.3664886569402865
2023-03-20,10.224461572517699,3.3988589354684438
2023-03-21,10.300319331605785,3.443487938543074
2023-03-22,10.19913063056956,3.384787956177084
2023-03-23,10.338501327604785,3.3939389780919726
2023-03-24,10.229825558831086,3.416210526749146
2023-03-27,10.255716726366025,3.422597469073583
2023-03-28,10.208803792465812,3.4149150788624487
2023-03-29,10.453231466187898,3.464551042911025
2023-03-30,10.551921006902985,3.4848363296283615
2023-03-31,10.667310719315683,3.533954663440855
2023-04-03,10.675114776618544,3.5474204599800605
2023-04-04,10.407068781590011,3.5277392581776863
2023-04-05,10.291027013005067,3.5185023305025145
2023-04-06,10.329890157912708,3.5322274910783573
2023-04-10,10.466402528578147,3.535853098405323
2023-04-11,10.453023901770061,3.5368027275765037
2023-04-12,10.273864199555872,3.5223864784882233
2023-04-13,10.349184431617775,3.569173280563959
2023-04-14,10.361359336447926,3.560454532043466
2023-04-17,10.420159480152755,3.5732311612853205
2023-04-18,10.508877801643076,3.575561320725588
2023-04-19,10.498524519406564,3.5749564124327318
2023-04-20,10.59461888354063,3.555448394447414
2023-04-21,10.560018781989932,3.5582102783634815
2023-04-24,10.533756958277413,3.561922340369326
2023-04-25,10.271501311360133,3.5053809803823355
2023-04-26,10.2739730397212,3.4905335557368513
2023-04-27,10.519763731409371,3.5600233564862624
2023-04-28,10.65908927908004,3.5904090198303704
2023-05-01,10.786538523470988,3.586783412503405
2023-05-02,10.602017949761803,3.5464708308088797
2023-05-03,10.45099736275856,3.5221279378294796
2023-05-04,10.349058275000038,3.497180959935118
2023-05-05,10.559677274585047,3.561922340369326
2023-05-08,10.585356114662773,3.562871969540507
2023-05-09,10.468023885522685,3.5472478250816
2023-05-10,10.546646097215703,3.563821598711688
2023-05-11,10.49414652427032,3.5576067423671156
2023-05-12,10.453251686726736,3.552944502271494
2023-05-15,10.637909578520638,3.565202952358669
2023-05-16,10.576645553349161,3.541378238533948
2023-05-17,10.772253068269363,3.584366249465662
2023-05-18,11.06356286989497,3.618895424832117
2023-05-19,10.973420793603522,3.6136293742808308
2023-05-22,10.972288598116883,3.615097182606691
2023-05-23,10.857569663256902,3.57452496241623
2023-05-24,10.774836966806516,3.548628904269283
2023-05-25,11.663187194145198,3.5793590140324176
2023-05-26,11.872719584156982,3.6257149150102475
2023-05-30,11.986209042621542,3.6270957197386324
2023-05-31,11.633259225190233,3.606982793460458
2023-06-01,11.951955258547267,3.6412528792495733
2023-06-02,11.989315265947079,3.693909542332259
2023-06-05,11.952927110181989,3.6868306881174906
2023-06-06,11.95129051851319,3.69485917150344
2023-06-07,11.840451411701027,3.6820830911801816
2023-06-08,11.985709420952055,3.7043546398373555
2023-06-09,12.02370714116066,3.711001495117026
2023-06-12,12.2013598249972,3.7446669470725826
2023-06-13,12.470950475290717,3.7693556587674992
2023-06-14,12.691822819913446,3.7738438916681707
2023-06-15,12.663595691622364,3.8206306937439063
2023-06-16,12.552046702232348,3.8076166572092567
2023-06-20,12.642168920521836,3.787862174774309
2023-06-21,12.538941645371212,3.7684543344327714
2023-06-22,12.582169131225571,3.7820576350802897
2023-06-23,12.423724894611224,3.7534647398709082
2023-06-26,12.359887073188455,3.738129326593528
2023-06-27,12.660130184129796,3.7791110400566486
2023-06-28,12.537356942286113,3.781017983259355
2023-06-29,12.527369644074767,3.795919750845849
2023-06-30,12.727733074365979,3.8407150762550852
2023-07-03,12.804155269215554,3.845133047575461
2023-07-05,12.615731735131757,3.839414962560321
2023-07-06,12.52278016108941,3.809349318757715
2023-07-07,12.574363085703029,3.7997322649547725
2023-07-10,12.676191358949966,3.809349318757715
2023-07-11,12.767814244215959,3.833609599488408
2023-07-12,13.003177081001377,3.864454433238119
2023-07-13,13.308414906763296,3.8951260831707732
2023-07-14,13.259370554859041,3.8927001374354937
2023-07-17,13.469360885446152,3.9062167089448345
2023-07-18,13.55192715680345,3.935241877548612
2023-07-19,13.41054145096143,3.9439930122662723
2023-07-20,13.082594453822523,3.9178266117107667
2023-07-21,12.963215507251894,3.9178266117107667
2023-07-24,13.090147329616658,3.935328881146087
2023-07-25,13.254478154745229,3.9460731392860353
2023-07-26,13.212098066051707,3.9466791454160837
2023-07-27,13.378611788788639,3.920512744860578
2023-07-28,13.622831457276046,3.9588958776899585
2023-07-31,13.655322279745157,3.966434176769628
2023-08-01,13.59938212169534,3.955083638040333
2023-08-02,13.208798914158248,3.9000652526981066
2023-08-03,13.254982459043482,3.8888878977858683
2023-08-04,13.185000765347507,3.8712999970495625
2023-08-07,13.369261764779644,3.9050906024450205
2023-08-08,13.286992145250712,3.8881084333794655
2023-08-09,13.072664884409514,3.8621154911003144
2023-08-10,13.030050697101577,3.8635017850146594
2023-08-11,12.74326506443863,3.861248748637138
2023-08-14,13.145849342628884,3.882562983262786
2023-08-15,13.083255064369405,3.837335384459154
2023-08-16,12.995790015831531,3.8091764093999565
2023-08-17,12.935619649948947,3.780151240796179
2023-08-18,12.938432549261176,3.7819706314828143
2023-08-21,13.38723287291072,3.80657727984762
2023-08-22,13.257014577400222,3.796266118479962
2023-08-23,13.479836251423512,3.8385487690157407
2023-08-24,13.302116741535608,3.7853494999008515
2023-08-25,13.191302404882249,3.8120354519075264
2023-08-28,13.33374784196662,3.8362090035000422
2023-08-29,13.693578850731205,3.891661034533155
2023-08-30,13.794280664548179,3.907689731997357
2023-08-31,13.852429367369927,3.9019713725229193
2023-09-01,13.770923750699561,3.909248935269461
2023-09-05,13.717028981004034,3.8923532208827845
2023-09-06,13.513701384160997,3.866187643705173
2023-09-07,13.347446838616094,3.854317553524709
2023-09-08,13.254546134304784,3.8601220932187283
2023-09-11,13.137225127816409,3.885509303827129
2023-09-12,13.032976176433948,3.864194794742183
2023-09-13,13.07591133108753,3.868700593037928
2023-09-14,13.223329058944776,3.9020578272017983
2023-09-15,12.845021277476441,3.8550443217458903
2023-09-18,12.838726105788774,3.8573053174430547
2023-09-19,12.750470394867044,3.8493062012019945
2023-09-20,12.590375268344905,3.8139182426920066
2023-09-21,12.340697470528479,3.7508804311206654
2023-09-22,12.470415711964577,3.7424465713515267
2023-09-25,12.58418697994941,3.758183518581924
2023-09-26,12.400257864097574,3.7029713649752884
2023-09-27,12.50295224332501,3.7044496027544733
2023-09-28,12.585820815652237,3.7259260428252565
2023-09-29,12.609742758674498,3.716882883414493
2023-10-02,12.662667634581046,3.715405194553904
2023-10-03,12.47415382742383,3.665670425158037
2023-10-04,12.601412392458984,3.6923637875657587
2023-10-05,12.61180706315398,3.6909722789247508
2023-10-06,12.76713692355439,3.7347943716631753
2023-10-09,12.751527618045094,3.7587052657074773
2023-10-10,12.872249401319877,3.7782687244709967
2023-10-11,13.037545423283001,3.793745484286862
2023-10-12,13.01606591348433,3.7706176226198376
2023-10-13,12.78650593441504,3.751836372855701
2023-10-16,12.940025962650601,3.791311304772641
2023-10-17,12.733415862949602,3.791137297577691
2023-10-18,12.412160366394593,3.740620044723143
2023-10-19,12.135573195321502,3.7077535437841487
2023-10-20,12.021744492747745,3.662192202474113
2023-10-23,12.135210064178137,3.6558453312071886
2023-10-24,12.31676068796511,3.6834081806710666
2023-10-25,11.964912504961857,3.6305429285218787
2023-10-26,11.914395347626762,3.587068850173355
2023-10-27,11.892078540350136,3.5708093324395107
2023-10-30,11.973076317540942,3.6135012017886514
2023-10-31,12.0119961860991,3.6361943199275975
2023-11-01,12.143727455348314,3.67497404644263
2023-11-02,12.388082235511451,3.745402223532003
2023-11-03,12.617615767005162,3.7795735039738276
2023-11-06,12.698917107656477,3.7882678256167956
2023-11-07,12.787050333453923,3.799049135761978
2023-11-08,12.84244925698792,3.8018318785846956
2023-11-09,12.836804397095747,3.7721825895372
2023-11-10,13.183952758887488,3.8310464241041133
2023-11-13,13.152825156225475,3.8273947431438353
2023-11-14,13.470739865343534,3.901649431766331
2023-11-15,13.416236748224938,3.9099087354219226
2023-11-16,13.456402844433633,3.914691463149379
2023-11-17,13.472754261772433,3.919560645555715
2023-11-20,13.701863048903494,3.9497316817287644
2023-11-21,13.592357384166977,3.941123814764675
2023-11-22,13.52970074629349,3.9563398382474126
2023-11-24,13.423016157700815,3.9587745666802294
2023-11-27,13.508086929141697,3.951644663036028
2023-11-28,13.420541328943582,3.9555570803294335
2023-11-29,13.46814186742867,3.9527746119660137
2023-11-30,13.3879737646941,3.9683386498386524
2023-12-01,13.455413360013775,3.991815349273472
2023-12-04,13.252426573872132,3.9708606563282425
2023-12-05,13.243681145407773,3.970077898410263
2023-12-06,13.160903950211308,3.9540793914688446
2023-12-07,13.282984712615415,3.984249878723298
2023-12-08,13.320273084286985,4.001379432431895
2023-12-11,13.46816664532818,4.0169431958452355
2023-12-12,13.601323736101925,4.035289153162697
2023-12-13,13.79599886602267,4.090936324756709
2023-12-14,13.979657171279259,4.104065908655829
2023-12-15,14.08397786783044,4.097308446279053
2023-12-18,14.149710027980582,4.12035644029035
2023-12-19,14.205389822789853,4.145411829607434
2023-12-20,13.834216052860285,4.0879672240706295
2023-12-21,14.068672195277179,4.12672911073129
2023-12-22,14.09565318697274,4.135022172880539
2023-12-26,14.20594893529431,4.152482724502559
2023-12-27,14.217289550226923,4.159990833059446
2023-12-28,14.22938760629921,4.161562386999961
2023-12-29,14.200035789075391,4.149514447194374
2024-01-02,13.94584735877592,4.126292171528828
2024-01-03,13.808525464283772,4.092594607835402
2024-01-04,13.814417673886826,4.079411778832464
2024-01-05,13.919049869125164,4.084998946762444
2024-01-08,14.413043808476326,4.1433163328669815
2024-01-09,14.460465720488596,4.137030391564219
2024-01-10,14.577787949752341,4.16042749780261
2024-01-11,14.627056664053118,4.158594109691776
2024-01-12,14.601350287962921,4.161475108943187
2024-01-16,14.784371680138788,4.146197057659095
2024-01-17,14.686872840635859,4.123149887025692
2024-01-18,14.981526903122123,4.159816002486601
2024-01-19,15.415096605236707,4.211673165634128
2024-01-22,15.465783133734238,4.220577723099386
2024-01-23,15.477161653265549,4.232887222615995
2024-01-24,15.675938908967849,4.237514331921469
2024-01-25,15.81997744714016,4.260561777014171
2024-01-26,15.650740622048653,4.255149165197738
2024-01-29,15.870763428272607,4.28884727780976
2024-01-30,15.912302948910495,4.285530162733779
2024-01-31,15.698898662725224,4.2156020504854155
2024-02-01,15.919339931287821,4.270776054249625
2024-02-02,16.231210411501014,4.315736329696977
2024-02-05,16.56224236211881,4.30002161366972
2024-02-06,16.389938852586948,4.312505943759173
2024-02-07,16.666708516468,4.348474109225195
2024-02-08,16.646668584390888,4.350395049852101
2024-02-09,17.100555861711815,4.375537442766659
2024-02-12,17.156479735907503,4.373616502139753
2024-02-13,16.986761630047745,4.313378998786204
2024-02-14,17.30191560504915,4.352577550190029
2024-02-15,17.274826265597216,4.382609435498977
2024-02-16,17.30187428433754,4.360783608741803
2024-02-20,16.807640222729248,4.336775830565297
2024-02-21,16.65270312476655,4.340704715416584
2024-02-22,18.025236257947547,4.430537439335918
2024-02-23,17.97616784481954,4.433592994700877
2024-02-26,18.067896245680654,4.417354884792279
2024-02-27,18.06592291225625,4.4255609433440535
2024-02-28,17.885439931157503,4.4197122157030515
2024-02-29,18.08594277195567,4.4356006644659605
2024-03-01,18.65483017396967,4.4772430014594375
2024-03-04,18.919632864416073,4.472442159418311
2024-03-05,18.902823443702985,4.427743169222683
2024-03-06,19.304430634147188,4.450180216836569
2024-03-07,19.822798405343026,4.494354166395066
2024-03-08,19.234706340477505,4.467378659828971
2024-03-11,19.189700118085224,4.463537327493754
2024-03-12,19.847207021869142,4.5115528838467664
2024-03-13,19.54228654140173,4.504481714492343
2024-03-14,19.179490469816717,4.495576882567787
2024-03-15,19.093953223646544,4.464707347481252
2024-03-18,19.276106843886087,4.491241523496117
2024-03-19,19.48375099898387,4.516200303140295
2024-03-20,19.648572200894147,4.557971910463143
2024-03-21,19.94296396740644,4.573034511198283
2024-03-22,20.245823912239405,4.564365714270031
2024-03-25,20.35539187524968,4.551755407362783
2024-03-26,20.021848695792063,4.543347621226957
2024-03-27,19.877151203647955,4.581529026472285
2024-03-28,19.808596317217262,4.580652677933679
2024-04-01,19.79856009530231,4.5726843011339975
2024-04-02,19.582642376081246,4.54361027877517
2024-04-03,19.533057018135,4.548602144487725
2024-04-04,19.00610543509097,4.493081224170807
2024-04-05,19.345633079821756,4.540019527779055
2024-04-08,19.301591900727033,4.542558550745123
2024-04-09,19.324777523601306,4.547813622924488
2024-04-10,19.282243684007305,4.5022761595733805
2024-04-11,19.739744732278137,4.536253946210095
2024-04-12,19.26353938744159,4.47363989979491
2024-04-15,18.920285936046316,4.417593664381564
2024-04-16,19.155199155532486,4.409537186147216
2024-04-17,18.60592462395255,4.3834402237941115
2024-04-18,18.544723022545355,4.374420118964383
2024-04-19,17.565476324463592,4.3362387137190535
2024-04-22,17.96830983566031,4.376171992663703
2024-04-23,18.436988375173343,4.428102161984506
2024-04-24,18.171849821739254,4.4260000782209
2024-04-25,18.40645925915416,4.409186427164334
2024-04-26,19.068092116303998,4.450958583405779
2024-04-29,19.16242370400723,4.46672132981019
2024-04-30,18.77911912369265,4.395963252644587
2024-05-01,18.358128993467293,4.381689173472686
2024-05-02,19.040280209651883,4.4226722592322965
2024-05-03,19.485641377769312,4.477493582798538
2024-05-06,19.84961166674813,4.523731466278215
2024-05-07,19.61127677959872,4.528723057531472
2024-05-08,19.56155305122405,4.52916054565253
2024-05-09,19.448892213072035,4.555257782464933
2024-05-10,19.44880680213194,4.561125722256796
2024-05-13,19.682543357983405,4.561736943113507
2024-05-14,19.905298379475305,4.5826680325591065
2024-05-15,20.396340166445487,4.639414962560321
2024-05-16,20.418198116004604,4.6298692681748665
2024-05-17,20.106051164377977,4.636524906152074
2024-05-20,20.625297195499943,4.641866981928914
2024-05-21,20.844220768163606,4.653250455773972
2024-05-22,21.275702628291647,4.6398529995999755
2024-05-23,22.113602219302397,4.605962216560737
2024-05-24,22.517289706546606,4.636437079176704
2024-05-28,22.90522872970727,4.639677894567833
2024-05-29,22.7892182661115,4.607187951785735
2024-05-30,22.454019375678886,4.576624438816504
2024-05-31,22.1037739785072,4.6183095914604735
2024-06-03,22.805492136480147,4.622075173029434
2024-06-04,22.86412246148637,4.627242143774131
2024-06-05,23.939873952075967,4.682237200076025
2024-06-06,23.790915239366146,4.682149922019252
2024-06-07,23.67119291475658,4.676457636178127
2024-06-10,23.859327347761226,4.690906820382171
2024-06-11,23.783071746043902,4.702204114007648
2024-06-12,24.359842924413506,4.740823281833333
2024-06-13,24.765679518315974,4.750369525137384
2024-06-14,24.867496431253215,4.753259581545631
2024-06-17,24.913111118107814,4.791089953348781
2024-06-18,25.35984704903572,4.803262772134971
2024-06-20,24.818797042447088,4.790214428188068
2024-06-21,24.357555997094394,4.783793178451377
2024-06-24,23.473890669414075,4.768241765706448
2024-06-25,24.36570643645733,4.786603641663196
2024-06-26,24.014429479431673,4.792577522744099
2024-06-27,23.75090437196559,4.800132838300246
2024-06-28,23.66530794461077,4.7812445494098785
2024-07-01,23.550997718274232,4.79108446416282
2024-07-02,23.49074138447273,4.823327393576692
2024-07-03,24.04440625077841,4.844852138483928
2024-07-05,23.8799348199403,4.872789350430318
2024-07-08,24.15826951432692,4.878413021446936
2024-07-09,24.55240902392959,4.883156227035476
2024-07-10,25.025845284037953,4.9314764332093
2024-07-11,24.146495012609183,4.888953905247044
2024-07-12,24.40585784172127,4.919792151973603
2024-07-15,24.33545801626297,4.9333218975292485
2024-07-16,24.328327276122906,4.962577063024775
2024-07-17,23.021044635855915,4.892996141788418
2024-07-18,23.155457554609058,4.855394120121229
2024-07-19,22.702082057477185,4.823151190707357
2024-07-22,23.551693700708988,4.872877726324283
2024-07-23,23.341060046343205,4.86523403487417
2024-07-24,22.158414779883426,4.754974952158314
2024-07-25,21.961918648808638,4.730200609162412
2024-07-26,22.16449980605132,4.7831772917866
2024-07-29,22.030061961555194,4.785988303917015
2024-07-30,21.029374274852643,4.7617409227733285
2024-07-31,22.760634023879188,4.839141738329133
2024-08-01,20.94145952449922,4.770614740797209
2024-08-02,20.197245107354178,4.681792576013218
2024-08-05,19.36724365170485,4.545441745670919
2024-08-06,19.724122632943132,4.587348935886994
2024-08-07,19.015857028317182,4.556686892029771
2024-08-08,19.95680343344129,4.662026017369157
2024-08-09,19.995129004858974,4.682582469872946
2024-08-12,20.311678246046785,4.685043820857672
2024-08-13,21.24693649251415,4.7620916817562104
2024-08-14,21.445030406227225,4.777115583730327
2024-08-15,22.26962451608482,4.858996123948564
2024-08-16,22.36542733206034,4.869889413487342
2024-08-19,23.10673472636701,4.916452531235183
2024-08-20,22.689007863886587,4.908458629720785
2024-08-21,22.89330486640993,4.925326898177659
2024-08-22,22.072771418979954,4.886669854968845
2024-08-23,22.764034442354138,4.938592613888601
2024-08-26,22.338862405033996,4.926819407840341
2024-08-27,22.488591545739926,4.933584829536761
2024-08-28,22.14382683848321,4.90494445286882
2024-08-29,21.28913349068901,4.905383038827071
2024-08-30,21.552291575121078,4.952210186419617
2024-09-03,20.0410154645409,4.850299057712615
2024-09-04,19.816331502159542,4.840370767065708
2024-09-05,19.894698746003534,4.828598658854641
2024-09-06,19.269271924245256,4.747332907463989
2024-09-09,19.765113651171582,4.8004846951203195
2024-09-10,20.013080109981935,4.82139465119997
2024-09-11,21.00806634454183,4.870856059135001
2024-09-12,20.926213239068566,4.911884430678786
2024-09-13,21.00997983581423,4.937537592346977
2024-09-16,20.78616620824152,4.944829975895612
2024-09-17,20.805256782905584,4.946851094166299
2024-09-18,20.48950337197488,4.932179597930851
2024-09-19,21.04350116655762,5.016344737345882
2024-09-20,20.70375189477449,5.007672921365352
2024-09-23,20.7631854326488,5.020186618599695
2024-09-24,21.299259075029696,5.034551269339946
2024-09-25,21.618999618148862,5.023447195060282
2024-09-26,21.924598436573536,5.043363059562471
2024-09-27,21.62012116663455,5.036048719269993
2024-09-30,21.605329188021734,5.056229162535482
2024-10-01,21.00168873079159,5.010933497825939
2024-10-02,21.22873386601504,5.013048481176552
2024-10-03,21.549848582134274,5.003884285215358
2024-10-04,21.794341309200387,5.0493556038756395
2024-10-07,21.981495407620198,5.003707533427427
2024-10-08,22.556352327790524,5.051030354512214
2024-10-09,22.620258799840848,5.086016230150589
2024-10-10,22.735764341575777,5.077114966196906
2024-10-11,22.86916718199232,5.107518469395386
2024-10-14,23.328080673901486,5.149289527799639
2024-10-15,22.284160949180983,5.10928104700733
2024-10-16,22.61009194943111,5.131488097729467
2024-10-17,22.648772253513474,5.131928330443506
2024-10-18,22.747054100710134,5.151669089913552
2024-10-21,23.307077231241443,5.143208058673909
2024-10-22,23.273392365652725,5.140476090821326
2024-10-23,22.827814680850746,5.0935056754752095
2024-10-24,23.050714078480194,5.1045213738609085
2024-10-25,23.20733636256009,5.102758796248965
2024-10-28,23.057846581512365,5.1185336188624895
2024-10-29,23.300702130306178,5.126817349395607
2024-10-30,23.00140583756377,5.111307654463977
2024-10-31,22.234552280096235,5.011109700695274
2024-11-01,22.5367134815637,5.032260632038595
2024-11-04,22.584448382220383,5.021420038685038
2024-11-05,23.130972527037674,5.082138120269437
2024-11-06,23.87115011609092,5.208508512698202
2024-11-07,24.033462168952774,5.248781572253812
2024-11-08,23.775016951369253,5.271517780502549
2024-11-11,23.416948810090055,5.2765409345750784
2024-11-12,23.691939950261254,5.26014967637818
2024-11-13,23.366984032824703,5.262705441361428
2024-11-14,23.367249059377812,5.2288657077516225
2024-11-15,22.56630785252198,5.16189105200935
2024-11-18,22.480411184391077,5.183040885515479
2024-11-19,23.01884573449413,5.201987359777029
2024-11-20,22.888926314739127,5.203749937388973
2024-11-21,23.214982830920867,5.231684953660978
2024-11-22,22.82239470192601,5.247900557907138
2024-11-25,22.377719113618923,5.265701439058715
2024-11-26,22.422894478423945,5.2931962226166815
2024-11-27,22.25020306527745,5.277157919077048
2024-11-29,22.630284145999678,5.309940435470845
2024-12-02,22.90319964609598,5.319457586089305
2024-12-03,22.999780032213494,5.321923877341395
2024-12-04,23.492516129494092,5.354970972498492
2024-12-05,23.378310772449144,5.346158084438775
2024-12-06,23.258970097737876,5.356293317396397
2024-12-09,22.909924619539666,5.328710157944465
2024-12-10,22.34772832236104,5.312143245796827
2024-12-11,22.929518649627997,5.353208943805145
2024-12-12,22.57465690634806,5.325626333271809
2024-12-13,22.262114063943894,5.3245691160558
2024-12-16,22.1144253108785,5.347304226467346
2024-12-17,21.86479108308351,5.325273927533139
2024-12-18,21.444586734926,5.166561251424615
2024-12-19,21.491137505315805,5.164974876682007
2024-12-20,22.018801216398902,5.227012009652734
2024-12-23,22.580633553063986,5.258312445837173
2024-12-24,22.69825667925218,5.316758553352486
2024-12-26,22.6567680604568,5.317112056928347
2024-12-27,22.29227765734873,5.261142121199854
2024-12-30,22.217974283630614,5.201104149755971
2024-12-31,21.956051724137954,5.182182376831244
2025-01-02,22.379024349997074,5.169449112158478
2025-01-03,23.146753512992564,5.234084825762945
2025-01-06,23.837996969431,5.264236375325835
2025-01-07,22.937510741762026,5.20472920816434
2025-01-08,22.810327364767794,5.212333926394133
2025-01-10,22.17143786448394,5.132753904011977
2025-01-13,21.765173509768736,5.1407126747362275
2025-01-14,21.63117933826684,5.147786039765036
2025-01-15,22.166968665235036,5.241424416310841
2025-01-16,22.022897032688945,5.231344075212826
2025-01-17,22.52370442451266,5.283866802158073
2025-01-21,22.94293835241055,5.332231470738179
2025-01-22,23.688183044997803,5.362207366350329
2025-01-23,23.802906152108598,5.391474059136373
2025-01-24,23.250900942127245,5.3757349162315915
2025-01-27,20.6743535785984,5.299693223119628
2025-01-28,21.798073093502307,5.345230960930032
2025-01-29,21.19893197282984,5.321269017456298
2025-01-30,21.579511443190924,5.3498276052534255
2025-01-31,21.07018706364337,5.321356295513071
2025-02-03,20.624658914587624,5.285545944143416
2025-02-04,20.817568653263464,5.321003340855805
2025-02-05,21.497217084893197,5.342577488436687
2025-02-06,21.90654614573241,5.361146855622745
2025-02-07,21.94721266319821,5.312072435297936
2025-02-10,22.310979583457993,5.348147914349487
2025-02-11,22.201872403266485,5.352215401146279
2025-02-12,21.995003800778893,5.334973868044086
2025-02-13,22.548725125106383,5.391297307348442
2025-02-14,22.924013423139755,5.391032179666546
2025-02-18,23.21324972181281,5.4068602473838885
2025-02-19,23.20520239752586,5.419592963138058
2025-02-20,23.299629740903583,5.3970450339677685
2025-02-21,22.59087672397209,5.304734491505828
2025-02-24,22.061107784255025,5.280594698406969
2025-02-25,21.583137798184033,5.254333334934346
2025-02-26,22.08663766207467,5.2569857095904995
2025-02-27,20.658002710707407,5.1730741705668475
2025-02-28,21.20988697310887,5.253802530651957
2025-03-03,19.962350859874988,5.161757115871913
2025-03-04,20.161420268460827,5.100657535863253
2025-03-05,20.53958863144667,5.155478036051601
2025-03-06,19.668676727919166,5.0639623277167525
2025-03-07,20.048909237924953,5.092345261563142
2025-03-10,19.244082442889823,4.956709123232911
2025-03-11,19.25721807515155,4.915503999901195
2025-03-12,20.098469609990765,4.941588062667291
2025-03-13,19.938714018223262,4.875713988710117
2025-03-14,20.82700261874678,4.976426279203327
2025-03-17,20.60942268981972,5.014800629335171
2025-03-18,20.07521662850451,4.96059876040458
2025-03-19,20.340464454702953,5.014623328628644
2025-03-20,20.40496013464784,5.000123094995166
2025-03-21,20.24072042841627,5.0017725953763215
2025-03-24,20.8414663711611,5.091346778636912
2025-03-25,20.76063957675628,5.103585467654629
2025-03-26,19.950943709590643,5.0426576991665355
2025-03-27,19.723801431245526,5.0292657321785
2025-03-28,19.345482063449452,4.927984762019773
2025-03-31,19.198547099574082,4.961064792292634
2025-04-01,19.37688878719735,4.975077586212811
2025-04-02,19.451523541422787,5.006561361208335
2025-04-03,18.119312954619662,4.759833979570622
2025-04-04,16.9149127552468,4.4811798456303675
2025-04-07,17.27865566915642,4.473198020325083
2025-04-08,16.941737262685887,4.403135148561387
2025-04-09,19.502695592596005,4.865549114148308
2025-04-10,18.512637785006305,4.652345837927667
2025-04-11,19.007606648434834,4.735356601535188
2025-04-14,19.069859552275716,4.781296696676503
2025-04-15,19.22535213492441,4.7679047296884685
2025-04-16,18.192777559692665,4.661924467428886
2025-04-17,17.87727313210206,4.668575165138729
2025-04-21,17.294703403196593,4.557450437796888
2025-04-22,17.647296351883657,4.676025088324433
2025-04-23,18.200803902894535,4.7484817940855395
2025-04-24,18.778502116007022,4.848432734486017
2025-04-25,19.25525793584711,4.883463621449269
2025-04-28,19.083674796516807,4.885326102245695
2025-04-29,19.13312058419293,4.9161012233337065
2025-04-30,19.244521932877156,4.918052080024098
2025-05-01,19.49235534284274,4.952905666280823
2025-05-02,19.947757221723357,5.026427274118283
2025-05-05,19.81442600984217,4.99760465647645
2025-05-06,19.634632020992974,4.955832500235005
2025-05-07,20.06956448775173,4.976674390408745
2025-05-08,19.986945344047236,5.01135122487754
2025-05-09,19.89745641981285,5.004965654849593
2025-05-12,20.92061496766066,5.170366355132492
2025-05-13,21.745410320354203,5.204511287481705
2025-05-14,22.269426239946736,5.21116308302874
2025-05-15,22.267900035851817,5.236615889409371
2025-05-16,22.384959140822648,5.269784844494793
2025-05-19,22.46823749412199,5.275549038672001
2025-05-20,22.376336561339844,5.257811832077568
2025-05-21,21.961542201288307,5.1692136260807695
2025-05-22,22.080712955617525,5.171253407583722
2025-05-23,21.851942334665388,5.135955746182786
2025-05-27,22.46116513278813,5.242735782836825
2025-05-28,22.376768142800085,5.212404187974428
2025-05-29,22.84684969817718,5.232979303710484
2025-05-30,22.292760727515777,5.2271267336393095
2025-06-02,22.62475290319653,5.25657072713188
2025-06-03,23.09513112312567,5.28654662274403
2025-06-04,23.22586005187637,5.285127119254623
2025-06-05,23.029234586148693,5.259585388061432
2025-06-06,23.33984439890122,5.3135962333205935
2025-06-09,23.484874788516805,5.318384999152607
2025-06-10,23.74758632449735,5.348539293308477
2025-06-11,23.57657515900253,5.333284845524015
2025-06-12,23.81629509098362,5.354481337110808
2025-06-13,23.32038420144296,5.294617372861876
2025-06-16,23.762018714449233,5.3449910835035555
2025-06-17,23.62765772667965,5.299317762799924
2025-06-18,23.73864701427967,5.298519086242659
2025-06-20,23.55458489435857,5.2860761995072085
2025-06-23,23.670501748526757,5.3382882385270864
2025-06-24,24.262345840927114,5.397261856813212
2025-06-25,24.871141341888773,5.400285849358897
2025-06-26,25.035923429254495,5.442537760453297
2025-06-27,25.35302504574366,5.469578039413728
2025-06-30,25.43199537252014,5.495728521329948
2025-07-01,25.010528927455713,5.4939500250787185
2025-07-02,25.501028372519812,5.518855559619078
2025-07-03,25.775625867921327,5.562352418089338
2025-07-07,25.635801821338493,5.520901379226587
2025-07-08,25.932589612069783,5.517877386680902
2025-07-09,26.266791980597652,5.5509661996513
2025-07-10,26.521366113739223,5.566620809092288
2025-07-11,26.552638813775268,5.547052410061403
2025-07-14,26.404154370967056,5.557637207349196
2025-07-15,27.027446471780028,5.533888244290732
2025-07-16,27.095802956966303,5.552388996652283
2025-07-17,27.298088002516657,5.586368155585487
2025-07-18,27.22489886810887,5.5822765163704675
2025-07-21,27.193676474196728,5.592861313658261
2025-07-22,26.718763961762903,5.593661636971314
2025-07-23,27.135762180826212,5.641249585737997
2025-07-24,27.500898633780167,5.643117555720384
2025-07-25,27.445413217189525,5.66695544359141
2025-07-28,27.82946526358077,5.665533195509022
2025-07-29,27.754031151872546,5.6505894356499295
2025-07-30,28.154425218981608,5.643473803889226
2025-07-31,27.70805178001646,5.622303660395043
2025-08-01,27.277503724554357,5.5301517554073625
2025-08-04,28.09871927413781,5.614208757858971
2025-08-05,27.85764108299142,5.5857451329789605
2025-08-06,28.099375769584793,5.628530592948729
2025-08-07,28.306092036248952,5.623815931127184
2025-08-08,28.586228506980817,5.6676679399290935
2025-08-11,28.508529078457816,5.656460120034774
2025-08-12,28.786401162308604,5.71667868569676
2025-08-13,28.836831652312323,5.73624763364624
2025-08-14,28.883308627257836,5.736781731440205
2025-08-15,28.414928234742813,5.723350242313253
2025-08-18,28.53250262299429,5.722104746018796
2025-08-19,27.98867545353605,5.691061203737312
2025-08-20,27.898194911246037,5.675939594253097
2025-08-21,27.790927192501588,5.653168804132808
2025-08-22,28.187475303315622,5.7399835736110125
2025-08-25,28.372291523803984,5.714721241983216
2025-08-26,28.66987910969584,5.738649152503995
2025-08-27,28.677998269028866,5.751724393462105
2025-08-28,28.518654791183057,5.772094213643235
2025-08-29,27.732158606841903,5.737670430647223
2025-09-02,27.228279666635625,5.695152842952331
2025-09-03,27.287099715950898,5.726017986690096
2025-09-04,27.53004567339254,5.773873807731656
2025-09-05,27.221568609512843,5.757149904865546
2025-09-08,27.42360944682257,5.771294439248777
2025-09-09,27.686635294801853,5.784635905725976
2025-09-10,28.355983672568513,5.801358710754894
2025-09-11,28.543352370652563,5.84956858429091
2025-09-12,28.537037073139274,5.847611140577366
2025-09-15,28.624554250940623,5.878744156590008
2025-09-16,28.332144776091926,5.870649802972531
2025-09-17,27.87039021143773,5.863356321586704
2025-09-18,28.724145706031894,5.890752299797381
2025-09-19,28.761968909592667,5.919928421015074
2025-09-22,29.5246473988894,5.947935894541759
2025-09-23,29.006083729292705,5.915558480071853
2025-09-24,28.815524286573577,5.896737159250205
2025-09-25,28.825677597730394,5.869532753629553
2025-09-26,28.943043985805478,5.903160055742683
2025-09-29,29.36910176864239,5.919750022471355
2025-09-30,29.89043063021088,5.942048742599034
2025-10-01,30.143091527469707,5.962296702851838
2025-10-02,30.373724566267498,5.969163674488528
2025-10-03,30.08630495253119,5.9690752985945625
2025-10-06,29.96795381235745,5.990482026003646
2025-10-07,29.59679631263545,5.968272230688529
2025-10-08,29.88408023374131,6.003861367863973
2025-10-09,30.14817460187285,5.986468333229268
2025-10-10,28.889342556725087,5.824666892180724
2025-10-13,29.642345098273722,5.9140412690723485
2025-10-14,28.81738226770927,5.906816402511028
2025-10-15,29.057086139989902,5.93304043951912
2025-10-16,29.22641328048914,5.892634541663265
2025-10-17,29.405141199718855,5.92608289631408
2025-10-20,29.568968150746844,5.9877171230353
2025-10-21,29.447490317323375,5.987627100385547
2025-10-22,29.201594886203033,5.9564984757216735
2025-10-23,29.470809294423933,5.991820289540836
2025-10-24,29.99730258145972,6.040788768576606
2025-10-27,30.666185300506502,6.112055967740054
2025-10-28,31.54085726629394,6.128289686299884
2025-10-29,32.188583865578444,6.1312329878119485
2025-10-30,31.804805851756228,6.06380108287916
2025-10-31,31.70889792323415,6.083691697125931
2025-11-03,32.14158854743875,6.095109203923944
2025-11-04,31.190978708283915,6.022860538310744
2025-11-05,31.05200332876585,6.043732070088671
2025-11-06,30.247049819325873,5.978886669580509
2025-11-07,30.276207791061257,5.984773272604639
2025-11-10,31.536380251024795,6.078161891189239
2025-11-11,30.9092434230647,6.092075879762126
2025-11-12,31.015621406763845,6.095465452092786
2025-11-13,30.062027623098697,5.994317320234306
2025-11-14,30.270156539115973,5.993336951621746
2025-11-17,29.860134247042016,5.937499854193498
2025-11-18,29.254089712783717,5.88763993135773
2025-11-19,29.918173305458975,5.9103849223040035
2025-11-20,28.990316406389,5.820296951237503
2025-11-21,28.923376315987795,5.878274282271782
2025-11-24,29.501666021436456,5.9647931846267115
2025-11-25,29.15218759625223,6.020897605411239
2025-11-26,29.461129157059403,6.062463368260566
2025-11-28,29.217274327864736,6.095554925823944
2025-12-01,29.37713606651213,6.0677258508409775
2025-12-02,29.67271628422419,6.078964959095273
2025-12-03,29.556009614714696,6.100014889416918
2025-12-04,29.953658883223294,6.104474304091296
2025-12-05,29.988187460382743,6.116069660514433
2025-12-08,30.27875892422951,6.097695708348572
2025-12-09,30.131391737827304,6.092432127930968
2025-12-10,30.086758877032366,6.132839123624016
2025-12-11,29.834895315143026,6.147109909284341
2025-12-12,29.01330234649852,6.081015718970146
2025-12-15,29.340330542360856,6.071828468427918
2025-12-16,29.400419406922676,6.055238501699246
2025-12-17,28.50461343672305,5.988609115753895
2025-12-18,29.02533144997605,6.03383067645297
2025-12-19,29.935380979473926,6.088518338341072
2025-12-22,30.31963677250295,6.1264491622473
2025-12-23,30.844789108681063,6.1544494998322365
2025-12-24,30.837291982559783,6.176098849260778
2025-12-26,30.988787747317605,6.175472533142676
2025-12-29,30.651508872072124,6.153465288789504
2025-12-30,30.476614088125675,6.1459511421280615
2025-12-31,30.21557376432756,6.100416148910637
2026-01-02,30.71205182004669,6.111598169630941
2026-01-05,31.026798914344376,6.152302130284457
2026-01-06,31.24369668314596,6.188891397141918
2026-01-07,31.347041595446168,6.168942048605369
2026-01-08,30.725559612956648,6.168315732487267
2026-01-09,31.07565233079875,6.209109166871939
2026-01-12,31.2030136761212,6.21886015681232
2026-01-13,31.421306324960202,6.20642550385581
2026-01-14,31.15667011137769,6.175919901798463
2026-01-15,31.930018934429285,6.192738218663095
2026-01-16,32.00942912462784,6.187549291174555
2026-01-20,30.823779010724042,6.061590587692834
2026-01-21,31.79170825020128,6.1315480670860865
2026-01-22,31.93522361539858,6.163574722573111
2026-01-23,32.155753802944254,6.165810468014857
2026-01-26,32.1963203985696,6.197121333652621
2026-01-27,32.6544492818629,6.221812241021921
2026-01-28,32.97759174253899,6.2211859249038195
2026-01-29,33.29038019245985,6.208840745678467
2026-01-30,32.0070607856734,6.190322427921842
2026-02-02,31.386036948580927,6.221097000091258
2026-02-03,30.420436383771044,6.168494679949582
2026-02-04,29.66309141324076,6.138615394010338
2026-02-05,29.347563076639542,6.061948482617463
2026-02-06,31.29753473946722,6.178245669889963
2026-02-09,31.753118710653634,6.208036031016645
2026-02-10,31.511151898012887,6.191664533889205
2026-02-11,31.807302520803393,6.1902335031092806
2026-02-12,31.325813377713786,6.094601454222591
2026-02-13,31.06340724901418,6.098895095480959
2026-02-17,31.257553984783694,6.108735559152497
2026-02-18,31.713508006867496,6.139509582403316
2026-02-19,31.727990494335526,6.123317032738191
2026-02-20,32.06308981185652,6.167600491556603
2026-02-23,32.184831729252735,6.104620865356444
2026-02-24,32.43211542296653,6.148992151150225
2026-02-25,32.837858983892744,6.200879230361236
2026-02-26,31.703952635023086,6.1664367841329595
2026-02-27,31.006503940419336,6.136825919387188
2026-03-02,31.56522177226057,6.140315394902331
2026-03-03,30.79650386804891,6.0861925702495725
2026-03-04,31.474694212999225,6.1291322763448335
2026-03-05,31.280525413493308,6.094959349147221
2026-03-06,30.260236675647732,6.0150719323512725
2026-03-09,31.169106830875172,6.067763726224106
2026-03-10,31.44647518471431,6.058012187365129
2026-03-11,31.61677151718698,6.0504085669725285
2026-03-12,30.925437887069787,5.958533316957262
2026-03-13,30.637066209333845,5.924807209496841
2026-03-16,31.058880199646875,5.98510317268087
2026-03-17,31.215431471051502,6.000847255853016
2026-03-18,30.972493542956986,5.9171135664544865
2026-03-19,30.921674778491823,5.9025320928687925
2026-03-20,30.185812674895594,5.817914644530609
2026-03-23,30.65979844510342,5.879002697248751
2026-03-24,30.828463651265956,5.859267975883261
2026-03-25,31.14903487598429,5.891919849651196
2026-03-26,29.98023128702214,5.786697643972771
2026-03-27,29.298828859980965,5.688023488226725
2026-03-30,28.791256534222825,5.669006203466283
2026-03-31,30.29508110384964,5.833792114921597
2026-04-01,30.640103130431406,5.87774677150097
2026-04-02,30.708571822401257,5.883039444604164
2026-04-06,30.900501472818657,5.9108476606804805
2026-04-07,30.9608384759862,5.913448436988605
2026-04-08,32.17099742413982,6.064061819212288
2026-04-09,32.55139341589588,6.099045499176279
2026-04-10,33.02804422563591,6.095009300739462
2026-04-13,33.27971561394266,6.154572457597753
2026-04-14,34.335746832293516,6.22956516727265
2026-04-15,34.397949905937615,6.2787224743054635
2026-04-16,34.306822666609825,6.294151478203472
2026-04-17,35.07100054197865,6.370220617245239
2026-04-20,35.199150556831505,6.357481863386512
2026-04-21,34.788988908398075,6.315860110840387
2026-04-22,35.16144300401344,6.3798190078159145
2026-04-23,34.74179586629162,6.355060583459299
2026-04-24,36.07709685712686,6.404307913141866
2026-04-27,36.723850095119175,6.415341176922639
2026-04-28,35.962609661363075,6.3841241763648
2026-04-29,35.4838260488886,6.383137769647684
2026-04-30,34.21898153273163,6.446647651211635
2026-05-01,33.987145188300246,6.464499032874048
2026-05-04,33.967401018447156,6.440817037884303
2026-05-05,33.854103240391,6.492486745331276
2026-05-06,35.52038267480629,6.582728413604673
2026-05-07,35.6375525272746,6.562545225746203
2026-05-08,36.65858256303446,6.616726235770143
2026-05-11,36.79051073534698,6.631796246906329
2026-05-12,36.827853052880464,6.621749389842673
2026-05-13,37.3430218174201,6.658797003727844
2026-05-14,38.60949269830537,6.711363644160776
2026-05-15,37.013264855237985,6.630630343808301
2026-05-18,36.437004473908644,6.625965633578997
2026-05-19,36.092677099457774,6.581831480618714
2026-05-20,36.98378565470615,6.64928863580692
2026-05-21,36.61489888536384,6.6624747583214345
2026-05-22,36.418974051828705,6.688668604806743
2026-05-26,36.94787683449753,6.733072276797691
2026-05-27,36.72753060879128,6.731905824781067
2026-05-28,36.83913064503626,6.769042912397395
2026-05-29,36.4462526776754,6.785907338424096
2026-06-01,37.82684765739278,6.804386134041804
2026-06-02,37.99664446634443,6.813626080769255
2026-06-03,37.544853051226674,6.765813624296784
2026-06-04,38.163695962831326,6.791379507908202
2026-06-05,35.77193353473945,6.616098272896252
2026-06-08,36.93089741528885,6.631078261382685
2026-06-09,37.013979051465235,6.611613059047859
2026-06-10,35.96523057668761,6.5073772600865505
2026-06-11,37.762544204549755,6.617982161517925
2026-06-12,38.38771547449022,6.653773849655313
2026-06-15,39.43303718727681,6.771106297399978
2026-06-16,38.16847063808062,6.730739921683039
2026-06-17,37.94732374912431,6.6466873105802
2026-06-18,39.478427240112225,6.71579286831237
2026-06-22,39.58554228748489,6.6946584045269315
2026-06-23,37.68176991948181,6.597438883060441
2026-06-24,37.53682134669004,6.5943808575617995
2026-06-25,37.875741231508606,6.603913926819545
2026-06-26,37.41640104011668,6.556158557881065
2026-06-29,38.92137779567588,6.664170367864658
2026-06-30,40.336349611173766,6.716062936261631
2026-07-01,38.67315275763134,6.706979431334058
2026-07-02,37.39572455224904,6.698165994355745
2026-07-06,37.47735153026717,6.756623629161575
2026-07-07,36.81351923149721,6.724516831559526
2026-07-08,37.547362485724975,6.703741909454505
2026-07-09,37.861924893528936,6.760490760670806
2026-07-10,38.61725297012446,6.789629555423968
2026-07-13,37.39888530800211,6.737646964377242
2026-07-14,38.615012406600364,6.761569934630657
2026-07-15,38.55999910885592,6.7883703361646095
2026-07-16,37.71613291270045,6.751586752124143
2026-07-17,36.85245431839866,6.684765244670172
2026-07-20,36.588694646530726,6.673973505071665
2026-07-21,37.57898237345922,6.729643182328115
2026-07-22,37.93828705302579,6.721818347741303
2026-07-23,37.65681613035159,6.638808681970975
2026-07-24,37.16474423786345,6.64555379367934
2026-07-27,36.131348956532264,6.646993058238205
2026-07-28,35.956587217923854,6.662911148605301
2026-07-29,34.29963942607403,6.56038577998931
2026-07-30,35.2229020537827,6.670375892593098
2026-07-31,35.798756705489524,6.71840132948084
2026-08-03,36.37360998635112,6.814091563738712
2026-08-04,37.55866934434309,6.936942839048148
2026-08-05,38.25689385823604,6.923092525032403
2026-08-06,38.016018846196495,6.912030717484636
2026-08-07,38.92313553709674,6.954300193974109
2026-08-10,38.07621031141424,6.952231868704161
2026-08-11,38.45037418609972,6.930017682040275
2026-08-12,39.4063756833574,6.947375036966236
2026-08-13,39.640849902067174,6.99585003818415
2026-08-14,39.39086387727654,6.982000273087001
2026-08-17,39.3619401011781,6.948993797906013
2026-08-18,38.31251668961171,6.902048083896719
2026-08-19,40.63767209745837,6.916527458623546
2026-08-20,39.501671234484796,6.858429365498133
2026-08-21,39.59733291809052,6.886488986291444
