date,algo_nav,kospi200_nav
2015-07-28,1.0,1.0
2015-07-29,1.0034390299187508,1.0030993842012967
2015-07-30,1.0119891243467938,0.9934749806288486
2015-07-31,0.9914729981921071,0.9962888952326577
2015-08-03,0.988467717226951,0.9847885485910036
2015-08-04,1.0025287985048519,0.9932302924024307
2015-08-05,1.0017645233600359,0.9914766934464336
2015-08-06,0.9956282219210482,0.9789160311569673
2015-08-07,0.9910872014176367,0.9778964968802251
2015-08-10,0.9794840080237307,0.9754088332449737
2015-08-11,0.9764841418445467,0.9702295991191223
2015-08-12,0.9818258057229221,0.9674972472574528
2015-08-13,0.984220709056521,0.9678234982260103
2015-08-14,0.984220709056521,0.9678234982260103
2015-08-17,0.9749169328754168,0.9598711308674198
2015-08-18,0.9817991038153985,0.9591778475592349
2015-08-19,0.9738756602322571,0.9553851800497533
2015-08-20,0.9593259783869645,0.9444557726030749
2015-08-21,0.9272349143490066,0.9263080624770604
2015-08-24,0.9075385171002426,0.9034297133069613
2015-08-25,0.9314842524403459,0.9097100444516943
2015-08-26,0.9595950437126164,0.9286326006280332
2015-08-27,0.9540830425457146,0.9336487092696056
2015-08-28,0.967755636009106,0.9475551568043717
2015-08-31,0.9801155162892506,0.9493903185025081
2015-09-01,0.9687483504771696,0.9361363729048571
2015-09-02,0.97543865038428,0.937604502263366
2015-09-03,0.9673885920794998,0.9396027894457811
2015-09-04,0.9538315773153596,0.9294074466783573
2015-09-07,0.9654749640383516,0.9270013457852453
2015-09-08,0.9823142589327525,0.9288365074833815
2015-09-09,1.0282347190434695,0.9559153378736593
2015-09-10,1.0511296147126505,0.9672525590310346
2015-09-11,1.0454262591952805,0.9532237673830595
2015-09-14,1.0251741448073022,0.95045063415032
2015-09-15,1.0334566697443381,0.9526120468170141
2015-09-16,1.058952398887468,0.9737775784021858
2015-09-17,1.046090212553748,0.9758574283267403
2015-09-18,1.04123303653118,0.9833204192324946
2015-09-21,1.0252314130448434,0.9653766159618287
2015-09-22,1.0393636035098737,0.973369764691489
2015-09-23,1.0013440063220276,0.9553443986786836
2015-09-24,1.000412925730656,0.9553443986786836
2015-09-25,1.0077709091620095,0.9534276742384078
2015-09-28,1.0077709091620095,0.9534276742384078
2015-09-29,1.0077709091620095,0.9534276742384078
2015-09-30,1.0024681662304336,0.965335834590759
2015-10-01,1.0237773231996836,0.9731250764650707
2015-10-02,1.034377159048096,0.9671302149178256
2015-10-05,1.0256560065978932,0.9705150687166102
2015-10-06,1.0053778485678904,0.9794869703519432
2015-10-07,1.007301364602102,0.9931079482892214
2015-10-08,1.0049358557437613,1.0033032910566453
2015-10-12,1.0258941251352471,1.005220015496921
2015-10-13,1.0367529898550683,1.0033848537987846
2015-10-14,1.014536954195412,0.9988989029811182
2015-10-15,1.0220549167684316,1.0109294074466784
2015-10-16,1.0140355439025126,1.0088087761510542
2015-10-19,1.0091406886130743,1.0092165898617511
2015-10-20,1.0114595711290089,1.013539415195139
2015-10-21,1.029556427754309,1.016475673912157
2015-10-22,1.0004471447814869,1.0081970555850088
2015-10-23,1.0023279932706044,1.017128175849272
2015-10-26,1.028214068405955,1.021002406100893
2015-10-27,1.0223947247796927,1.0196974022266627
2015-10-28,1.0168622799034084,1.0186778679499204
2015-10-29,0.998102285739297,1.0151706700379266
2015-10-30,0.9912441543692725,1.017128175849272
2015-11-02,0.9782401297882207,1.0219811590065657
2015-11-03,1.0276163128905946,1.0281799274091594
2015-11-04,1.019277461532957,1.029036336201623
2015-11-05,1.016242730883808,1.0268341421638594
2015-11-06,1.0014973032786898,1.0205538110191263
2015-11-09,0.9773206328665341,1.016312548427878
2015-11-10,0.9667966174515681,1.0026507891195302
2015-11-11,0.9521625572931897,1.0026507891195302
2015-11-12,0.9432498753682657,0.999714530402512
2015-11-13,0.9344382117491342,0.9898046572325762
2015-11-16,0.9084944661524499,0.9741446107418131
2015-11-17,0.9233808392941986,0.9838913584274702
2015-11-18,0.9296935497563753,0.9846254231067247
2015-11-19,0.9376224703748665,0.9982871824150726
2015-11-20,0.9414080595078431,0.9983279637861424
2015-11-23,0.9348761704334219,1.0028954773459482
2015-11-24,0.9330999620592527,1.0093797153460298
2015-11-25,0.9285795760618581,1.0055870478365483
2015-11-26,0.9534661445636448,1.0172097385914114
2015-11-27,0.9487160192821309,1.0157416092329024
2015-11-30,0.9302838450205971,0.9960442070062395
2015-12-01,0.9449152223663966,1.0142326985033236
2015-12-02,0.9394030670361826,1.0056686105786876
2015-12-03,0.935974179187597,0.9978385873333061
2015-12-04,0.9264238687443467,0.9875209004526733
2015-12-07,0.9168386703805992,0.981526038905428
2015-12-08,0.8975200055265875,0.9756127401003221
2015-12-09,0.9116847473216254,0.976306023408507
2015-12-10,0.927933993992348,0.9811997879368703
2015-12-11,0.9274507760076368,0.9801802536601281
2015-12-14,0.9040198736070915,0.9712899147669344
2015-12-15,0.906052667975287,0.9738591411443253
2015-12-16,0.9321434602522757,0.9929856041760124
2015-12-17,0.9317664709268885,0.9957587374087515
2015-12-18,0.9281469324283398,0.9909873169935972
2015-12-21,0.9403512650434633,0.9940867011948941
2015-12-22,0.9449682015717125,1.0011010970188816
2015-12-23,0.9547085002474279,1.0053831409811997
2015-12-24,0.9611734553941703,1.0004893764528364
2015-12-28,0.9500123721167298,0.9860527710941641
2015-12-29,0.9536950418134035,0.9837282329431914
2015-12-30,0.9531599489252529,0.9803025977733371
2016-01-04,0.9316210753945434,0.9568533094082623
2016-01-05,0.9397883617229992,0.9629705150687166
2016-01-06,0.9328990915109101,0.9567309652950531
2016-01-07,0.9212186453328479,0.9458423392194445
2016-01-08,0.9317772667500664,0.9529790791566413
2016-01-11,0.9096677375267566,0.941356388401778
2016-01-12,0.9042577193004503,0.9402145100118267
2016-01-13,0.9162715816262906,0.9523265772195262
2016-01-14,0.9058883058875954,0.9435993638106113
2016-01-15,0.8958808195317813,0.9329962073324904
2016-01-18,0.9051032499180467,0.9322213612821663
2016-01-19,0.8979083278401097,0.9382977855715509
2016-01-20,0.8679573460468165,0.9157049059989396
2016-01-21,0.8663309725348898,0.9127278659108519
2016-01-22,0.8927725163757856,0.9330369887035601
2016-01-25,0.8938637139876617,0.9388279433954569
2016-01-26,0.8790441586915304,0.9265119693324089
2016-01-27,0.8930504138025395,0.941886546225684
2016-01-28,0.8992296148163716,0.9441295216345174
2016-01-29,0.9056828718723431,0.9465356225276294
2016-02-01,0.8960147774384721,0.9529382977855715
2016-02-02,0.9021026835622656,0.9424574854206598
2016-02-03,0.8939326058190137,0.9337710533828146
2016-02-04,0.9123704009335566,0.9498389135842746
2016-02-05,0.924048722701951,0.9514293870559929
2016-02-11,0.9094187913612768,0.9245136821499939
2016-02-12,0.9012295074381957,0.9174992863260062
2016-02-15,0.9351999293509055,0.9314465152318421
2016-02-16,0.9489080377674053,0.944170303005587
2016-02-17,0.9374597773759638,0.9458831205905142
2016-02-18,0.9516309374943686,0.9573019044900289
2016-02-19,0.9529761290940997,0.9594633171567227
2016-02-22,0.9513449335362077,0.9581583132824925
2016-02-23,0.9598169311249154,0.9584845642510501
2016-02-24,0.9644518039705152,0.9579951877982137
2016-02-25,0.9596838672514113,0.9598711308674198
2016-02-26,0.9447075240055618,0.9592594103013743
2016-02-29,0.9464398009893125,0.9568533094082623
2016-03-02,0.9686301304971022,0.9731658578361403
2016-03-03,0.9837104028001317,0.9791199380123159
2016-03-04,1.0093035022980243,0.9776925900248766
2016-03-07,1.0375988113701566,0.9796093144651523
2016-03-08,0.9909083245267848,0.9723910117858162
2016-03-09,0.9993708296241784,0.9752049263896252
2016-03-10,1.0217287822788237,0.9845846417356551
2016-03-11,1.0219778305655196,0.9867868357734186
2016-03-14,1.0045470407503043,0.9875209004526733
2016-03-15,0.9907733297475325,0.9862158965784429
2016-03-16,0.9785449121276942,0.988336527874067
2016-03-17,0.9943117234246129,0.9954324864401941
2016-03-18,1.0122071454555845,0.9976346804779576
2016-03-21,1.007233218498216,0.9962073324905183
2016-03-22,1.013763339482774,1.0008156274213937
2016-03-23,1.0185222023457356,1.0000815627421393
2016-03-24,1.0047942760758821,0.9953917050691244
2016-03-25,0.9986236887019337,0.9942090453081032
2016-03-28,1.0011076766173046,0.9948615472452182
2016-03-29,1.0093022017966176,1.0013050038742302
2016-03-30,1.01266823597218,1.0054239223522694
2016-03-31,1.011106672647917,1.0026507891195302
2016-04-01,0.9958123606084189,0.9883773092451369
2016-04-04,1.0003491159190379,0.9911912238489458
2016-04-05,1.0041045782340927,0.9811182251947311
2016-04-06,1.0279323437034351,0.9868683985155581
2016-04-07,1.0372792408241838,0.9880918396476489
2016-04-08,1.0485288035354383,0.9859712083520248
2016-04-11,1.0627925942483711,0.987153868113046
2016-04-12,1.063246750421331,0.9938827943395457
2016-04-14,1.1049911254918134,1.0150075445536477
2016-04-15,1.1032406313063212,1.013539415195139
2016-04-18,1.101529497840567,1.011378002528445
2016-04-19,1.0837971842422096,1.0108886260756085
2016-04-20,1.0859686257329326,1.0083601810692875
2016-04-21,1.10470655989537,1.0170466131071325
2016-04-22,1.1021723198622284,1.012683006402675
2016-04-25,1.0756603383613736,1.011908160352351
2016-04-26,1.071586746031526,1.015129888666857
2016-04-27,1.0762086260095638,1.014191917132254
2016-04-28,1.0722540726781522,1.0043228253333878
2016-04-29,1.0942027935942187,0.9999592186289302
2016-05-02,1.074824949438103,0.992904041433873
2016-05-03,1.0658799201775297,0.996248113861588
2016-05-04,1.0331814943640056,0.9922515394967578
2016-05-09,1.010806784365643,0.9878471514212307
2016-05-10,1.0226219793896314,0.9937604502263365
2016-05-11,1.0167542094967794,0.9912727865910851
2016-05-12,1.026043580574084,0.9882957465029973
2016-05-13,1.0133627876681928,0.9811997879368703
2016-05-16,1.0189854289609088,0.9820969781004036
2016-05-17,1.0119066354773245,0.9829533868928674
2016-05-18,0.9975305491994884,0.9780188409934341
2016-05-19,0.9862526937420982,0.9748378940499979
2016-05-20,0.9797072927314515,0.973614452917907
2016-05-23,0.9981306408470381,0.9781411851066433
2016-05-24,0.9838920360589486,0.9691692834713103
2016-05-25,1.0023067600180788,0.982464010440031
2016-05-26,1.0163011869064609,0.9811182251947311
2016-05-27,1.0159949235101717,0.9862974593205823
2016-05-30,1.0112542796832977,0.9858080828677459
2016-05-31,1.0328301688010615,0.9935565433709881
2016-06-01,1.0181572903184324,0.9933526365156397
2016-06-02,1.013234320532348,0.9957995187798213
2016-06-03,1.0164425478921677,0.9966559275722849
2016-06-07,1.0395090166751961,1.0107662819623995
2016-06-08,1.0374609639186823,1.0196974022266627
2016-06-09,1.0234738888709436,1.0203091227927081
2016-06-10,1.0279167395682884,1.0152930141511358
2016-06-13,1.0147043603006334,0.9952693609559153
2016-06-14,1.00461574689604,0.9924146649810366
2016-06-15,0.9926758062388806,0.9922107581256882
2016-06-16,0.9699572380396265,0.9853187064149097
2016-06-17,0.963948008189254,0.985400269157049
2016-06-20,0.9790459140011302,0.9998368745157211
2016-06-21,0.9764104354387535,1.000530157823906
2016-06-22,0.9885568234191745,1.006280331144733
2016-06-23,0.9831370685930033,1.0044859508176665
2016-06-24,0.9420588445694895,0.9755311773581827
2016-06-27,0.9517956575290202,0.9758166469556706
2016-06-28,0.9630068350919114,0.9790791566412463
2016-06-29,0.9738117717378694,0.988214183760858
2016-06-30,0.9665357856478949,0.9956363932955425
2016-07-01,0.9616648694459871,1.00534235961013
2016-07-04,0.9731460910453855,1.0098283104277965
2016-07-05,0.9791066334275368,1.006932833081848
2016-07-06,0.9671974505336363,0.9863382406916521
2016-07-07,0.9716753204267826,0.9975123363647486
2016-07-08,0.95441788732723,0.9927409159495942
2016-07-11,0.9757270594520663,1.0072590840504057
2016-07-12,0.9918528654461004,1.007870804616451
2016-07-13,1.0126031159398934,1.016475673912157
2016-07-14,1.0060544941195553,1.01871864932099
2016-07-15,1.011398830405747,1.023693976591493
2016-07-18,1.0085469366806803,1.0257330451449778
2016-07-19,0.9954763646231098,1.0234900697361444
2016-07-20,0.9971568827539993,1.022225847232984
2016-07-21,0.9920286454515801,1.0213286570694506
2016-07-22,0.9944537764753486,1.0196974022266627
2016-07-25,0.9998086486179708,1.0221850658619143
2016-07-26,1.0061709815024995,1.0306268096733413
2016-07-27,1.0145096000150529,1.030667591044411
2016-07-28,1.0269726393311167,1.0271196117613475
2016-07-29,1.0182357474506507,1.0255699196606989
2016-08-01,1.0207306743985944,1.0350719791199379
2016-08-02,1.019060816459586,1.0274050813588353
2016-08-03,1.009412175374751,1.014028791647975
2016-08-04,0.9948868592707684,1.0164348925410873
2016-08-05,0.997049159604799,1.0291586803148323
2016-08-08,1.0033312074818472,1.036295420252029
2016-08-09,1.0139299662214147,1.043391378818156
2016-08-10,1.0081527417794154,1.0416785612332287
2016-08-11,0.9924820334025394,1.0447371640634557
2016-08-12,1.0000028387052518,1.044696382692386
2016-08-16,0.9953661042441743,1.0446148199502465
2016-08-17,0.9939930076062666,1.04416622486848
2016-08-18,0.9850408836163272,1.052607968679907
2016-08-19,0.9787624117710885,1.0549732882019494
2016-08-22,0.9719395518920916,1.0491823335100525
2016-08-23,0.9750206714150826,1.0538721911830675
2016-08-24,0.982472556395098,1.0493046776232617
2016-08-25,0.9942713486550412,1.0491415521389829
2016-08-26,0.9934849957984789,1.0449410709188043
2016-08-29,0.9936712863053743,1.0460013865666162
2016-08-30,1.0007649667808485,1.0500795236735858
2016-08-31,1.00374451867112,1.0475510786672648
2016-09-01,1.0044308010765193,1.0441254434974103
2016-09-02,1.003751875005845,1.046042167937686
2016-09-05,1.016120100395873,1.0588475184535704
2016-09-06,1.0190687295173768,1.0641083153215611
2016-09-07,1.030964777881245,1.06157987031524
2016-09-08,1.0270280517802155,1.0638228457240733
2016-09-09,1.0223064677616234,1.0493454589943314
2016-09-12,1.0205324528084747,1.0216956894090778
2016-09-13,1.001727054868522,1.0267525794217203
2016-09-14,1.001727054868522,1.0267525794217203
2016-09-15,1.001727054868522,1.0267525794217203
2016-09-16,1.001727054868522,1.0267525794217203
2016-09-19,0.9951297527590317,1.0355613555727743
2016-09-20,1.0012665007942598,1.040291994616859
2016-09-21,1.0145939130010986,1.0461237306798254
2016-09-22,1.0066827092315938,1.0535459402145098
2016-09-23,1.024789682128022,1.0536682843277192
2016-09-26,1.0143110007908536,1.0500387423025164
2016-09-27,1.0293786657583013,1.0585620488560825
2016-09-28,1.028226038679409,1.053015782390604
2016-09-29,1.0205942747756511,1.0617429957995188
2016-09-30,0.999458179171464,1.0500795236735858
2016-10-03,0.999458179171464,1.0500795236735858
2016-10-04,1.0123000731384268,1.0569715753843643
2016-10-05,1.0074490836276342,1.0561967293340402
2016-10-06,1.0006006970981567,1.064923942742955
2016-10-07,0.999747699255359,1.0605603360384976
2016-10-10,1.0085314786897475,1.06157987031524
2016-10-11,1.0327900574312756,1.0446148199502465
2016-10-12,1.034783311441439,1.044818726805595
2016-10-13,1.016544505377936,1.0355613555727743
2016-10-14,1.029257318311251,1.040291994616859
2016-10-17,1.0350270642612873,1.0447779454345254
2016-10-18,1.0561773220388464,1.052077810856001
2016-10-19,1.063953318959815,1.053015782390604
2016-10-20,1.0658724919907696,1.0538314098119979
2016-10-21,1.0753073430338904,1.0491415521389829
2016-10-24,1.0852650086924294,1.0581950165164553
2016-10-25,1.08556181303331,1.054483911749113
2016-10-26,1.0723560518781705,1.0420455935728559
2016-10-27,1.0665147103570312,1.0466946698748012
2016-10-28,1.053327599398558,1.0461645120508951
2016-10-31,1.0497772299131711,1.0437176297867135
2016-11-01,1.0480347398797767,1.0439623180131317
2016-11-02,1.0390793899949322,1.0310754047551078
2016-11-03,1.0492784595480107,1.0313608743525957
2016-11-04,1.0500984249195489,1.0300150891072957
2016-11-07,1.0542531825993455,1.0382937074344438
2016-11-08,1.0555026855010154,1.0409852779250437
2016-11-09,1.0338985282414908,1.018188491497084
2016-11-10,1.0784819721214407,1.0411891847803922
2016-11-11,1.0984263687320113,1.0276497695852536
2016-11-14,1.0889533206220583,1.0195750581134537
2016-11-15,1.104237852589748,1.0162717670568084
2016-11-16,1.100449990408657,1.0208392806166142
2016-11-17,1.0928117528474706,1.02141021981159
2016-11-18,1.0940415249720377,1.0203906855348477
2016-11-21,1.0900930012966545,1.017535989559969
2016-11-22,1.0994202946175666,1.029199461685902
2016-11-23,1.1158902507377995,1.0344602585538925
2016-11-24,1.119126840008888,1.0278128950695322
2016-11-25,1.1156619224100977,1.0287508666041352
2016-11-28,1.106744389601205,1.031605562579014
2016-11-29,1.0988926314973786,1.0314016557236654
2016-11-30,1.091982742160322,1.0369071408180741
2016-12-01,1.1126046488803578,1.0378043309816074
2016-12-02,1.1128349000768694,1.0312793116104564
2016-12-05,1.0969097583915923,1.0282614901512988
2016-12-06,1.1344156336623659,1.0424941886546226
2016-12-07,1.1421737396655471,1.0453896660005708
2016-12-08,1.1803427049226938,1.0684719220260184
2016-12-09,1.1823209473328664,1.0640267525794218
2016-12-12,1.1925720468547993,1.0632519065290975
2016-12-13,1.1571533848342774,1.0669630112964397
2016-12-14,1.154567633158355,1.0684719220260184
2016-12-15,1.1605550454766116,1.0662289466171853
2016-12-16,1.1570225326337964,1.0707556788059214
2016-12-19,1.139275400528181,1.0681864524285307
2016-12-20,1.1441876683215515,1.0708780229191304
2016-12-21,1.1577110234404562,1.0688797357367157
2016-12-22,1.153912716549668,1.0683495779128094
2016-12-23,1.157627699041014,1.0668814485543003
2016-12-26,1.1465494499624567,1.0680641083153213
2016-12-27,1.1472378746734353,1.0704702092084337
2016-12-28,1.1612244373536544,1.0590922066799884
2016-12-29,1.1532425061381986,1.060356429183149
2017-01-02,1.1607622447284442,1.0617837771705885
2017-01-03,1.149571375316421,1.072427715019779
2017-01-04,1.146218072033103,1.0730394355858242
2017-01-05,1.1267311400611737,1.0683903592838793
2017-01-06,1.139662612442569,1.073365686554382
2017-01-09,1.1357371938936407,1.0755678805921456
2017-01-10,1.137887739483162,1.0755270992210757
2017-01-11,1.1885854755049128,1.093552465233881
2017-01-12,1.1954339074162126,1.1008931120264263
2017-01-13,1.2035704961736367,1.0925737123282084
2017-01-16,1.1998920089672171,1.085396191019942
2017-01-17,1.1977766940905346,1.090371518290445
2017-01-18,1.2025535864653416,1.0891888585294236
2017-01-19,1.213753191416219,1.0917173035357448
2017-01-20,1.2200044791486606,1.0869051017495206
2017-01-23,1.2086780529485137,1.0893519840137025
2017-01-24,1.2149689423702905,1.090086048692957
2017-01-25,1.2244707607685477,1.093552465233881
2017-01-26,1.232859897482422,1.1030545246931203
2017-01-31,1.232573802906326,1.0933077770074628
2017-02-01,1.2486848257063239,1.0993026385547082
2017-02-02,1.2376066836148893,1.0949390318502508
2017-02-03,1.239977628498003,1.09640716120876
2017-02-06,1.2378573159061614,1.0990171689572203
2017-02-07,1.2547440705963122,1.0968965376615962
2017-02-08,1.2501971663640399,1.0917988662778841
2017-02-09,1.2602024832137175,1.0916765221646751
2017-02-10,1.2738566950981856,1.0956323151584357
2017-02-13,1.2732937548366883,1.096244035724481
2017-02-14,1.270063435038598,1.0925329309571388
2017-02-15,1.265750294545484,1.096244035724481
2017-02-16,1.247772789054065,1.0967334121773173
2017-02-17,1.2498294773873044,1.09636637983769
2017-02-20,1.2479487429177354,1.0999959218628932
2017-02-21,1.254244769073175,1.1097018881774807
2017-02-22,1.24818508980309,1.112719709636638
2017-02-23,1.2431215937494011,1.1128828351209168
2017-02-24,1.245081750613653,1.1026467109824232
2017-02-27,1.2393288439010433,1.0968965376615962
2017-02-28,1.2345212437781226,1.1013417071081928
2017-03-02,1.236812314650002,1.111904082215244
2017-03-03,1.2329541199239917,1.1001590473471718
2017-03-06,1.218587799738806,1.1027690550956324
2017-03-07,1.22566776992151,1.1087231352718079
2017-03-08,1.232431441176372,1.1104359528567351
2017-03-09,1.2237004313504838,1.1077036009950656
2017-03-10,1.2281294145026005,1.1104359528567351
2017-03-13,1.247398074828491,1.12315974063048
2017-03-14,1.249435794437658,1.1332735206557643
2017-03-15,1.2531355793957322,1.1332735206557643
2017-03-16,1.2554009047432573,1.1423269850332367
2017-03-17,1.2658657423006805,1.1494637249704336
2017-03-20,1.263575734328055,1.1449369927816972
2017-03-21,1.2616129828685088,1.157538436442233
2017-03-22,1.2498286098295242,1.1526038905428
2017-03-23,1.2528381769145587,1.1533379552220544
2017-03-24,1.252815628922494,1.1512988866685698
2017-03-27,1.2397874958400152,1.143346519309979
2017-03-28,1.248655068111161,1.146976061335182
2017-03-29,1.2344513804801707,1.1494637249704336
2017-03-30,1.2254481548149547,1.1486480975490396
2017-03-31,1.2177797043867513,1.1444883976999305
2017-04-03,1.2218039550169246,1.1484034093226214
2017-04-04,1.215712919107687,1.145630276089882
2017-04-05,1.2279075065955547,1.1448962114106276
2017-04-06,1.2278159153901926,1.1397169772847764
2017-04-07,1.2289862622267944,1.1378410342155703
2017-04-10,1.2065276217627205,1.130500387423025
2017-04-11,1.2097466648818231,1.1234859915990374
2017-04-12,1.2016306840734805,1.1264222503160555
2017-04-13,1.214924253274601,1.138289629297337
2017-04-14,1.210665869872252,1.130908201133722
2017-04-17,1.2229192658117785,1.134129929448228
2017-04-18,1.221396886823168,1.1346600872721342
2017-04-19,1.2179958794470185,1.1275641287060072
2017-04-20,1.219286808677653,1.1327433628318584
2017-04-21,1.2251477649268014,1.1420822968068187
2017-04-24,1.2339450656472615,1.1498715386811302
2017-04-25,1.251064222006442,1.1639411117001754
2017-04-26,1.2552704211541585,1.1695281595367235
2017-04-27,1.252484008862933,1.1718119163166263
2017-04-28,1.247617808495588,1.1712817584927204
2017-05-02,1.24332977482676,1.181232413033726
2017-05-04,1.2504077400656917,1.1927327596753805
2017-05-08,1.2706992088176665,1.2228701928958852
2017-05-10,1.2692327323777521,1.207903429713307
2017-05-11,1.2971027026280364,1.2224215978141184
2017-05-12,1.284244473926091,1.216304392153664
2017-05-15,1.2860225409349209,1.2188328371599855
2017-05-16,1.2721948485720793,1.2220953468455609
2017-05-17,1.2667422105655162,1.2207495616002608
2017-05-18,1.2606071587091547,1.2172015823171976
2017-05-19,1.2632510512054482,1.2156111088454793
2017-05-22,1.2636491182403289,1.2260103584682516
2017-05-23,1.2763142036661788,1.2289873985563395
2017-05-24,1.274150108978694,1.2304147465437787
2017-05-25,1.2806703284131378,1.244729007789242
2017-05-26,1.2831700850788117,1.2518249663553687
2017-05-29,1.2864123995927221,1.2500305860283023
2017-05-30,1.2915535392009363,1.2421597814118508
2017-05-31,1.2914682737552763,1.2424860323804088
2017-06-01,1.2950372366924539,1.2398760246319478
2017-06-02,1.3060284764368348,1.2553729456384324
2017-06-05,1.3027529727560734,1.2533338770849474
2017-06-07,1.3108206484581946,1.2466049508584478
2017-06-08,1.318984198375447,1.2489294890094205
2017-06-09,1.3449106979510814,1.261694058154235
2017-06-12,1.3567598699505459,1.2488887076383508
2017-06-13,1.3469755414623727,1.2561477916887565
2017-06-14,1.3575304750357657,1.2558623220912686
2017-06-15,1.349654522490748,1.250723869336487
2017-06-16,1.367921051499032,1.2511316830471841
2017-06-19,1.3617670559400803,1.2585538925818687
2017-06-20,1.349491108957228,1.2614085885567472
2017-06-21,1.332051570466396,1.2541087231352717
2017-06-22,1.3496243735905273,1.2620610904938625
2017-06-23,1.3574416952408859,1.2652828188083682
2017-06-26,1.3493386907649605,1.2719301822927285
2017-06-27,1.3430327533816915,1.2728681538273316
2017-06-28,1.3552835808227235,1.2676481383304106
2017-06-29,1.3807197642962274,1.2746625341543982
2017-06-30,1.3796647813938603,1.2714000244688226
2017-07-03,1.3712232260886208,1.2739692508462135
2017-07-04,1.3774259584069435,1.2660984462297622
2017-07-05,1.3777164828034594,1.271440805839892
2017-07-06,1.3804801794352661,1.271889400921659
2017-07-07,1.3828494265756066,1.2669140736511562
2017-07-10,1.3899746288822645,1.2701765833367318
2017-07-11,1.391400275491591,1.2788630153745768
2017-07-12,1.3773366175545267,1.2788222340035071
2017-07-13,1.3676709230241328,1.2901186737898127
2017-07-14,1.381072813920883,1.2941968108967823
2017-07-17,1.3827784731849033,1.2989682313119366
2017-07-18,1.3919542785725154,1.2994983891358427
2017-07-19,1.3903013076152366,1.3005587047836549
2017-07-20,1.4061755436997707,1.307491537865503
2017-07-21,1.4199733050203494,1.3123037396517272
2017-07-24,1.4340762864370866,1.3132009298152603
2017-07-25,1.437243357290126,1.3056155947962969
2017-07-26,1.443255160402472,1.302801680192488
2017-07-27,1.4373601239333398,1.307083724154806
2017-07-28,1.4189829249732655,1.2810652094123403
2017-07-31,1.4287105700044715,1.2829819338526163
2017-08-01,1.446482122134696,1.2929325883936218
2017-08-02,1.433602713488859,1.2955833775131518
2017-08-03,1.422837969800747,1.2735614371355166
2017-08-04,1.4320247952830927,1.2783328575506707
2017-08-07,1.4254141670537106,1.2803719261041555
2017-08-08,1.4114606863692867,1.2780881693242525
2017-08-09,1.3929267254121307,1.2622649973492108
2017-08-10,1.3901591535593436,1.257575139676196
2017-08-11,1.3764678858320742,1.2345336650218182
2017-08-14,1.3920375105762062,1.2435463480282205
2017-08-16,1.3910262958887434,1.2526405937767628
2017-08-17,1.3850171879284607,1.2602259287957258
2017-08-18,1.3830907284019163,1.2576567024183354
2017-08-21,1.3750147665487802,1.2566371681415927
2017-08-22,1.37614369408135,1.2615309326699564
2017-08-23,1.3706119108913355,1.263039843399535
2017-08-24,1.3619491654092433,1.267199543248644
2017-08-25,1.3850771563612674,1.2691570490599893
2017-08-28,1.3907719925702657,1.2623057787202803
2017-08-29,1.3772471704410933,1.2586762366950777
2017-08-30,1.3856438194633096,1.2627951551731167
2017-08-31,1.357977072000745,1.2572081073365684
2017-09-01,1.3667202439402593,1.2551690387830836
2017-09-04,1.3616653504412592,1.240528526569063
2017-09-05,1.296483545411645,1.2399983687451572
2017-09-06,1.2791594620400335,1.236409608091024
2017-09-07,1.2954920439087418,1.2518657477264385
2017-09-08,1.277806829871712,1.2537416907956445
2017-09-11,1.2818994052847636,1.2635292198523713
2017-09-12,1.284334799588673,1.2659353207454835
2017-09-13,1.2721862903593992,1.2642225031605563
2017-09-14,1.2862284773164407,1.2744994086701193
2017-09-15,1.2975236761589382,1.2792708290852737
2017-09-18,1.3087481907817573,1.3006402675257942
2017-09-19,1.3049611314424525,1.298927449940867
2017-09-20,1.3052227630785616,1.298805105827658
2017-09-21,1.303734924942008,1.2978671342930548
2017-09-22,1.3078648880416632,1.2915868031483217
2017-09-25,1.2795659169122093,1.290322580645161
2017-09-26,1.2795659169122093,1.2817177113494556
2017-09-27,1.2786082207047365,1.27980098690918
2017-09-28,1.2866017682135265,1.279923331022389
2017-09-29,1.2959914721600325,1.2897924228212552
2017-10-03,1.2959914721600325,1.2897924228212552
2017-10-04,1.2959914721600325,1.2897924228212552
2017-10-05,1.2959914721600325,1.2897924228212552
2017-10-06,1.2959914721600325,1.2897924228212552
2017-10-09,1.2959914721600325,1.2897924228212552
2017-10-10,1.3079107696139494,1.315158435626606
2017-10-11,1.3031902334906313,1.3299620733249051
2017-10-12,1.3129397753534249,1.3380775661677744
2017-10-13,1.3038821987454006,1.3349781819664777
2017-10-16,1.309943202696116,1.3368949064067532
2017-10-17,1.2938628454302816,1.3397088210105623
2017-10-18,1.2886192481186987,1.3392602259287956
2017-10-19,1.3083935580944444,1.3313894213123445
2017-10-20,1.3121560283013327,1.3412585131112107
2017-10-23,1.295645288298611,1.3435422698911135
2017-10-24,1.309293645616613,1.3415439827086983
2017-10-25,1.3110181095742561,1.342971330696138
2017-10-26,1.3183219068247174,1.3335100526079686
2017-10-27,1.313348980572972,1.3426450797275804
2017-10-30,1.3115389085375246,1.3473349374005954
2017-10-31,1.306932363931233,1.3603441947718282
2017-11-01,1.3106717898920734,1.381509726357
2017-11-02,1.2862312313262896,1.3764936177154274
2017-11-03,1.2945946246634583,1.3817951959544879
2017-11-06,1.2745710905280911,1.3759634598915214
2017-11-07,1.2669761952591003,1.373353452143061
2017-11-08,1.2603347566220118,1.3775947147343093
2017-11-09,1.2672719934953376,1.3749031442437094
2017-11-10,1.2612101449021098,1.3700909424574854
2017-11-13,1.260080622343824,1.363443578973125
2017-11-14,1.259548141971881,1.3605481016271768
2017-11-15,1.275752812044005,1.354634802822071
2017-11-16,1.2775542046467936,1.3635659230863342
2017-11-17,1.2604019268500999,1.3628318584070798
2017-11-20,1.260695469147146,1.357693405652298
2017-11-21,1.2564303258476874,1.36009950654541
2017-11-22,1.2640035161338352,1.3681742180172096
2017-11-23,1.2651485503095181,1.3641776436523794
2017-11-24,1.2660750500215137,1.367970311161861
2017-11-27,1.2657570314147153,1.3438685208596712
2017-11-28,1.270846033715964,1.349822601035847
2017-11-29,1.2712084326622968,1.3485583785326862
2017-11-30,1.2783422042652655,1.3264140940418416
2017-12-01,1.2551326043358793,1.3244973696015658
2017-12-04,1.2633326811251282,1.3407691366583743
2017-12-05,1.274753732904007,1.3441947718282288
2017-12-06,1.2726142735289,1.3234370539537539
2017-12-07,1.2626830505829394,1.3196443864442722
2017-12-08,1.2534245568985898,1.3240895558908692
2017-12-11,1.2449924548030176,1.3257615921047263
2017-12-12,1.2476184579266725,1.3216018922556174
2017-12-13,1.2654664515696672,1.3302067615513233
2017-12-14,1.2651461911230863,1.3243342441172872
2017-12-15,1.2821502877627338,1.3304106684066719
2017-12-18,1.2808986193565965,1.3319195791362506
2017-12-19,1.2815828550878843,1.3325720810733657
2017-12-21,1.2892185771935036,1.3038619958403002
2017-12-22,1.3010059004942889,1.3099384201296846
2017-12-26,1.297939282442289,1.3004771420415153
2017-12-27,1.310946874772082,1.306023408506994
2017-12-28,1.3093824691515965,1.3243342441172872
2018-01-02,1.3051768944449658,1.329472696872069
2018-01-03,1.2979174782979106,1.3340809918029444
2018-01-04,1.2835349092793573,1.3236817421801719
2018-01-05,1.2937232305917319,1.3415847640797685
2018-01-08,1.3159459166372172,1.351005260796868
2018-01-09,1.3265470022776236,1.3468047795766893
2018-01-10,1.3382193908193856,1.3360384976142898
2018-01-11,1.336741666907546,1.3281269116267689
2018-01-12,1.342793875741067,1.3324089555890868
2018-01-15,1.3440040828856763,1.3351413074507563
2018-01-16,1.330821796876403,1.3458668080420864
2018-01-17,1.3455142178629722,1.3424819542433017
2018-01-18,1.3307469146459356,1.3422372660168833
2018-01-19,1.3525930936092527,1.3438277394886013
2018-01-22,1.3423860447723688,1.3305737938909505
2018-01-23,1.368052916164628,1.3495779128094285
2018-01-24,1.367373691451521,1.3494963500672892
2018-01-25,1.3593640181704227,1.3624240446963827
2018-01-26,1.3637879924658107,1.367725622935443
2018-01-29,1.37220278405961,1.3786142490110518
2018-01-30,1.3713215305580548,1.3596509114636433
2018-01-31,1.3708522163230117,1.359569348721504
2018-02-01,1.3672191314587776,1.3594877859793646
2018-02-02,1.3715441358452063,1.333591615350108
2018-02-05,1.3737506291571746,1.3184209453121813
2018-02-06,1.3403944650063462,1.2968883813873822
2018-02-07,1.334992617623911,1.2661800089719015
2018-02-08,1.3244752292447566,1.2708290852738469
2018-02-09,1.321601586990029,1.2431385343175236
2018-02-12,1.3342506418641331,1.2565963867705232
2018-02-13,1.3070889980011096,1.2677704824436196
2018-02-14,1.3007374966087966,1.282166306431222
2018-02-19,1.323812590138664,1.2911789894376249
2018-02-20,1.3189339349953015,1.2757636311732798
2018-02-21,1.3317535121785309,1.2824517760287102
2018-02-22,1.321635829235216,1.2730720606826802
2018-02-23,1.330348566725499,1.2919946168590186
2018-02-26,1.3359415243545074,1.2941560295257124
2018-02-27,1.3321050782403012,1.292076179601158
2018-02-28,1.3328276145715086,1.275885975286489
2018-03-02,1.3096316614854302,1.2574935769340565
2018-03-05,1.295610759578654,1.2421190000407811
2018-03-06,1.2894330055595622,1.2660984462297622
2018-03-07,1.2669697194586087,1.2688715794625014
2018-03-08,1.2725477800680012,1.2837159985318705
2018-03-09,1.268186199445412,1.2955018147710127
2018-03-12,1.3066544531326902,1.3078585702051302
2018-03-13,1.3062186128044846,1.3171567228090209
2018-03-14,1.3156964092285728,1.313119367073121
2018-03-15,1.3063870421487094,1.3161779699033482
2018-03-16,1.314893094345963,1.316748909098324
2018-03-19,1.3101366536668921,1.306431222217691
2018-03-20,1.3126701464247432,1.3123037396517272
2018-03-21,1.3260707286668574,1.311528893601403
2018-03-22,1.3479325683224348,1.3185432894253906
2018-03-23,1.32079004693927,1.2740915949594225
2018-03-26,1.2926791007682548,1.284164593613637
2018-03-27,1.2867455080158996,1.290077892418743
2018-03-28,1.2748999523565747,1.2716039313241712
2018-03-29,1.2755909455182408,1.27980098690918
2018-03-30,1.2658918103240016,1.2830227152236857
2018-04-02,1.2688118767536616,1.2805350515884344
2018-04-03,1.2697197247312177,1.2780066065821132
2018-04-04,1.2717250382587972,1.2582684229843808
2018-04-05,1.270974881936133,1.2766200399657435
2018-04-06,1.2649931935908245,1.2707883039027772
2018-04-09,1.2689983704784098,1.278292076179601
2018-04-10,1.2741068671553586,1.280290363362016
2018-04-11,1.2716248854083143,1.2762122262550466
2018-04-12,1.282179777944221,1.2773541046449983
2018-04-13,1.2795279233988506,1.2840422495004282
2018-04-16,1.2780603124157994,1.2853064720035887
2018-04-17,1.2777004001491954,1.2831450593368947
2018-04-18,1.278929140948192,1.2994576077647728
2018-04-19,1.267977287576635,1.3054932506830879
2018-04-20,1.2793727246989541,1.296399004934546
2018-04-23,1.291119592796505,1.296399004934546
2018-04-24,1.2947388301261835,1.2881203866073976
2018-04-25,1.283248926527318,1.2804942702173647
2018-04-26,1.2795123359544374,1.2971738509848698
2018-04-27,1.2949373364334722,1.3082663839158273
2018-04-30,1.3141416404667816,1.3195220423310632
2018-05-02,1.3354916139029767,1.3153215611108844
2018-05-03,1.323687688588551,1.3072468496390848
2018-05-04,1.3119684161095388,1.2917499286326006
2018-05-08,1.3065990695181535,1.2881611679784675
2018-05-09,1.3034356017258202,1.2822478691733616
2018-05-10,1.300090787572086,1.2940336854125036
2018-05-11,1.308043866082617,1.298927449940867
2018-05-14,1.3108846316638145,1.2957057216263612
2018-05-15,1.3066038011734493,1.2843685004689858
2018-05-16,1.3112227116555006,1.2885689816891646
2018-05-17,1.3037351950763942,1.2817177113494556
2018-05-18,1.3044336650748427,1.2861220994249827
2018-05-21,1.2965424508676324,1.2897108600791156
2018-05-23,1.2937511585441956,1.298111822519473
2018-05-24,1.2813913227613423,1.2947269687206884
2018-05-25,1.2665738327687843,1.297051506871661
2018-05-28,1.2602602345329672,1.3008849557522124
2018-05-29,1.2443217661002022,1.2895069532237673
2018-05-30,1.2178396720185751,1.2612046817013987
2018-05-31,1.2147537048603045,1.267974389298968
2018-06-01,1.218775749409756,1.2773541046449983
2018-06-04,1.249072805929885,1.2839606867582884
2018-06-05,1.2473857642370236,1.2877125728967007
2018-06-07,1.2675164875804639,1.2955018147710127
2018-06-08,1.262993535478984,1.284490844582195
2018-06-11,1.2685812391430447,1.2936666530728764
2018-06-12,1.2713368500114752,1.2921169609722278
2018-06-14,1.2467563844947724,1.2691162676889196
2018-06-15,1.2363534550416124,1.2590432690347049
2018-06-18,1.2370567026186614,1.245259165613148
2018-06-19,1.2280763379181436,1.2289466171852697
2018-06-20,1.219617818331806,1.2398352432608784
2018-06-21,1.189487732152955,1.2276008319399698
2018-06-22,1.206940434887539,1.2384894580155785
2018-06-25,1.2138802070525148,1.2371844541413481
2018-06-26,1.2160877290221372,1.2346967905060966
2018-06-27,1.1983176991874498,1.2326169405815421
2018-06-28,1.182213470957927,1.216345173524734
2018-06-29,1.1903584623116994,1.2220545654744912
2018-07-02,1.1788501260996236,1.1946087027445864
2018-07-03,1.1679393728149703,1.1963215203295134
2018-07-04,1.1565696124206986,1.1918763508829167
2018-07-05,1.161975188319729,1.1893071245055258
2018-07-06,1.186672757830795,1.1953427674238408
2018-07-09,1.1948548032793396,1.203866073977407
2018-07-10,1.1894350307323174,1.207903429713307
2018-07-11,1.1813561327969715,1.2007259084050406
2018-07-12,1.1742992321362808,1.2006443456629012
2018-07-13,1.186699716519121,1.217935646996452
2018-07-16,1.1729889107157652,1.2127156314995309
2018-07-17,1.1741148442799836,1.210717344317116
2018-07-18,1.1543983127302515,1.2090453081032584
2018-07-19,1.1514753407463862,1.2067207699522857
2018-07-20,1.1535984848870136,1.2110028139146038
2018-07-23,1.1634234121935645,1.2012560662289467
2018-07-24,1.162235597218798,1.2050487337384284
2018-07-25,1.1733521903696795,1.2024387259899678
2018-07-26,1.165602948108969,1.2110028139146038
2018-07-27,1.1642076510167922,1.2143876677133885
2018-07-30,1.1653916407059768,1.2123893805309736
2018-07-31,1.170967431654024,1.2130418824680884
2018-08-01,1.166658905826182,1.2180987724807306
2018-08-02,1.141203187388864,1.1971371477509074
2018-08-03,1.139831016394703,1.2055381101912648
2018-08-06,1.1462015368720637,1.204029199461686
2018-08-07,1.1404048352104976,1.2119407854492068
2018-08-08,1.1475123464012156,1.2119815668202765
2018-08-09,1.1502402530662608,1.21287875698381
2018-08-10,1.1542649591377994,1.1975041800905346
2018-08-13,1.1462034260819878,1.1820480404551201
2018-08-14,1.1371210861200634,1.1870641490966927
2018-08-16,1.1391659434310901,1.1754822397128992
2018-08-17,1.1318620258756575,1.176828024958199
2018-08-20,1.1366830029173913,1.176991150442478
2018-08-21,1.1389348060012763,1.1905305656376168
2018-08-22,1.137292030437618,1.1948941723420743
2018-08-23,1.1266780943149963,1.2001549692100648
2018-08-24,1.1254640982280228,1.205252640593777
2018-08-27,1.1295575906102016,1.2105134374617674
2018-08-28,1.1439545739893064,1.2121039109334857
2018-08-29,1.1385478674022647,1.2154887647322703
2018-08-30,1.133405997473878,1.2154887647322703
2018-08-31,1.1336378007506447,1.2237266016883488
2018-09-03,1.1265132643832407,1.2132050079523673
2018-09-04,1.1194983327808516,1.2185473675624976
2018-09-05,1.1197336669309321,1.2028873210717344
2018-09-06,1.127664824160646,1.200114187838995
2018-09-07,1.1440650755493735,1.1943232331470985
2018-09-10,1.1505120936213278,1.1977488683169526
2018-09-11,1.149303761116062,1.1926919783043104
2018-09-12,1.1513284378479052,1.192243383222544
2018-09-13,1.1544485402967901,1.192528852820032
2018-09-14,1.1511445090241836,1.2123893805309736
2018-09-17,1.14524818028664,1.2039884180906162
2018-09-18,1.1377202172779959,1.2075363973736797
2018-09-19,1.132529564170009,1.2097385914114431
2018-09-20,1.1362171045964755,1.2195261204681702
2018-09-21,1.1439999561415026,1.2267444231475062
2018-09-27,1.1574064699826858,1.2340035071979119
2018-09-28,1.1656360074409309,1.2255209820154154
2018-10-01,1.1606815550066842,1.2241344153990457
2018-10-02,1.1577940367551063,1.2092899963296764
2018-10-04,1.1472930937084636,1.189918845071571
2018-10-05,1.1458158468101247,1.1878797765180864
2018-10-08,1.1375534488368073,1.1822927286815383
2018-10-10,1.1268821487723415,1.173891766241181
2018-10-11,1.0827398619110087,1.1220994249826677
2018-10-12,1.0856843747416365,1.1393091635740793
2018-10-15,1.0702842516600146,1.1304188246808857
2018-10-16,1.0711642518481,1.1292361649198643
2018-10-17,1.0746800743241594,1.1420822968068187
2018-10-18,1.0642628226613287,1.131601484441907
2018-10-19,1.062234650221192,1.1362913421149217
2018-10-22,1.0656562152240154,1.1394315076872883
2018-10-23,1.0423442831393683,1.1114554871334774
2018-10-24,1.0626735571866,1.1066432853472534
2018-10-25,1.0393072800116672,1.0877207291709148
2018-10-26,1.0454197270645902,1.0712858366298275
2018-10-29,1.0375403829342622,1.0610904938624035
2018-10-30,1.020247784534848,1.0703886464662944
2018-10-31,1.0339374174422606,1.0766689776110272
2018-11-01,1.0379460147349755,1.0723461522776394
2018-11-02,1.0548014955937748,1.1115370498756167
2018-11-05,1.0408928474435064,1.1013824884792627
2018-11-06,1.0501196759867921,1.1074996941397168
2018-11-07,1.048699384557155,1.1029321805799108
2018-11-08,1.0522393760130413,1.1097018881774807
2018-11-09,1.0527165114251857,1.1065209412340442
2018-11-12,1.0495153564989355,1.1074996941397168
2018-11-13,1.0452769043446815,1.099873577749684
2018-11-14,1.0538319453058436,1.0965295053219688
2018-11-15,1.0585471285711032,1.1073773500265078
2018-11-16,1.0640660983108596,1.1078259451082744
2018-11-19,1.0627761872677175,1.1105175155988745
2018-11-20,1.058907459714273,1.0993842012968476
2018-11-21,1.0643497837799794,1.0940418416867175
2018-11-22,1.053431795605537,1.091961991762163
2018-11-23,1.0505550757728133,1.0861302556991965
2018-11-26,1.0679248594798236,1.1002406100893112
2018-11-27,1.0800421693120086,1.1095795440642713
2018-11-28,1.0815688101324668,1.1151665919008198
2018-11-29,1.083577212076115,1.1180620692467682
2018-11-30,1.074642012335942,1.1066025039761835
2018-12-03,1.0746744956220131,1.1262999062028465
2018-12-04,1.0776265760480834,1.1145140899637045
2018-12-05,1.0742287461302928,1.1071734431711593
2018-12-06,1.075832084637711,1.0895966722401207
2018-12-07,1.0777558874548534,1.094082623057787
2018-12-10,1.072165870796696,1.0821336813343665
2018-12-11,1.072805237128523,1.0794421108437666
2018-12-12,1.0854133165107744,1.0948574691081114
2018-12-13,1.101835105307254,1.0986909179886628
2018-12-14,1.1027746861869034,1.0829493087557602
2018-12-17,1.1077053717110754,1.0861302556991965
2018-12-18,1.1185674199243343,1.0814403980261815
2018-12-19,1.1252135227269071,1.0901268300640268
2018-12-20,1.1272676424803048,1.0799314872966028
2018-12-21,1.1282702395631767,1.0809510215733453
2018-12-24,1.1176915416551887,1.0784633579380938
2018-12-26,1.107747520359755,1.0643122221769097
2018-12-27,1.1102859875520423,1.0626401859630519
2018-12-28,1.1164103675864139,1.0683903592838793
2019-01-02,1.0930631768896544,1.0530973451327434
2019-01-03,1.0921323692920306,1.0430651278495984
2019-01-04,1.101997503743228,1.0517107785163735
2019-01-07,1.0921585786532386,1.0667183230700217
2019-01-08,1.0912492566482521,1.05888829982464
2019-01-09,1.0973124661562086,1.0831532156111088
2019-01-10,1.088178194497463,1.0829493087557602
2019-01-11,1.0892406098209966,1.0893927653847721
2019-01-14,1.0824777875057414,1.0806655519758575
2019-01-15,1.0987073713424502,1.100811549284287
2019-01-16,1.1036316295616466,1.1061131275233473
2019-01-17,1.1079754380675892,1.1087639166428773
2019-01-18,1.1149088333917112,1.1169201908568165
2019-01-21,1.105138724165758,1.117409567309653
2019-01-22,1.1056485352137913,1.112148770441662
2019-01-23,1.1180508712014756,1.1168794094857468
2019-01-24,1.1213211155095102,1.1280535051588434
2019-01-25,1.11970208674837,1.1486888789201093
2019-01-28,1.1114336378597585,1.1485665348069
2019-01-29,1.110416449408192,1.1541128012723787
2019-01-30,1.1307194802350147,1.1688756575996087
2019-01-31,1.1440960149362935,1.1658986175115207
2019-02-01,1.1378887109199738,1.1654908038008238
2019-02-07,1.1391381092950603,1.164919864605848
2019-02-08,1.135889614067796,1.1479548142408549
2019-02-11,1.1419855217666852,1.1504424778761062
2019-02-12,1.1400197240114427,1.1569267158761876
2019-02-13,1.1335716078839835,1.1621467313731089
2019-02-14,1.1402887272217985,1.1772766200399656
2019-02-15,1.1374037422985863,1.158109375637209
2019-02-18,1.1383807850140946,1.1659393988825903
2019-02-19,1.1313063266272436,1.1619020431466907
2019-02-20,1.1358028041717467,1.1761347416500143
2019-02-21,1.134589964649826,1.176175523021084
2019-02-22,1.1396559763036993,1.177521308266384
2019-02-25,1.1443297502710725,1.178581623914196
2019-02-26,1.140257683617146,1.1740548917254598
2019-02-27,1.1434433375815127,1.1776028710085231
2019-02-28,1.134147430098243,1.1573753109579545
2019-03-04,1.145103570461084,1.1521145140899636
2019-03-05,1.14648167140344,1.1437135516496064
2019-03-06,1.1429588505126282,1.1412666693854248
2019-03-07,1.1352596315877896,1.1372700950205945
2019-03-08,1.1254300748917883,1.1208352024795072
2019-03-11,1.1197503948970642,1.1217323926430407
2019-03-12,1.1320976873137618,1.1326210187186492
2019-03-13,1.1290002739029696,1.1255658415235918
2019-03-14,1.1331177142864517,1.1281758492720524
2019-03-15,1.1505339083912451,1.141348232127564
2019-03-18,1.1463712789045004,1.1415929203539823
2019-03-19,1.1411521265704148,1.1411443252722155
2019-03-20,1.127223007205852,1.1415521389829126
2019-03-21,1.1117155300383201,1.1515843562660575
2019-03-22,1.1027602486349075,1.1546429590962848
2019-03-25,1.0888628849690603,1.1314791403286977
2019-03-26,1.0834518865726157,1.1320908608947433
2019-03-27,1.0841111355820312,1.130785857020513
2019-03-28,1.0755810515469981,1.12181395538518
2019-03-29,1.0775763546348125,1.1275233473349373
2019-04-01,1.092889837885575,1.1431833938257003
2019-04-02,1.0969290948314885,1.1488927857754578
2019-04-03,1.1081642490360557,1.164919864605848
2019-04-04,1.1095210969031601,1.1669589331593326
2019-04-05,1.104531170501213,1.1691203458260266
2019-04-08,1.1045973358788737,1.1678969046939358
2019-04-09,1.1022365851640576,1.1692426899392356
2019-04-10,1.1164269060390533,1.1741772358386688
2019-04-11,1.1191347086408157,1.172138167285184
2019-04-12,1.1260583673117313,1.176012397536805
2019-04-15,1.1247237856092391,1.1801313160148443
2019-04-16,1.1330356810286055,1.1851882060274868
2019-04-17,1.1478081032591507,1.1840055462664654
2019-04-18,1.1335505150508325,1.1656131479140328
2019-04-19,1.1479120480255494,1.1658986175115207
2019-04-22,1.152337903857111,1.1658170547693814
2019-04-23,1.1481750442451872,1.168263937033563
2019-04-24,1.1309686565704955,1.1569674972472574
2019-04-25,1.1242159191486805,1.153419517964194
2019-04-26,1.113732059156039,1.1473430936748092
2019-04-29,1.1228398395874306,1.1695689409077932
2019-04-30,1.1147633763898135,1.1619428245177603
2019-05-02,1.12255872105171,1.1668365890461236
2019-05-03,1.1060618664933712,1.1568451531340482
2019-05-07,1.1077367905476871,1.1472207495616
2019-05-08,1.1035249948706531,1.1424901105175156
2019-05-09,1.0836083389707787,1.1051751559887444
2019-05-10,1.0822374915315285,1.1094979813221322
2019-05-13,1.0709848107961437,1.0958770033848537
2019-05-14,1.0725632701710732,1.0952652828188083
2019-05-15,1.075557898137363,1.0996288895232655
2019-05-16,1.0666218366545246,1.0847436890828268
2019-05-17,1.0634170515157766,1.078055544227397
2019-05-20,1.0576911737937391,1.0805432078626482
2019-05-21,1.0616949125261528,1.0852738469067331
2019-05-22,1.0582689008702981,1.0874352595734267
2019-05-23,1.0458327211966072,1.0863341625545448
2019-05-24,1.0537808564753817,1.0783410138248848
2019-05-27,1.0526999594931221,1.0782594510827452
2019-05-28,1.065159765983539,1.079482892214836
2019-05-29,1.0313305187241777,1.0659026956486277
2019-05-30,1.0400060131575044,1.0763427266424697
2019-05-31,1.0336879612033174,1.0761796011581908
2019-06-03,1.0366497597636324,1.0935932466049507
2019-06-04,1.0452711495890061,1.0915541780514662
2019-06-05,1.0493275165469154,1.092899963296766
2019-06-07,1.0456563068833942,1.0940418416867175
2019-06-10,1.0595728176120156,1.1096611068064108
2019-06-11,1.0733375397783227,1.114187838995147
2019-06-12,1.0642892558277763,1.1122711145548714
2019-06-13,1.0799591148427132,1.1057053138126502
2019-06-14,1.0721086951736363,1.1030545246931203
2019-06-17,1.0750664925837488,1.101464051221402
2019-06-18,1.0611849212425453,1.1066432853472534
2019-06-19,1.0688147870226303,1.122751926919783
2019-06-20,1.0707066749281942,1.1256066228946617
2019-06-21,1.070393188761597,1.123445210227968
2019-06-24,1.092326178562338,1.1238530239386646
2019-06-25,1.0862592850638768,1.1226295828065738
2019-06-26,1.0861555354208217,1.123649117083316
2019-06-27,1.0848337663628662,1.1327025814607885
2019-06-28,1.0770135093569142,1.1316830471840462
2019-07-01,1.0788656152339815,1.1307450756494433
2019-07-02,1.0805450357382633,1.1254434974103829
2019-07-03,1.0705501391381378,1.1107622038252924
2019-07-04,1.0749874994281483,1.1196117613474164
2019-07-05,1.0892755429141383,1.1188369152970925
2019-07-08,1.0666715670503928,1.095183720076669
2019-07-09,1.0591388681141276,1.0917988662778841
2019-07-10,1.0600365174059776,1.095999347498063
2019-07-11,1.0694444032733894,1.1083561029321805
2019-07-12,1.0737875951361404,1.1120264263284532
2019-07-15,1.0653022031715098,1.1118633008441743
2019-07-16,1.0690979278134298,1.1176134741650015
2019-07-17,1.0635048333121366,1.1071326618000898
2019-07-18,1.065332457333009,1.1038293707434443
2019-07-19,1.0753470496175297,1.1196525427184862
2019-07-22,1.064526167129943,1.1196525427184862
2019-07-23,1.0845432372819095,1.1252395905550345
2019-07-24,1.0766401606067377,1.1142286203662166
2019-07-25,1.0615324454136514,1.1134945556869622
2019-07-26,1.0566460936930908,1.110272827372456
2019-07-29,1.0403936832483747,1.0919212103910934
2019-07-30,1.0368666498283283,1.0968149749194567
2019-07-31,1.0365426879285355,1.0861710370702662
2019-08-01,1.0354832291363463,1.083683373435015
2019-08-02,1.018535471345779,1.0725092777619183
2019-08-05,1.0014392529985774,1.048856082541495
2019-08-06,1.0024600089138949,1.0334407242771502
2019-08-07,0.9881852323513199,1.0276905509563232
2019-08-08,0.9966020606210929,1.029321805799111
2019-08-09,1.002413777225309,1.0393132417111863
2019-08-12,0.9933812702776174,1.0413523102646711
2019-08-13,0.9848813607292256,1.0310754047551078
2019-08-14,0.9829134776869586,1.039354023082256
2019-08-16,0.9787172832568992,1.0354390114595653
2019-08-19,0.9946708564266221,1.0403735573589985
2019-08-20,0.9977751491350949,1.0523632804534888
2019-08-21,1.0109659636525354,1.0537090656987889
2019-08-22,1.0103924181223203,1.0451449777741526
2019-08-23,1.005556966357083,1.0444516944659679
2019-08-26,0.989308710489354,1.0284653970066473
2019-08-27,0.981093576351,1.0338077566167774
2019-08-28,0.9891069687571212,1.0420863749439255
2019-08-29,0.9933364560754504,1.0371110476734227
2019-08-30,1.008786412404997,1.0562375107051098
2019-09-02,1.0085357438104428,1.0565637616736674
2019-09-03,1.0111465159366866,1.0531789078748828
2019-09-04,1.0165096973557728,1.0672076995228579
2019-09-05,1.017810720102757,1.0784225765670241
2019-09-06,1.0153951553854208,1.0828677460136207
2019-09-09,1.014217724425924,1.0904938624036538
2019-09-10,1.0303772855678297,1.0960401288691324
2019-09-11,1.037554043379452,1.1045226540516289
2019-09-16,1.0538362940838175,1.109334855837853
2019-09-17,1.052504558097838,1.1079482892214836
2019-09-18,1.0505852294141516,1.1135761184291015
2019-09-19,1.0456541461181923,1.121161453448065
2019-09-20,1.0569204706800301,1.1273602218506584
2019-09-23,1.0577501201497779,1.128216630643122
2019-09-24,1.052822219621225,1.133599771624322
2019-09-25,1.0386509686743872,1.1191223848945802
2019-09-26,1.0411637649327996,1.1210391093348557
2019-09-27,1.0258452750291973,1.1065209412340442
2019-09-30,1.033088595191943,1.1155744056115167
2019-10-01,1.048633137147863,1.1191223848945802
2019-10-02,1.0331984547305575,1.095183720076669
2019-10-04,1.0207979605156068,1.0904530810325843
2019-10-07,1.0174092463498652,1.0915949594225358
2019-10-08,1.0122437427550768,1.1066432853472534
2019-10-10,0.998116038503946,1.0962032543534115
2019-10-11,1.007435831626522,1.1063985971208352
2019-10-14,1.0226595065309796,1.118347538844256
2019-10-15,1.0272124397028946,1.1187961339260224
2019-10-16,1.036459912912304,1.1268708453978222
2019-10-17,1.0356956590766009,1.1238122425675952
2019-10-18,1.0310522289711108,1.112556584152359
2019-10-21,1.031175795821236,1.1165531585171895
2019-10-22,1.0400536708285386,1.131316014844419
2019-10-23,1.0252714510678793,1.126503813058195
2019-10-24,1.0322832697503734,1.1284205374984706
2019-10-25,1.027029376731083,1.1299294482280493
2019-10-28,1.0155473932455112,1.1328249255739975
2019-10-29,1.015414124608204,1.1318869540393948
2019-10-30,1.0037932541471595,1.1235675543411767
2019-10-31,0.9979295723464019,1.1248317768443374
2019-11-01,0.9898729152348062,1.135475714693528
2019-11-04,1.0099456792786021,1.1522368582031728
2019-11-05,1.0137819603436207,1.1597406304799969
2019-11-06,1.0103123659124948,1.1603115696749722
2019-11-07,1.020450806453876,1.159699849108927
2019-11-08,1.0246148686984597,1.1546429590962848
2019-11-11,1.0256615722977682,1.1453448064923943
2019-11-12,1.0261977691794606,1.156763590391909
2019-11-13,1.0168189455897259,1.147098405448391
2019-11-14,1.0179344950070817,1.1579054687818604
2019-11-15,1.0207220484731632,1.1716080094612782
2019-11-18,1.0114700848379496,1.1711594143795114
2019-11-19,1.0034553415780083,1.1672851841278902
2019-11-20,0.993237985490185,1.1508910729578725
2019-11-21,0.9739245781027986,1.1348639941274823
2019-11-22,0.9735482346326736,1.1395538518004975
2019-11-25,0.991415505069399,1.1508095102157334
2019-11-26,0.9981874347413406,1.1493413808572244
2019-11-27,1.057368136668902,1.1535010807063335
2019-11-28,1.02317743689154,1.1468944985930427
2019-11-29,0.9986385865158512,1.128746788467028
2019-12-02,1.0055727642595222,1.1314383589576282
2019-12-03,1.002726526552594,1.1263406875739161
2019-12-04,0.9919758610403421,1.118021287875698
2019-12-05,0.99523559513121,1.1145548713347744
2019-12-06,1.0020762787123685,1.1278495983034948
2019-12-09,0.9986176696186693,1.13384445985074
2019-12-10,1.0008339833678859,1.139064475347661
2019-12-11,1.011322898365502,1.1430202683414215
2019-12-12,1.0207797428205303,1.1627176705680846
2019-12-13,1.0448640278926118,1.1831083561029323
2019-12-16,1.0381793763470275,1.1816810081154927
2019-12-17,1.0365390034871977,1.2006035642918313
2019-12-18,1.0369565970374919,1.1998694996125772
2019-12-19,1.0383365863152492,1.2002365319522041
2019-12-20,1.0357264481067234,1.2043146690591737
2019-12-23,1.0396383193294407,1.2025202887321071
2019-12-24,1.0419880943602384,1.194486358631377
2019-12-26,1.0463711317716546,1.1992169976754619
2019-12-27,1.0630763044607967,1.203866073977407
2019-12-30,1.0623805823760542,1.1980343379144405
2020-01-02,1.0445087635674057,1.184087109008605
2020-01-03,1.0447880046229978,1.185677582480323
2020-01-06,1.0308303891702315,1.1762570857632233
2020-01-07,1.0373046723633612,1.187675869662738
2020-01-08,1.0145408634990476,1.180294441499123
2020-01-09,1.012682845833132,1.2006443456629012
2020-01-10,1.0213434694982637,1.2114514089963704
2020-01-13,1.0183732288381218,1.2239712899147668
2020-01-14,1.022063615007946,1.229680681864524
2020-01-15,1.0204645034001707,1.2223808164430487
2020-01-16,1.013481607226867,1.234778353248236
2020-01-17,1.0209297817240433,1.2368989845438605
2020-01-20,1.0174948429731456,1.2461971371477507
2020-01-21,1.0156080777221543,1.2320460013865666
2020-01-22,1.0159024056095927,1.2482362057012357
2020-01-23,1.0088235779154568,1.2329431915501
2020-01-28,0.9695124639050161,1.193956200807471
2020-01-29,0.9751712720308009,1.1988907467069043
2020-01-30,0.9632629720426916,1.176012397536805
2020-01-31,0.9492624247520456,1.160352351046042
2020-02-03,0.9456070280161153,1.1624729823416664
2020-02-04,0.9495514279688797,1.1854328942539047
2020-02-05,0.9544860571968724,1.1908975979772438
2020-02-06,0.9895062153859358,1.2260919212103911
2020-02-07,0.9796386877298486,1.2161412666693852
2020-02-10,0.9727669479588722,1.2081073365686554
2020-02-11,0.9783257693724513,1.2205048733738426
2020-02-12,0.993619117842304,1.229721463235594
2020-02-13,0.9808860785681932,1.2272337996003424
2020-02-14,0.9714972650479092,1.235716324782839
2020-02-17,0.9724756408470063,1.2346967905060966
2020-02-18,0.9607513071856282,1.2142245422291096
2020-02-19,0.9523545728422845,1.2166306431222216
2020-02-20,0.9343091723885633,1.2097793727825128
2020-02-21,0.9145802246257796,1.192528852820032
2020-02-24,0.8743039360995409,1.146038089800579
2020-02-25,0.8926577228729664,1.1591696912850211
2020-02-26,0.882458251651078,1.141633701725052
2020-02-27,0.8845885511105773,1.1300110109701886
2020-02-28,0.8589219072296104,1.093022307409975
2020-03-02,0.851716896422578,1.1026059296113535
2020-03-03,0.8528336266087195,1.1074589127686472
2020-03-04,0.8606855014895853,1.134252273561437
2020-03-05,0.8608541817589949,1.147506219159088
2020-03-06,0.8382631247729293,1.1218955181273194
2020-03-09,0.8382631247729293,1.0729986542147547
2020-03-10,0.7958198666752443,1.079360548101627
2020-03-11,0.778896906494315,1.0481220178622404
2020-03-12,0.778896906494315,1.0098283104277965
2020-03-13,0.7033684590790593,0.9814036947922189
2020-03-16,0.6857514234862302,0.9500836018106928
2020-03-17,0.6649298527279728,0.9252885282003179
2020-03-18,0.6271781248739515,0.8801843317972351
2020-03-19,0.5614116773550617,0.8126911626768892
2020-03-20,0.6133254372478264,0.8713755556461806
2020-03-23,0.5624873237993255,0.8232535377839403
2020-03-24,0.6015976614334171,0.8985767301496675
2020-03-25,0.6697139765042641,0.9497573508421352
2020-03-26,0.6865530189016332,0.9352799641123933
2020-03-27,0.6880786249703574,0.9534276742384078
2020-03-30,0.6979960253899521,0.9479629705150686
2020-03-31,0.7232472864369549,0.9657844296725255
2020-04-01,0.6983631897162887,0.9230863341625545
2020-04-02,0.7349535261178294,0.9454753068798173
2020-04-03,0.7273763333985084,0.9449043676848414
2020-04-06,0.7471706791818199,0.9820561967293341
2020-04-07,0.7686310124113758,0.9986134333836303
2020-04-08,0.7850183450368307,0.986460584804861
2020-04-09,0.8015924993332337,1.001631254842788
2020-04-10,0.8298839248679785,1.011378002528445
2020-04-13,0.8300874212403688,0.9926185718363851
2020-04-14,0.8294771286913141,1.0091350271196118
2020-04-16,0.811212465664741,1.0077076791321724
2020-04-17,0.8318693251044909,1.0400065250193713
2020-04-20,0.8174572067773523,1.0282614901512988
2020-04-21,0.802086085887502,1.0170873944782024
2020-04-22,0.7979591154019496,1.0272011745034868
2020-04-23,0.8147488302448304,1.03478650952245
2020-04-24,0.7995639355305146,1.0206761551323356
2020-04-27,0.8279401300147757,1.0392724603401167
2020-04-28,0.8345247132553822,1.0455935728559194
2020-04-29,0.8409892730154157,1.0527710941641857
2020-05-04,0.8123192889451762,1.0219811590065657
2020-05-06,0.8248805874251605,1.0399249622772317
2020-05-07,0.8251781632197176,1.0377227682394683
2020-05-08,0.8309899978563369,1.0465315443905223
2020-05-11,0.8306928886989824,1.0397210554218832
2020-05-12,0.8182653370053454,1.0332775987928713
2020-05-13,0.8136287668763582,1.043391378818156
2020-05-14,0.8154699302253228,1.0344194771828228
2020-05-15,0.8149887274647923,1.0349904163777985
2020-05-18,0.8200570613133158,1.0417193426042983
2020-05-19,0.8384065844150559,1.067615513233555
2020-05-20,0.8383030987800458,1.0714081807430367
2020-05-21,0.8402418087665388,1.0755678805921456
2020-05-22,0.8229786899213457,1.0587659557114308
2020-05-25,0.8236778563969889,1.0715713062273153
2020-05-26,0.8493038781198254,1.0901268300640268
2020-05-27,0.8665699901374617,1.0914726153093266
2020-05-28,0.8626984265253044,1.094123404428857
2020-05-29,0.8425455790347739,1.0942457485420658
2020-06-01,0.8572160878154989,1.1141062762530076
2020-06-02,0.8818683805623635,1.1258920924921496
2020-06-03,0.9145513732778374,1.16598018025366
2020-06-04,0.9079747513767034,1.1681823742914237
2020-06-05,0.9186526054557637,1.1851882060274868
2020-06-08,0.9170055070734284,1.185799926593532
2020-06-09,0.9077630493138341,1.1880429020023653
2020-06-10,0.9030114245836713,1.1904082215244074
2020-06-11,0.8784950220797746,1.1770319318135476
2020-06-12,0.8530162228668431,1.1491374740018758
2020-06-15,0.8443373340952481,1.0927368378124873
2020-06-16,0.8821860652861929,1.152440765058521
2020-06-17,0.878046697914938,1.154194364014518
2020-06-18,0.8790455304276569,1.149667631825782
2020-06-19,0.8650369118428792,1.1556217120019574
2020-06-22,0.8677932031146528,1.147669344643367
2020-06-23,0.8572923996197819,1.149789975938991
2020-06-24,0.85721362395767,1.169201908568166
2020-06-25,0.8484787623101866,1.1407772929325886
2020-06-26,0.8543686448093082,1.155662493373027
2020-06-29,0.872438043615041,1.13388524122181
2020-06-30,0.8951840832481368,1.1422454222910972
2020-07-01,0.9747413300075133,1.1429387055992821
2020-07-02,0.9110999300519257,1.1576199991843725
2020-07-03,0.8950088106394198,1.1658986175115207
2020-07-06,0.8978222802902581,1.1851882060274868
2020-07-07,0.8749877840357085,1.1694873781656538
2020-07-08,0.888827412804213,1.1662248684800784
2020-07-09,0.8922450108607425,1.171444883976999
2020-07-10,0.8656984471857703,1.1625137637127358
2020-07-13,0.8794546180589842,1.1820072590840502
2020-07-14,0.8879152507056259,1.1811508502915866
2020-07-15,0.8989386190100956,1.1919171322539863
2020-07-16,0.9088077736342232,1.1796011581909385
2020-07-17,0.8926749859401831,1.1890624362791076
2020-07-20,0.8938652407095933,1.1859630520778108
2020-07-21,0.8973527935301395,1.2037029484931283
2020-07-22,0.9908125582258829,1.1991354349333225
2020-07-23,0.9744402984451247,1.1923249459646834
2020-07-24,0.9904105944613337,1.1853513315117654
2020-07-27,1.0454798178785785,1.1969740222666283
2020-07-28,1.04243046191277,1.2239712899147668
2020-07-29,1.023351327593638,1.2285388034745728
2020-07-30,1.0210566300720867,1.2309856857387547
2020-07-31,0.9997250916933362,1.2206679988581215
2020-08-03,0.9939178507126344,1.2212389380530972
2020-08-04,1.0200844664776725,1.2358386688960483
2020-08-05,1.0110378637378026,1.2505199624811385
2020-08-06,1.0267689137756904,1.269605644141756
2020-08-07,1.029007997952758,1.274703315525468
2020-08-10,1.1691397533812966,1.29183149137474
2020-08-11,1.2689860839072906,1.3091635740793603
2020-08-12,1.3099643150866278,1.3159332816769298
2020-08-13,1.3023874465334997,1.31858407079646
2020-08-14,1.2929739615972675,1.3019044900289547
2020-08-18,1.1930230150940062,1.2758044125443495
2020-08-19,1.2222160750830426,1.2786591085192285
2020-08-20,1.1590004758312697,1.2299253700909423
2020-08-21,1.1606709789888827,1.2485624566697933
2020-08-24,1.1831544504181661,1.2614901512988865
2020-08-25,1.2130411814050714,1.2788630153745768
2020-08-26,1.1925044204002924,1.2813098976387587
2020-08-27,1.1647617935922252,1.269850332368174
2020-08-28,1.1748287019902572,1.273357530280168
2020-08-31,1.1800978398166024,1.2525590310346233
2020-09-01,1.1840816950403024,1.263447657110232
2020-09-02,1.187080628319206,1.2703397088210104
2020-09-03,1.1923810378860256,1.2904449247583705
2020-09-04,1.2186404875127164,1.2725011214877042
2020-09-07,1.2900892459070057,1.2791892663431343
2020-09-08,1.2522780525563475,1.2943191550099915
2020-09-09,1.238512813319806,1.2795970800538312
2020-09-10,1.2425795347288482,1.2908527384690671
2020-09-11,1.2441049804540636,1.2905264875005098
2020-09-14,1.2457324807795414,1.309000448595082
2020-09-15,1.246991392246846,1.3187064149096692
2020-09-16,1.2362401971750177,1.314424370947351
2020-09-17,1.2179676466395257,1.2968476000163125
2020-09-18,1.2140907172437425,1.2984380734880305
2020-09-21,1.2120105496877405,1.2882427307206068
2020-09-22,1.1873106753920883,1.259410301374332
2020-09-23,1.182990527110123,1.2627543738020472
2020-09-24,1.1565646281580437,1.2335549121161453
2020-09-25,1.1667041910050941,1.238000081562742
2020-09-28,1.190365889162283,1.2521104359528565
2020-09-29,1.201368272986104,1.2619387463806533
2020-10-05,1.2141883946746612,1.2785367644060193
2020-10-06,1.2088324789042257,1.2823702132865704
2020-10-07,1.2111771461323004,1.2941968108967823
2020-10-08,1.2133577634743824,1.2946861873496187
2020-10-12,1.2268082884273996,1.3015374576893273
2020-10-13,1.2270127338648096,1.3032910566453242
2020-10-14,1.2229597797951515,1.291015863953346
2020-10-15,1.2170417719001192,1.2802088006198769
2020-10-16,1.2118456004538432,1.2716854940663105
2020-10-19,1.2220025895075568,1.2747848782676072
2020-10-20,1.2266228576285776,1.2834305289343826
2020-10-21,1.2443907329014445,1.2877125728967007
2020-10-22,1.2550854763627568,1.2795970800538312
2020-10-23,1.2778861617389234,1.2837567799029403
2020-10-26,1.253701017859341,1.2786183271481586
2020-10-27,1.2316844338640787,1.2715631499531015
2020-10-28,1.2521014963997048,1.2771501977896498
2020-10-29,1.2435003091348047,1.263977814934138
2020-10-30,1.2281936643565043,1.2299661514620122
2020-11-02,1.2532578879077927,1.2477060478773294
2020-11-03,1.2638428826572878,1.272664246971983
2020-11-04,1.2569393780894642,1.2798417682802494
2020-11-05,1.2722647094747308,1.3111618612617755
2020-11-06,1.2722792899601245,1.3135679621548877
2020-11-09,1.2920029069363652,1.328779413563884
2020-11-10,1.3133432071908053,1.3300028546959748
2020-11-11,1.3365850906731134,1.3503527588597528
2020-11-12,1.3181074149770176,1.3446433669099955
2020-11-13,1.30537748597931,1.3581420007340643
2020-11-16,1.3160926943212603,1.3891358427470333
2020-11-17,1.316805261392163,1.3859548958035968
2020-11-18,1.315028033601839,1.3864034908853635
2020-11-19,1.3085117886017867,1.3872191183067575
2020-11-20,1.317323077133137,1.3890950613759634
2020-11-23,1.3248962304745322,1.4210676562946045
2020-11-24,1.3554886257215095,1.428489865829289
2020-11-25,1.3539331331060211,1.4204151543574897
2020-11-26,1.3555380666211219,1.435993638106113
2020-11-27,1.3533564648438852,1.4384813017413645
2020-11-30,1.3415713845730772,1.411239345866808
2020-12-01,1.347906788661783,1.4371355164960644
2020-12-02,1.3589487497624249,1.4626646547856939
2020-12-03,1.3611086115062057,1.4748990661066026
2020-12-04,1.3532729522867106,1.4992455446352104
2020-12-07,1.3364403323731342,1.5083397903837528
2020-12-08,1.3239359637596064,1.482198931528078
2020-12-09,1.3314254279035187,1.5149055911259737
2020-12-10,1.341885862963975,1.5063415032013376
2020-12-11,1.3705195553148888,1.5180457566983403
2020-12-14,1.3529434042082498,1.5152726234656009
2020-12-15,1.3436102612149834,1.5124994902328617
2020-12-16,1.3534763554771194,1.5192284164593612
2020-12-17,1.3548783386286083,1.5170670037926675
2020-12-18,1.3455562415921734,1.5152318420945312
2020-12-21,1.3493242259861535,1.5178010684719219
2020-12-22,1.3331601362072827,1.494351780106847
2020-12-23,1.3438903270030857,1.5142938705599283
2020-12-24,1.3662606493347655,1.5463480282207087
2020-12-28,1.3715372695056354,1.5494066310509358
2020-12-29,1.3602965478982707,1.5548713347742749
2020-12-30,1.3583891350459154,1.5875779943721708
2021-01-04,1.3391577579412273,1.6307654663349782
2021-01-05,1.3495343237795823,1.6558460095428407
2021-01-06,1.343863259971538,1.639737367970311
2021-01-07,1.373276822305438,1.6753395049141553
2021-01-08,1.3844259083189505,1.754496146160434
2021-01-11,1.350721661370477,1.7582072509277762
2021-01-12,1.3501125497800346,1.7449125239590555
2021-01-13,1.3659673487150363,1.755148648097549
2021-01-14,1.4052777028965435,1.752987235430855
2021-01-15,1.4074660909438326,1.7145711838832023
2021-01-18,1.3698372059345105,1.6740752824109946
2021-01-19,1.3781978367599386,1.718323070021614
2021-01-20,1.3674196881377794,1.7291709147261531
2021-01-21,1.3665195458872792,1.7547000530157824
2021-01-22,1.3811709717915186,1.741894702499898
2021-01-25,1.3771320707027404,1.7833693568777782
2021-01-26,1.3637164355370104,1.7402634476571102
2021-01-27,1.3607674590857965,1.7277843481097834
2021-01-28,1.3351580451981244,1.6981362913421147
2021-01-29,1.2975308906333114,1.6498511479955955
2021-02-01,1.3354841509924562,1.6942620610904937
2021-02-02,1.3421085364099756,1.7170180661473837
2021-02-03,1.365373642116172,1.7340646792545165
2021-02-04,1.3600756195785928,1.7059255332164267
2021-02-05,1.3807413055749778,1.7262754373802045
2021-02-08,1.3865196940447182,1.7085355409648872
2021-02-09,1.3806304274194503,1.704294278373639
2021-02-10,1.3974270868952108,1.7113902369397658
2021-02-15,1.4041643666168768,1.7414053260470617
2021-02-16,1.3958842998621301,1.7504995717956036
2021-02-17,1.398754545799477,1.729945760776477
2021-02-18,1.3846557955707277,1.7023775539333632
2021-02-19,1.3831761377022227,1.7166510338077565
2021-02-22,1.3707865720778654,1.7000937971534602
2021-02-23,1.3617414615710215,1.6957709718200724
2021-02-24,1.3450111170491335,1.6604543044737166
2021-02-25,1.3630544151088355,1.7230944904367682
2021-02-26,1.3319885710212098,1.6716691815178828
2021-03-02,1.3410469174254693,1.6916112719709635
2021-03-03,1.3678714017261555,1.7139186819460868
2021-03-04,1.3722851480981975,1.6890420455935728
2021-03-05,1.3609011300101415,1.6801924880714487
2021-03-08,1.3808050738750752,1.6652665062599403
2021-03-09,1.389960548503011,1.654867256637168
2021-03-10,1.3801095227921811,1.6454467599200686
2021-03-11,1.3897834409917678,1.6761959137066187
2021-03-12,1.3983908634260296,1.6970351943232331
2021-03-15,1.414925967532465,1.6890828269646425
2021-03-16,1.4175895910225746,1.7018473961094573
2021-03-17,1.4110278912437406,1.6883895436564575
2021-03-18,1.4110096218549093,1.7008278618327146
2021-03-19,1.4138909817472727,1.6839035928387913
2021-03-22,1.4079214161003764,1.6828024958199095
2021-03-23,1.393282381832301,1.666775416989519
2021-03-24,1.391582848773763,1.6602096162472981
2021-03-25,1.403213502999181,1.6660413523102644
2021-03-26,1.4236664045567224,1.6838220300966518
2021-03-29,1.428961243174459,1.6803963949267975
2021-03-30,1.4331285129926377,1.6989927001345786
2021-03-31,1.436703678577597,1.6925900248766363
2021-04-01,1.4229445211910199,1.7104522654051628
2021-04-02,1.4135596910113863,1.7280698177072713
2021-04-05,1.423676605814665,1.7325965498960074
2021-04-06,1.4216123332911996,1.736797031116186
2021-04-07,1.448349903633992,1.740141103543901
2021-04-08,1.4410488675520963,1.7407936054810162
2021-04-09,1.4295805197617928,1.7303535744871743
2021-04-12,1.4322000935645909,1.7300273235186168
2021-04-13,1.428626385909687,1.7498470698584885
2021-04-14,1.432407948901791,1.756494433342849
2021-04-15,1.4494989718991875,1.7644468007014396
2021-04-16,1.44895872419741,1.7635088291668364
2021-04-19,1.459810795513473,1.7615921047265608
2021-04-20,1.4783514312475883,1.7723583866889605
2021-04-21,1.487003435538044,1.7403450103992495
2021-04-22,1.5075656934563815,1.7428734554055707
2021-04-23,1.5039344278804008,1.7468292483993308
2021-04-26,1.5204403382359535,1.7632233595693487
2021-04-27,1.5330272156207034,1.7623261694058154
2021-04-28,1.5911234027954855,1.7433220504873372
2021-04-29,1.5967162798843777,1.7384282859589737
2021-04-30,1.6008752938160151,1.7224419884996534
2021-05-03,1.631468130104294,1.7142857142857144
2021-05-04,1.608328805748604,1.7273765343990866
2021-05-06,1.6666037351357466,1.739896415317483
2021-05-07,1.671582480432125,1.7477264385628646
2021-05-10,1.7091718288311215,1.776558867909139
2021-05-11,1.7219435547184712,1.748582847355328
2021-05-12,1.671034267876223,1.7204029199461686
2021-05-13,1.6869880184606287,1.696790506096815
2021-05-14,1.6831570485681868,1.7135108682353901
2021-05-17,1.6809704066292652,1.7057624077321478
2021-05-18,1.7087438374461528,1.7254190285877409
2021-05-20,1.7326517931659693,1.719668855266914
2021-05-21,1.6895914369936105,1.7213001101097016
2021-05-24,1.7177029490081637,1.7151421230781776
2021-05-25,1.743993254753879,1.7305574813425229
2021-05-26,1.7472143050734128,1.7272541902858773
2021-05-27,1.7571513268813284,1.7250519962481137
2021-05-28,1.770951561718055,1.7370825007136739
2021-05-31,1.7766456765816554,1.7450756494433344
2021-06-01,1.7625963231756643,1.754903959871131
2021-06-02,1.8051185534364587,1.754210676562946
2021-06-03,1.7773717736369676,1.7693813466008728
2021-06-04,1.7972594542043439,1.762652420374373
2021-06-07,1.8170988556338727,1.7668936829656212
2021-06-08,1.8167682380056662,1.7653439908649728
2021-06-09,1.798419283668895,1.7460951837200767
2021-06-10,1.7790890559491983,1.7509481668773705
2021-06-11,1.7795677337859015,1.7649361771542758
2021-06-14,1.7816639486841026,1.7667305574813426
2021-06-15,1.7868640958591884,1.7704416622486847
2021-06-16,1.8236780534070525,1.7819827902614083
2021-06-17,1.822240264049743,1.7728885445128666
2021-06-18,1.8011703400373742,1.7740712042738875
2021-06-21,1.7513283900421666,1.759553036173076
2021-06-22,1.766563655171993,1.7716243220097059
2021-06-23,1.7521310218248916,1.7810448187268055
2021-06-24,1.7736011673133187,1.7877737449533053
2021-06-25,1.8102211752021808,1.7960115819093836
2021-06-28,1.8233774286845623,1.7942987643244566
2021-06-29,1.8007232726332816,1.7843481097834508
2021-06-30,1.7902078573042464,1.7896496880225112
2021-07-01,1.7815879337705947,1.7794543452550873
2021-07-02,1.8025529066440824,1.7780677786387178
2021-07-05,1.798181712378538,1.7848374862362872
2021-07-06,1.802176381719585,1.792341258513111
2021-07-07,1.7787978245237177,1.7820235716324784
2021-07-08,1.7732180831234643,1.7643244565882306
2021-07-09,1.7418849661230966,1.7447901798458463
2021-07-12,1.7690255581545533,1.7588189714938214
2021-07-13,1.783968539451777,1.772806981770727
2021-07-14,1.7725313961537255,1.7681579054687817
2021-07-15,1.7820081506557905,1.7811671628400145
2021-07-16,1.7843065856073121,1.7732555768524938
2021-07-19,1.780827344809423,1.7531503609151338
2021-07-20,1.7698833906915779,1.7476856571917947
2021-07-21,1.768453146328501,1.7372864075690222
2021-07-22,1.7950964072333468,1.7592267852045185
2021-07-23,1.7764780870813572,1.7599200685127032
2021-07-26,1.7586319070288128,1.7432812691162678
2021-07-27,1.7634962961297607,1.7463398719464949
2021-07-28,1.7795937989064106,1.7501325394559764
2021-07-29,1.7840868125449036,1.7515191060723463
2021-07-30,1.7824874267872513,1.7287631010154563
2021-08-02,1.7832728169412788,1.7405081358835284
2021-08-03,1.7833445335042646,1.7535173932547612
2021-08-04,1.8050361223827742,1.7782716854940663
2021-08-05,1.794794874519781,1.772929325883936
2021-08-06,1.799279669689562,1.7670160270788304
2021-08-09,1.7964708022286933,1.7603278822234
2021-08-10,1.7929173235165639,1.7477264385628646
2021-08-11,1.8016254291963527,1.7321479548142409
2021-08-12,1.7955707539099988,1.7225235512417927
2021-08-13,1.7920857083114763,1.6967497247257453
2021-08-17,1.7957871712787883,1.6773785734676399
2021-08-18,1.7947701979081478,1.6857387545369273
2021-08-19,1.7446364738110534,1.6514824028383832
2021-08-20,1.7272126892647999,1.6344357897312507
2021-08-23,1.73817586576805,1.6499327107377348
2021-08-24,1.7674891776359583,1.6821499938827944
2021-08-25,1.7767789760232207,1.6881448554300396
2021-08-26,1.7827186868562463,1.6735859059581581
2021-08-27,1.7876499432801949,1.6730149667631824
2021-08-30,1.7664630781375352,1.6781534195179642
2021-08-31,1.776365862828647,1.7119611761347415
2021-09-01,1.7872433069975688,1.7124913339586478
2021-09-02,1.7806580171613848,1.6960564414175603
2021-09-03,1.7793200053350364,1.709636637983769
2021-09-06,1.7714776823955107,1.7143264956567839
2021-09-07,1.7622484181556437,1.7038456832918722
2021-09-08,1.7609526342048603,1.6905509563231516
2021-09-09,1.7433752904452464,1.6609436809265528
2021-09-10,1.75803492344237,1.6667346356184494
2021-09-13,1.766651861390424,1.670812772725419
2021-09-14,1.777473940329058,1.681660617429958
2021-09-15,1.773715001551216,1.683658904612373
2021-09-16,1.7695228346867398,1.6688552669140737
2021-09-17,1.769924603809272,1.6760735695934097
2021-09-23,1.7650297843350895,1.6739121569267157
2021-09-24,1.7713988670074061,1.6713837119203947
2021-09-27,1.7835078820858907,1.6759920068512704
2021-09-28,1.804894892786871,1.6565392928510254
2021-09-29,1.798275728444612,1.6316218751274416
2021-09-30,1.8189581518774405,1.6365564210268748
2021-10-01,1.826550707416447,1.6100077484605033
2021-10-05,1.8291211717445706,1.5823579788752495
2021-10-06,1.8289348236512808,1.557562905264875
2021-10-07,1.841408351866791,1.5828881366991558
2021-10-08,1.8406111444505138,1.5799518779821378
2021-10-12,1.839808253710388,1.5525060152522328
2021-10-13,1.845926749824781,1.566412462786999
2021-10-14,1.8363305182925789,1.5888014355042615
2021-10-15,1.8648441171415826,1.6034827290893519
2021-10-18,1.871091074727443,1.5987113086741975
2021-10-19,1.881850544243572,1.6125361934668243
2021-10-20,1.9019338126280552,1.6057257044981852
2021-10-21,1.9153964391282865,1.6034419477182824
2021-10-22,1.9105623298127952,1.6040944496553973
2021-10-25,1.921681119275005,1.6109049386240364
2021-10-26,1.9215922241257666,1.6274621752783327
2021-10-27,1.9241446739532115,1.6128216630643122
2021-10-28,1.8799745050740255,1.6063374250642306
2021-10-29,1.870879360530801,1.5842339219444557
2021-11-01,1.8786052535177364,1.5896986256677947
2021-11-02,1.8836141089978644,1.6101300925737123
2021-11-03,1.8657162676398673,1.5883528404224951
2021-11-04,1.8854056328010278,1.5967538028628523
2021-11-05,1.8527747284381113,1.5899025325231433
2021-11-08,1.8736696267485569,1.5888014355042615
2021-11-09,1.861058935812278,1.5919416010766283
2021-11-10,1.8522044030380724,1.5751396761959138
2021-11-11,1.8353182793894658,1.574038579177032
2021-11-12,1.8573850115358468,1.5920231638187676
2021-11-15,1.8618690236723452,1.6082541495045064
2021-11-16,1.8727459612294681,1.607071489743485
2021-11-17,1.8474239552402019,1.588189714938216
2021-11-18,1.8478082022364677,1.580033440724277
2021-11-19,1.8324240442038209,1.5926348843848128
2021-11-22,1.8400714135210423,1.6274621752783327
2021-11-23,1.8617334508472119,1.6167366746870029
2021-11-24,1.8695421848552025,1.6124954120957546
2021-11-25,1.8560629384512197,1.5983442763345703
2021-11-26,1.817692629131246,1.5703682557807594
2021-11-29,1.7885934717854846,1.556339464132784
2021-11-30,1.7382554490160147,1.5221238938053099
2021-12-01,1.7514538071047883,1.5624566697932385
2021-12-02,1.7726127001330618,1.58900534235961
2021-12-03,1.802077988681266,1.598466620447779
2021-12-06,1.8096111307656544,1.6020961624729824
2021-12-07,1.8217523161106375,1.6162065168630968
2021-12-08,1.8229301071508766,1.6201215284857877
2021-12-09,1.8293717889234307,1.63586313771869
2021-12-10,1.8208126340711672,1.6229762244606663
2021-12-13,1.82266625992449,1.6201215284857877
2021-12-14,1.8247408602673665,1.6125361934668243
2021-12-15,1.835562896490548,1.6135557277435666
2021-12-16,1.8371016893431862,1.621793564699645
2021-12-17,1.8599994739787924,1.6270135801965662
2021-12-20,1.829407921753116,1.5960605195546673
2021-12-21,1.8417609555845622,1.6065821132906486
2021-12-22,1.8362991041059882,1.6152277639574242
2021-12-23,1.838760765984035,1.6237102891399209
2021-12-24,1.8404429651046073,1.6334162554545082
2021-12-27,1.8308407263952307,1.625586232209127
2021-12-28,1.851764807118017,1.6361893886872474
2021-12-29,1.862426579458976,1.6178785530769546
2021-12-30,1.8480495442251752,1.6075608661963214
2022-01-04,1.877663048416888,1.6124954120957546
2022-01-05,1.8946193092618464,1.592063945189837
2022-01-06,1.8850762112376693,1.5750581134537744
2022-01-07,1.9006956971898135,1.5939398882590434
2022-01-10,1.9544824741245552,1.5803596916928346
2022-01-11,1.9724268671787204,1.5862729904979407
2022-01-12,1.9890476446480987,1.6094775906365972
2022-01-13,2.0030207956363335,1.6027078830390276
2022-01-14,1.9888003363920783,1.5800742220953468
2022-01-17,1.9634761636342482,1.5652298030259777
2022-01-18,1.966105980346549,1.553811019126463
2022-01-19,1.986799380886155,1.5423922352269481
2022-01-20,1.9535070946975241,1.5512825741201417
2022-01-21,1.9644138489474847,1.533705803189103
2022-01-24,1.937265716013826,1.5142123078177887
2022-01-25,1.887518801997819,1.4778761061946901
2022-01-26,1.887518801997819,1.4715142123078175
2022-01-27,1.8915487104446445,1.421557032747441
2022-01-28,1.9140387184479055,1.4598915215529547
2022-02-03,1.9413862132074897,1.4746543778801844
2022-02-04,1.9835631061453887,1.4939847477672197
2022-02-07,1.9854472316508196,1.4800375188613841
2022-02-08,1.9854472316508196,1.4823212756412871
2022-02-09,1.9854472316508196,1.5034052444843193
2022-02-10,2.0371184900028405,1.5153134048366705
2022-02-11,2.0295515039326766,1.503242119000041
2022-02-14,1.9986632462535068,1.4802822070878021
2022-02-15,1.975995388718646,1.46988295746503
2022-02-16,1.9944774803725973,1.4978997593899108
2022-02-17,2.015752236487526,1.507075567880592
2022-02-18,2.013161697147329,1.5029974307736225
2022-02-21,1.992736454247939,1.5019371151258105
2022-02-22,1.992736454247939,1.482443619754496
2022-02-23,1.992736454247939,1.4862362872639776
2022-02-24,1.976495107182329,1.4479017984584641
2022-02-25,1.9586124652777754,1.4617674646221606
2022-02-28,1.9586124652777754,1.4744096896537662
2022-03-02,1.9342031664193633,1.470535459402145
2022-03-03,1.983375311739476,1.496921006484238
2022-03-04,1.980757978751222,1.4750214102198114
2022-03-07,1.9309930188421125,1.4397047428734553
2022-03-08,1.9190161523010931,1.4248195424330166
2022-03-10,1.9282769580318346,1.4600138656661634
2022-03-11,1.994448788134669,1.4490028954773457
2022-03-14,2.002074018337432,1.4461481995024674
2022-03-15,2.0105153505096105,1.4315484686595163
2022-03-16,2.0144144377587487,1.452183842420782
2022-03-17,2.012501957996669,1.4740834386852084
2022-03-18,2.0229056274760704,1.4776314179682721
2022-03-21,2.021462845538808,1.4631132498674604
2022-03-22,2.0369386398664804,1.4748990661066026
2022-03-23,2.052095890716575,1.4878675421067655
2022-03-24,2.0550085981953963,1.48191346193059
2022-03-25,2.053739087714286,1.4765303209493903
2022-03-28,2.0771852022933235,1.4765303209493903
2022-03-29,2.068156348681184,1.483503935402308
2022-03-30,2.0507580394823743,1.486480975490396
2022-03-31,2.077297147207844,1.4910077076791322
2022-04-01,2.0824158262986576,1.4811386158802657
2022-04-04,2.082050028254356,1.4882753558174626
2022-04-05,2.0541344336904914,1.4874597283960687
2022-04-06,2.0841952246506454,1.4722482769870722
2022-04-07,2.0739433469767956,1.4507157130622732
2022-04-08,2.072028037669193,1.4518575914522245
2022-04-11,2.0906301846820736,1.4509196199176215
2022-04-12,2.073764498601206,1.436809265527507
2022-04-13,2.074086294919729,1.4640512214020636
2022-04-14,2.0831618101723284,1.4574446392887728
2022-04-15,2.061055331465631,1.4430080339301006
2022-04-18,2.056229521178752,1.442151625137637
2022-04-19,2.0872329475027405,1.4573630765466337
2022-04-20,2.0876176847629346,1.4580155784837485
2022-04-21,2.101683343866666,1.464132784144203
2022-04-22,2.1246977823282673,1.4494922719301822
2022-04-25,2.109256277716804,1.4231882875902286
2022-04-26,2.0780671852814514,1.4300803393010073
2022-04-27,2.0411166548030804,1.411891847803923
2022-04-28,2.076927504281675,1.4280004893764529
2022-04-29,2.076006130754638,1.4480649239427428
2022-05-02,2.051628315265707,1.443742098609355
2022-05-03,2.0591437637997454,1.4408874026344765
2022-05-04,2.086202595546552,1.4430488153011705
2022-05-06,2.0778291457520983,1.423269850332368
2022-05-10,2.043554676761537,1.4015333795522205
2022-05-11,1.9964608016098044,1.4005954080176175
2022-05-12,2.0352463466919364,1.378165653929285
2022-05-13,2.065357211533088,1.4089963704579749
2022-05-16,2.0692273962720074,1.402634476571102
2022-05-17,2.069342967492719,1.4172749887851228
2022-05-18,2.039479669723956,1.420578279841768
2022-05-19,2.0071010630145913,1.3997797805962238
2022-05-20,2.0158747245574595,1.4244525100933894
2022-05-23,2.024352668861404,1.428734554055707
2022-05-24,2.0405565991441272,1.4032054157660778
2022-05-25,2.0427827104187353,1.409404184168672
2022-05-26,2.042927215881431,1.4039394804453325
2022-05-27,2.073552968549385,1.4193548387096775
2022-05-30,2.066683087842512,1.4375025488356918
2022-05-31,2.065872366213212,1.4458627299049795
2022-06-02,2.047598200779996,1.429427837363892
2022-06-03,2.056651891248392,1.4355450430243464
2022-06-07,2.045658363444227,1.4096896537661594
2022-06-08,2.0602314715918846,1.411932629174993
2022-06-09,2.0673801415309994,1.4135638840177807
2022-06-10,2.049335375494331,1.3942742955018146
2022-06-13,1.9958666456760552,1.3452958688471106
2022-06-14,2.0110050118020326,1.3385669426206108
2022-06-15,2.0016506904330087,1.3140165572366542
2022-06-16,1.9954121765239539,1.314179682720933
2022-06-17,1.9729358526972074,1.3053709065698786
2022-06-20,1.92126633531119,1.282329431915501
2022-06-21,1.9273474165857016,1.290241017903022
2022-06-22,1.8636231478651082,1.2563924799151747
2022-06-23,1.8326218963145926,1.2456669793238448
2022-06-24,1.8767964368503514,1.272664246971983
2022-06-27,1.8793971540672425,1.2895069532237673
2022-06-28,1.895710741144965,1.3013743322050488
2022-06-29,1.8645992970175398,1.275885975286489
2022-06-30,1.8635648610957936,1.2528037192610415
2022-07-01,1.8742578866991095,1.2398352432608784
2022-07-04,1.8314922319191775,1.2397944618898087
2022-07-05,1.8580087248850565,1.2602667101667957
2022-07-06,1.802151782714004,1.2327392846947514
2022-07-07,1.8169922739870252,1.2573304514497776
2022-07-08,1.8269923356605304,1.2648342237266015
2022-07-11,1.8114569198618622,1.2572488887076383
2022-07-12,1.7858951207297338,1.2439541617389176
2022-07-13,1.7898426589117713,1.2503160556257902
2022-07-14,1.767055105470644,1.245259165613148
2022-07-15,1.7356579159922412,1.25569919660699
2022-07-18,1.8081387575518522,1.2840830308714979
2022-07-19,1.798679353637413,1.2801272378777373
2022-07-20,1.8383193113715959,1.2887728885445127
2022-07-21,1.8565540045992788,1.3036988703560213
2022-07-22,1.8475155269505232,1.294115248154643
2022-07-25,1.845956137030426,1.298234166632682
2022-07-26,1.8415007562841474,1.3034134007585334
2022-07-27,1.845502467967973,1.3039435585824397
2022-07-28,1.838842712565686,1.3116104563435422
2022-07-29,1.8571573208988743,1.3185025080543207
2022-08-01,1.8518883729318751,1.3171159414379512
2022-08-02,1.8400829617046566,1.3116920190856816
2022-08-03,1.8435664976068926,1.3205007952367358
2022-08-04,1.834501856007053,1.3273112842053751
2022-08-05,1.862661252347806,1.335589902532523
2022-08-08,1.8779689838895806,1.3344888055136412
2022-08-09,1.8810015659989112,1.3380775661677744
2022-08-10,1.8702483155021992,1.3227437706455691
2022-08-11,1.902050868533293,1.3454589943313895
2022-08-12,1.9239938066889144,1.3485175971616166
2022-08-16,1.90827473772973,1.3530443293503525
2022-08-17,1.9019992220913566,1.3454182129603196
2022-08-18,1.8832190695291724,1.3408914807715835
2022-08-19,1.8851215228715588,1.3326944251865747
2022-08-22,1.852043583005502,1.316300314016557
2022-08-23,1.8256076415462108,1.2996615146201216
2022-08-24,1.8388749889128708,1.304432935035276
2022-08-25,1.8512951956765935,1.3198075119285508
2022-08-26,1.859126052243417,1.3209493903185026
2022-08-29,1.8140367418930732,1.2901186737898127
2022-08-30,1.828824588708618,1.302924024305697
2022-08-31,1.8304738868073789,1.3170751600668813
2022-09-01,1.7967623576729788,1.2846947514375433
2022-09-02,1.8080183191815116,1.2761306635129075
2022-09-05,1.8108321771652067,1.274295501814771
2022-09-06,1.811403029925561,1.2764976958525345
2022-09-07,1.7907854451070546,1.2567187308837324
2022-09-08,1.7907829604825214,1.2606337425064231
2022-09-13,1.837297081658908,1.2991313567962155
2022-09-14,1.797716595283065,1.2753965988336526
2022-09-15,1.8080539567666596,1.2667917295379472
2022-09-16,1.8171367917095669,1.2588801435504262
2022-09-19,1.7935380678658337,1.2499082419150933
2022-09-20,1.8181390343962134,1.2541902858774112
2022-09-21,1.8036938165918925,1.2424860323804088
2022-09-22,1.7852669439086126,1.2301700583173605
2022-09-23,1.7736106433980146,1.2142245422291096
2022-09-26,1.7106033119554502,1.1817217894865624
2022-09-27,1.7040518283654673,1.1834753884425595
2022-09-28,1.6668621179240917,1.154887647322703
2022-09-29,1.6628761565359111,1.152685453284939
2022-09-30,1.6414161673946184,1.1474246564169488
2022-10-04,1.6787093370595882,1.175604583826108
2022-10-05,1.682302273976824,1.1787855307695443
2022-10-06,1.6843931099905316,1.187798213775947
2022-10-07,1.7059700187304645,1.1843317972350231
2022-10-11,1.6650631867592816,1.1621059500020388
2022-10-12,1.6917075721381594,1.170792382039884
2022-10-13,1.6756584424432055,1.1523592023163818
2022-10-14,1.7337944923689705,1.180049753272705
2022-10-17,1.7274566604813184,1.1809061620651686
2022-10-18,1.7597395640609388,1.197300273235186
2022-10-19,1.7480865965118615,1.1879205578891563
2022-10-20,1.7274423006068107,1.176991150442478
2022-10-21,1.7009427314310608,1.176828024958199
2022-10-24,1.7092781800449741,1.188654622568411
2022-10-25,1.6983938052684946,1.1891032176501772
2022-10-26,1.6841629210355449,1.1983605888829982
2022-10-27,1.7376196680944722,1.218628930304637
2022-10-28,1.736821363759333,1.2032951347824312
2022-10-31,1.7179740763861744,1.2217283145059337
2022-11-01,1.7318980465677183,1.2392643040659026
2022-11-02,1.730712276916896,1.239223522694833
2022-11-03,1.7202362584904014,1.2302108396884304
2022-11-04,1.7349974712201617,1.2410994657640388
2022-11-07,1.766097315260293,1.255536071122711
2022-11-08,1.774097705491107,1.272419558745565
2022-11-09,1.7871782009549964,1.285551160230007
2022-11-10,1.7852189658631166,1.2688307980914317
2022-11-11,1.824849803894796,1.3176053178907872
2022-11-14,1.8218981682668196,1.3112434240039148
2022-11-15,1.8351069406588885,1.314424370947351
2022-11-16,1.846792788358316,1.3129970229599117
2022-11-17,1.8197515667855726,1.2917499286326006
2022-11-18,1.8233929991456441,1.2932588393621793
2022-11-21,1.829134495455094,1.283267403450104
2022-11-22,1.8602351047067802,1.2724603401166348
2022-11-23,1.867739733664781,1.280983646670201
2022-11-24,1.886474753203572,1.2939929040414337
2022-11-25,1.8846903979528689,1.2889767953998612
2022-11-28,1.8608264289255059,1.2732351861669586
2022-11-29,1.888499380679685,1.286978508217446
2022-11-30,1.9214990836713346,1.309082011337221
2022-12-01,1.932758158494877,1.31324171118633
2022-12-02,1.901818138636441,1.2846947514375433
2022-12-05,1.897916911961601,1.2801680192488072
2022-12-06,1.8874502745257429,1.2647934423555318
2022-12-07,1.8654594427008737,1.257167325965499
2022-12-08,1.859861295769931,1.2570449818522897
2022-12-09,1.8954593890762679,1.2708698666449165
2022-12-12,1.8807481985600605,1.2627543738020472
2022-12-13,1.8811962398845739,1.2624281228334897
2022-12-14,1.8887085119837619,1.2773948860160678
2022-12-15,1.8688123070636495,1.2549651319277353
2022-12-16,1.8599531161561254,1.253945597650993
2022-12-19,1.8660951053609764,1.2510501203050446
2022-12-20,1.8644058548287834,1.2399575873740873
2022-12-21,1.8694579712527108,1.2366135149463726
2022-12-22,1.87617931065956,1.253945597650993
2022-12-23,1.862517529803143,1.2318828759022877
2022-12-26,1.8606950944687526,1.2326985033236815
2022-12-27,1.8786356305584135,1.2406508706822723
2022-12-28,1.8499492553366093,1.2115737531095794
2022-12-29,1.8104605947568455,1.187145711838832
2023-01-02,1.7622898277237398,1.1818033522287021
2023-01-03,1.7759668515186777,1.1809469434362383
2023-01-04,1.8336548005080995,1.2070470209208435
2023-01-05,1.8764227039852146,1.214754700053016
2023-01-06,1.9086511441712346,1.229680681864524
2023-01-09,1.9173187737924626,1.2629582806573956
2023-01-10,1.9334263953890798,1.2624689042045594
2023-01-11,1.9060331113039075,1.2657721952612044
2023-01-12,1.9073848075061237,1.2670771991354348
2023-01-13,1.9464661072835048,1.2795970800538312
2023-01-16,1.983568536051635,1.2888544512866524
2023-01-17,1.961806820480932,1.279515517311692
2023-01-18,1.9565741154462182,1.272011745034868
2023-01-19,1.9586854262160271,1.27976020553811
2023-01-20,1.9807160049117967,1.286978508217446
2023-01-25,1.9914463358372316,1.3081032584315484
2023-01-26,2.016339865028406,1.3277190979160718
2023-01-27,2.022714090899408,1.3375474083438685
2023-01-30,2.0057952616624255,1.3158925003058604
2023-01-31,1.9828129583729317,1.293829778557155
2023-02-01,1.9830933485691615,1.3098568573875453
2023-02-02,1.9670783065561397,1.3210309530606419
2023-02-03,1.9621236456671935,1.3289017576770932
2023-02-06,1.9263112267334668,1.3002324538150971
2023-02-07,1.9230617314503922,1.3072468496390848
2023-02-08,1.9711348412028682,1.3279637861424902
2023-02-09,1.94254944926124,1.3249867460544023
2023-02-10,1.9472592010536842,1.3200522001549693
2023-02-13,1.9518622765080698,1.3121406141674483
2023-02-14,1.9376006016650624,1.319155009991436
2023-02-15,1.8974525364017616,1.2968068186452428
2023-02-16,1.9068990618924018,1.3217242363688269
2023-02-17,1.912985928620104,1.3081848211736875
2023-02-20,1.9159238070798918,1.3123037396517272
2023-02-21,1.9286500916698592,1.311365768117124
2023-02-22,1.8955559411488343,1.2884466375759553
2023-02-23,1.9087765058542074,1.3027201174503484
2023-02-24,1.9025380221822015,1.292524774682925
2023-02-27,1.888824758396286,1.280290363362016
2023-02-28,1.900619130256807,1.28379756127401
2023-03-02,1.8887669733632162,1.2897516414501855
2023-03-03,1.8716467295606332,1.2901594551608826
2023-03-06,1.8650741267664437,1.308837323110803
2023-03-07,1.8645429341169497,1.3041882468088577
2023-03-08,1.8538463351965768,1.2861628807960523
2023-03-09,1.86286199987343,1.2806981770727133
2023-03-10,1.8376149067465122,1.2668732922800863
2023-03-13,1.8412679805931038,1.2773133232739282
2023-03-14,1.7773519484889269,1.2461971371477507
2023-03-15,1.7858209538949783,1.2605521797642838
2023-03-16,1.760665927004749,1.2576567024183354
2023-03-17,1.7819300604423378,1.272664246971983
2023-03-20,1.7647360884333572,1.2621426532360018
2023-03-21,1.7760257771948962,1.265690632519065
2023-03-22,1.7786829344478585,1.280983646670201
2023-03-23,1.7808402963591548,1.287671791525631
2023-03-24,1.7657469264469674,1.2817584927205252
2023-03-27,1.7561390757986306,1.2758451939154196
2023-03-28,1.778570942408348,1.2901594551608826
2023-03-29,1.7871250177389708,1.2928102442804128
2023-03-30,1.7920367706978115,1.297051506871661
2023-03-31,1.8099403987488727,1.3132824925573996
2023-04-03,1.8038418513941377,1.3065535663309
2023-04-04,1.8117307389345472,1.3121406141674483
2023-04-05,1.810460706374425,1.3195220423310632
2023-04-06,1.7767677982338028,1.296113535337058
2023-04-07,1.8058310853334318,1.3187064149096692
2023-04-10,1.7941941629948965,1.331022388972717
2023-04-11,1.811920543707112,1.3493332245830105
2023-04-12,1.820402137089551,1.3543085518535132
2023-04-13,1.8254060467950508,1.3583866889604828
2023-04-14,1.8509253422317218,1.3607927898535948
2023-04-17,1.849300879523946,1.3617715427592676
2023-04-18,1.8539602567199915,1.3600587251743403
2023-04-19,1.8614872866417391,1.361159822193222
2023-04-20,1.8625545613851364,1.3566330900044858
2023-04-21,1.8646368634148505,1.3496186941804984
2023-04-24,1.8399160079701327,1.3404836670608866
2023-04-25,1.849536234018771,1.323273928469475
2023-04-26,1.8383057364641011,1.3211940785449205
2023-04-27,1.8236455390081427,1.3257615921047263
2023-04-28,1.8515213386458131,1.3313486399412748
2023-05-02,1.8531090614432666,1.3420741405326047
2023-05-03,1.8369677884231108,1.3315933281676928
2023-05-04,1.8388720104481693,1.3301659801802537
2023-05-08,1.8695568077361804,1.3412992944822804
2023-05-09,1.8695504054061252,1.3385261612495414
2023-05-10,1.8612216456393966,1.3296358223563476
2023-05-11,1.8755408264882067,1.3265364381550506
2023-05-12,1.8584684834272285,1.3197259491864117
2023-05-15,1.8575466691980291,1.3231923657273355
2023-05-16,1.844674462415501,1.3266587822682596
2023-05-17,1.8385889734807164,1.3319603605073203
2023-05-18,1.8510013845265578,1.3451327433628315
2023-05-19,1.8659382571993586,1.3630357652624283
2023-05-22,1.8822155791306667,1.3713551649606457
2023-05-23,1.8866572956738725,1.3746992373883609
2023-05-24,1.8947235992732265,1.3722523551241794
2023-05-25,1.8768294030382104,1.367603278822234
2023-05-26,1.86369021903224,1.3747808001305004
2023-05-30,1.8867436494057603,1.3926838220300966
2023-05-31,1.8773955132373312,1.3829778557155092
2023-06-01,1.8667284265019177,1.3787365931242608
2023-06-02,1.8825217439905113,1.3974552424452509
2023-06-05,1.8970858714489742,1.4025121324578933
2023-06-07,1.8959851309086755,1.3996982178540844
2023-06-08,1.8993416744741338,1.3977814934138086
2023-06-09,1.9121491521453848,1.4142571673259654
2023-06-12,1.9012338912732627,1.405203702948493
2023-06-13,1.8971512921382387,1.4126259124831775
2023-06-14,1.8846634018943849,1.4055299539170507
2023-06-15,1.878939600198107,1.3995758737408752
2023-06-16,1.8955671621889902,1.4076505852126748
2023-06-19,1.886547727901157,1.3993311855144568
2023-06-20,1.8860699080734185,1.3970882101056237
2023-06-21,1.8744740523173435,1.3842828595897394
2023-06-22,1.8734702837933883,1.3911341299294482
2023-06-23,1.850647964450766,1.3802455038538395
2023-06-26,1.8469367147098188,1.3881163084702905
2023-06-27,1.855630614766106,1.3878716202438726
2023-06-28,1.8577573464491284,1.3800823783695608
2023-06-29,1.8251614490410097,1.371844541413482
2023-06-30,1.8589652215453945,1.3782064353003545
2023-07-03,1.8791447248110498,1.3991272786591085
2023-07-04,1.8686963798532594,1.3930508543697238
2023-07-05,1.8544984059947844,1.3826516047469515
2023-07-06,1.8163945662324632,1.371069695363158
2023-07-07,1.8103203370019916,1.352187920557889
2023-07-10,1.8198347999876785,1.349210880469801
2023-07-11,1.8328348561714274,1.374413767790873
2023-07-12,1.8463330855250268,1.3843644223318785
2023-07-13,1.8502198094213067,1.3911749113005178
2023-07-14,1.8703606756586504,1.4148281065209412
2023-07-17,1.860232599779679,1.4100159047347172
2023-07-18,1.8486657786131218,1.4003507197911993
2023-07-19,1.848444023023585,1.3992496227723175
2023-07-20,1.8519276674127132,1.3933771053382815
2023-07-21,1.8632108229952,1.3963133640552994
2023-07-24,1.8481722635771551,1.4041841686717507
2023-07-25,1.8416543668873095,1.4066310509359325
2023-07-26,1.8368885296155102,1.3888503731495454
2023-07-27,1.8793054334090737,1.4059785489988172
2023-07-28,1.8444424393176833,1.4030015089107293
2023-07-31,1.860923693833218,1.409485746910811
2023-08-01,1.8835754705435297,1.4314261245463071
2023-08-02,1.8766537665538536,1.4020635373761265
2023-08-03,1.8702680708545267,1.3928469475143754
2023-08-04,1.8771153107615473,1.3916642877533543
2023-08-07,1.879149701299944,1.3852616124954122
2023-08-08,1.8832407466789927,1.3782064353003545
2023-08-09,1.869562696524808,1.3931324171118633
2023-08-10,1.8658372905198986,1.3884425594388483
2023-08-11,1.8645372888087461,1.3824069165205335
2023-08-14,1.8689506780450937,1.3715998531870641
2023-08-16,1.8476612964872654,1.351005260796868
2023-08-17,1.845122029041753,1.34672321683455
2023-08-18,1.8485283656817242,1.3393417886709351
2023-08-21,1.8564885527907944,1.3410546062558621
2023-08-22,1.8525548113885928,1.3445618041678562
2023-08-23,1.8584474927924426,1.3423188287590226
2023-08-24,1.8573272476034965,1.3613637290485705
2023-08-25,1.8640650508874304,1.3468047795766893
2023-08-28,1.8828447979759626,1.3561029321805798
2023-08-29,1.8855277137317488,1.3611190408221523
2023-08-30,1.8806952511666883,1.3659312426083765
2023-08-31,1.8914767964560162,1.3651563965580522
2023-09-01,1.8894587849586137,1.3795522205456545
2023-09-04,1.9189116101882715,1.3907263162187513
2023-09-05,1.905421017908186,1.3877492761306636
2023-09-06,1.9120963052277438,1.3777986215896578
2023-09-07,1.9096751689716915,1.3732718894009217
2023-09-08,1.9224976740845376,1.371885322784552
2023-09-11,1.9473531163476139,1.3766975245707758
2023-09-12,1.9338650075226584,1.3683781248725582
2023-09-13,1.9523214506859452,1.3702132865706944
2023-09-14,1.9727505781484163,1.391419599526936
2023-09-15,1.9935956358022737,1.4068757391623505
2023-09-18,2.0118908786208642,1.389298968231312
2023-09-19,2.007033452763972,1.3817544145834182
2023-09-20,1.9962923225581048,1.3814689449859303
2023-09-21,1.9823045707294569,1.3581827821051344
2023-09-22,1.9873676762611558,1.3540230822560253
2023-09-25,1.9871538335642032,1.3522287019289587
2023-09-26,1.9641395743131318,1.3331430202683414
2023-09-27,1.9612998151481011,1.3323681742180171
2023-10-04,1.929312150743085,1.3027608988214183
2023-10-05,1.9200747262500584,1.2992129195383548
2023-10-06,1.9566362663165646,1.3006810488968639
2023-10-10,1.9974034639130402,1.3013743322050488
2023-10-11,1.992366669550034,1.3243342441172872
2023-10-12,2.0080363331779036,1.341095387626932
2023-10-13,2.0103171891718183,1.3285347253374657
2023-10-16,2.019428168141291,1.3184209453121813
2023-10-17,2.0139380308510733,1.3349781819664777
2023-10-18,2.043090404300271,1.340973043513723
2023-10-19,2.010512676900786,1.3162595326454876
2023-10-20,2.0117450572790805,1.2966844745320338
2023-10-23,1.9864364029750243,1.2866522572488888
2023-10-24,1.9800592150779524,1.2986011989723094
2023-10-25,2.001552067190138,1.2906896129847885
2023-10-26,1.981438899014395,1.2550466946698746
2023-10-27,1.9671559227490998,1.258227641613311
2023-10-30,1.9481569730470039,1.2599404591982382
2023-10-31,1.9400555686870242,1.2461155744056114
2023-11-01,1.9553638318546067,1.263039843399535
2023-11-02,1.9448371607061232,1.2852656906325193
2023-11-03,1.97167568703816,1.2978263529219851
2023-11-06,2.019825792908729,1.3627502956649404
2023-11-07,2.0033730659818283,1.3347334937400597
2023-11-08,1.9947355686655641,1.3213164226581298
2023-11-09,2.00931451583272,1.3265772195261205
2023-11-10,2.0068068065516123,1.3202968883813873
2023-11-13,2.0195203127386145,1.3185025080543207
2023-11-14,2.03386078233468,1.3317972350230414
2023-11-15,2.041172402909508,1.3619346682435463
2023-11-16,2.0464464901262605,1.3633620162309856
2023-11-17,2.033869699018341,1.3541862077403042
2023-11-20,2.0348493312862903,1.3630357652624283
2023-11-21,2.052412370481997,1.3725786060927367
2023-11-22,2.04744487865239,1.3735573589984096
2023-11-23,2.047644855720339,1.3739651727091067
2023-11-24,2.0516822680179367,1.362097793727825
2023-11-27,2.060096658076716,1.3607520084825253
2023-11-28,2.0690630331006985,1.3764528363443578
2023-11-29,2.0543552437540025,1.3727825129480853
2023-11-30,2.058161257917488,1.3801639411117002
2023-12-01,2.049812832487621,1.3653603034134008
2023-12-04,2.0557084139236097,1.3708250071367398
2023-12-05,2.051304988396505,1.3574079360548101
2023-12-06,2.0545567979714585,1.3598548183189918
2023-12-07,2.0496456771541607,1.3566738713755557
2023-12-08,2.051217807488553,1.372700950205946
2023-12-11,2.0542401849335654,1.3781248725582154
2023-12-12,2.0545657409421647,1.3856286448350392
2023-12-13,2.0584780369573155,1.3730272011745033
2023-12-14,2.061659745572771,1.3919905387219116
2023-12-15,2.0622778421586774,1.4028383834264508
2023-12-18,2.049146568027225,1.4008400962440355
2023-12-19,2.0395942225861607,1.402675257942172
2023-12-20,2.0630662302706253,1.4277965825211043
2023-12-21,2.0683936938831162,1.4223726601688347
2023-12-22,2.0675901917277266,1.4238815708984134
2023-12-26,2.06745163298926,1.4291015863953347
2023-12-27,2.05604165128069,1.4373802047224826
2023-12-28,2.077496915337507,1.459932302924024
2024-01-02,2.057714408069392,1.4703723339178665
2024-01-03,2.044436661223687,1.432241751967701
2024-01-04,2.03038410031741,1.4194771828228865
2024-01-05,2.022449117206777,1.4160107662819623
2024-01-08,2.0104916764504446,1.4093226214265322
2024-01-09,2.031640066353654,1.4021043187471962
2024-01-10,2.034881095322778,1.3892581868602423
2024-01-11,2.028614029774281,1.3877084947595937
2024-01-12,2.0336960932312467,1.3793075323192368
2024-01-15,2.0432264571735654,1.3834672321683454
2024-01-16,2.038690139501122,1.3650748338159129
2024-01-17,2.029474530823203,1.3299212919538355
2024-01-18,2.0244079691518873,1.3340809918029444
2024-01-19,2.040568652298693,1.3579788752497859
2024-01-22,2.0383486269002824,1.3565107458912768
2024-01-23,2.0659578088119543,1.3660535867215855
2024-01-24,2.078872219935363,1.3591207536397372
2024-01-25,2.0935917459719127,1.3612821663064312
2024-01-26,2.100987120051409,1.3629542025202885
2024-01-29,2.145502645538803,1.377757840218588
2024-01-30,2.162596937105123,1.3762897108600791
2024-01-31,2.219003310091537,1.371232820847437
2024-02-01,2.338708535884579,1.3963949267974392
2024-02-02,2.348601374841016,1.4413359977162432
2024-02-05,2.3339541231505825,1.4238815708984134
2024-02-06,2.29551855719205,1.4183760858040046
2024-02-07,2.3514838442460753,1.4365237959300192
2024-02-08,2.3609998095052998,1.4407650585212675
2024-02-13,2.3323337935252857,1.4574446392887728
2024-02-14,2.287337789214696,1.4383181762570858
2024-02-15,2.2717063400300734,1.4322825333387708
2024-02-16,2.328589607418562,1.4498593042698094
2024-02-19,2.3808937242685686,1.471718119163166
2024-02-20,2.328889888459966,1.4555686962195669
2024-02-21,2.322271276928222,1.4519799355654337
2024-02-22,2.3198067460840495,1.458627299049794
2024-02-23,2.340150090408541,1.4622976224460664
2024-02-26,2.2834729024209475,1.4496961787855307
2024-02-27,2.286025851110021,1.4386036458545737
2024-02-28,2.339431615448914,1.4550385383956608
2024-02-29,2.359824071960435,1.450063211125158
2024-03-04,2.373110613082892,1.4726153093266996
2024-03-05,2.3628533831530856,1.4583010480812364
2024-03-06,2.3664811288960266,1.4528363443578973
2024-03-07,2.385464099830887,1.4551608825088698
2024-03-08,2.378925598649858,1.4751029729619507
2024-03-11,2.3680885017185465,1.4613596509114635
2024-03-12,2.360183911517711,1.4726560906977693
2024-03-13,2.385705180095724,1.4805268953142205
2024-03-14,2.4790320123956895,1.4953713143835894
2024-03-15,2.4555588382673075,1.4656416948737816
2024-03-18,2.4108771078569844,1.4734717181191632
2024-03-19,2.3863416201512235,1.4572407324334242
2024-03-20,2.4150770554502676,1.4816687737041718
2024-03-21,2.476427223981962,1.523836711390237
2024-03-22,2.4561959885920195,1.5197177929121974
2024-03-25,2.439713456059943,1.5118877696668163
2024-03-26,2.444664265979263,1.5276701602707885
2024-03-27,2.397416095975754,1.525549528975164
2024-03-28,2.3895167144432037,1.5220423310631703
2024-03-29,2.3508554537000927,1.5277925043839973
2024-04-01,2.3316687461290173,1.5263651563965577
2024-04-02,2.324723297060071,1.534766118836915
2024-04-03,2.315768002655073,1.507768851188777
2024-04-04,2.326938403055187,1.5317890787488275
2024-04-05,2.347336869124185,1.5153134048366705
2024-04-08,2.360394947323461,1.519146853717222
2024-04-09,2.3210574990667694,1.5100118265976101
2024-04-11,2.297360868835827,1.5118469882957466
2024-04-12,2.216509207119323,1.4976958525345623
2024-04-15,2.2422829121840966,1.4897842665470413
2024-04-16,2.228433497376081,1.4545491619428244
2024-04-17,2.2100971211423057,1.4387259899677827
2024-04-18,2.2320147459258113,1.4642959096284816
2024-04-19,2.2359318788593248,1.4378695811753188
2024-04-22,2.3075784761023037,1.4554463521063576
2024-04-23,2.3149937284831767,1.4517352473390155
2024-04-24,2.304209883246459,1.4828106520941235
2024-04-25,2.3090178226886486,1.4538966600057093
2024-04-26,2.3414622987942524,1.4722890583581418
2024-04-29,2.353356106615123,1.4863994127482567
2024-04-30,2.3441755592612807,1.4890502018677867
2024-05-02,2.3111717558247666,1.4857061294400717
2024-05-03,2.3127543724822397,1.4827290893519838
2024-05-07,2.3263797188511086,1.5203295134782433
2024-05-08,2.346095415228731,1.5255903103462338
2024-05-09,2.329279511517144,1.504139309163574
2024-05-10,2.3538494657847253,1.5133151176542554
2024-05-13,2.354355069274332,1.5129480853146282
2024-05-14,2.3366279877109144,1.5131519921699768
2024-05-16,2.3753576982316478,1.5276701602707885
2024-05-17,2.337576548579993,1.5112760491007706
2024-05-20,2.3612618332763624,1.5239182741323762
2024-05-21,2.3624679657305654,1.5152318420945312
2024-05-22,2.3481529222811415,1.5146609028995557
2024-05-23,2.321175890527351,1.515517311692019
2024-05-24,2.3089149576288364,1.4929244321194077
2024-05-27,2.3048630083542694,1.513641368622813
2024-05-28,2.2926903539738985,1.5143346519309977
2024-05-29,2.3090482596567696,1.488356918559602
2024-05-30,2.288177320553736,1.4628277802699727
2024-05-31,2.313875811273509,1.4608294930875574
2024-06-03,2.317672558871848,1.490477549855226
2024-06-04,2.282120915896958,1.478406264018596
2024-06-05,2.2704648671085517,1.4943925614779168
2024-06-07,2.295433324423852,1.5145793401574161
2024-06-10,2.273244603305739,1.4985522613270257
2024-06-11,2.267831416864413,1.4995717956037682
2024-06-12,2.2706597852357726,1.5134782431385343
2024-06-13,2.25455984201884,1.5282818808368337
2024-06-14,2.263857275118191,1.5333795522205456
2024-06-17,2.2550704871552476,1.5246523388116309
2024-06-18,2.2663420112438932,1.5404347294156029
2024-06-19,2.277202044133123,1.561967293340402
2024-06-20,2.3031235580702325,1.569185596019738
2024-06-21,2.394454019402459,1.5532808613025568
2024-06-24,2.3235076288645704,1.5431262999062028
2024-06-25,2.333377103528881,1.5490803800823782
2024-06-26,2.320294715996943,1.561967293340402
2024-06-27,2.327301189964414,1.5589494718812447
2024-06-28,2.367794164228477,1.566086211818441
2024-07-01,2.3392853620499716,1.5673912156926715
2024-07-02,2.3440057068161533,1.5545858651767872
2024-07-03,2.3593498983819194,1.5628644835039354
2024-07-04,2.4106819109440942,1.5844786101708739
2024-07-05,2.4091517745586275,1.6127808816932427
2024-07-08,2.3814274171932075,1.6087027445862732
2024-07-09,2.3685923071903305,1.614085885567473
2024-07-10,2.359429272337946,1.6133110395171486
2024-07-11,2.375738297245404,1.6252191998694996
2024-07-12,2.3703969682826953,1.5998124056930794
2024-07-15,2.3578628595690736,1.606133518208882
2024-07-16,2.3840572029777762,1.6121283797561272
2024-07-17,2.3801213666314367,1.596794584233922
2024-07-18,2.4035671833635504,1.5863953346111497
2024-07-19,2.393523065673804,1.5655560539945352
2024-07-22,2.392937577540966,1.5490395987113086
2024-07-23,2.3847842773141408,1.5564210268749235
2024-07-24,2.3616384161929966,1.5442273969250846
2024-07-25,2.350911334854895,1.5140491823335098
2024-07-26,2.455658633780361,1.5260389054280004
2024-07-29,2.504351785261634,1.5445128665225725
2024-07-30,2.455150783895835,1.5287712572896701
2024-07-31,2.4781154141719663,1.5516903878308388
2024-08-01,2.4916302286529204,1.5518942946861873
2024-08-02,2.4287923855757265,1.4892133273520656
2024-08-05,2.2708716076222752,1.3533705803189102
2024-08-06,2.3079636579044074,1.3936217935646997
2024-08-07,2.339680377142168,1.4236368826719952
2024-08-08,2.3492138434288057,1.4138901349863382
2024-08-09,2.3592180059385863,1.4335467558419313
2024-08-12,2.3765122247674775,1.4502263366094368
2024-08-13,2.4054842268450147,1.4559765099302637
2024-08-14,2.424183733202757,1.4697198319807512
2024-08-16,2.4200636342838218,1.5052811875535255
2024-08-19,2.4670680670479643,1.490640675339505
2024-08-20,2.4996667756303523,1.504791811100689
2024-08-21,2.509190541366981,1.5016516455283229
2024-08-22,2.5148424478897877,1.505240406182456
2024-08-23,2.5190100632348944,1.5003874230251621
2024-08-26,2.5409415336863344,1.4938624036540107
2024-08-27,2.5413658377241957,1.486725663716814
2024-08-28,2.498493732191566,1.489661922433832
2024-08-29,2.5005458415222526,1.46853717221973
2024-08-30,2.493886898984968,1.4744504710248358
2024-09-02,2.497987767767057,1.4766526650625993
2024-09-03,2.5319456214160962,1.4632355939806696
2024-09-04,2.4820439491794173,1.4137270095020595
2024-09-05,2.5057476608414015,1.4107091880429021
2024-09-06,2.489895619691526,1.39623180131316
2024-09-09,2.4597958808764586,1.3873006810488968
2024-09-10,2.460345142057237,1.3803678479670487
2024-09-11,2.3659698203163138,1.3688267199543247
2024-09-12,2.401636730404929,1.402267444231475
2024-09-13,2.4463090499410787,1.4016149422943598
2024-09-19,2.471740445341561,1.3999429060805022
2024-09-20,2.4581727232752346,1.40561151665919
2024-09-23,2.441299146129116,1.4101382488479262
2024-09-24,2.4655023914836756,1.4257575139676195
2024-09-25,2.38887612000582,1.4051629215774235
2024-09-26,2.4375198211890754,1.4536111904082214
2024-09-27,2.422665877903515,1.443375066269728
2024-09-30,2.3930805871237224,1.4059785489988172
2024-10-02,2.3871757208328517,1.3895028750866605
2024-10-04,2.403682653364824,1.3936625749357694
2024-10-07,2.434331655222748,1.4165001427347985
2024-10-08,2.413204207796446,1.4038171363321235
2024-10-10,2.4120825708226494,1.4078137106969535
2024-10-11,2.4145686983500387,1.408792463602626
2024-10-14,2.448941732992088,1.4262876717915256
2024-10-15,2.4503123874365373,1.431711594143795
2024-10-16,2.4501329938616663,1.4161738917662412
2024-10-17,2.455632492315084,1.4180906162065168
2024-10-18,2.464615486534813,1.4086701194894171
2024-10-21,2.4547574748044156,1.4135638840177807
2024-10-22,2.4746968531461437,1.3950899229232083
2024-10-23,2.460088749323019,1.412136536030341
2024-10-24,2.466008853718452,1.3983116512377145
2024-10-25,2.506095743854031,1.4003099384201296
2024-10-28,2.463709087701107,1.4162146731373106
2024-10-29,2.466718335349081,1.42033359161535
2024-10-30,2.4283543884534216,1.4069573019044899
2024-10-31,2.400724513410161,1.383793483136903
2024-11-01,2.4341690165924805,1.3763304922311488
2024-11-04,2.423036639691168,1.4012479099547326
2024-11-05,2.4377244093970614,1.3925614779168876
2024-11-06,2.4714250846567256,1.3890542800048937
2024-11-07,2.4630046950341695,1.3901145956527057
2024-11-08,2.455702031770439,1.385383956608621
2024-11-11,2.4483099929064465,1.3647078014762857
2024-11-12,2.436455136201946,1.334815056482199
2024-11-13,2.430704072328684,1.3002732351861668
2024-11-14,2.4096873120621023,1.2956241588842217
2024-11-15,2.4093293561651876,1.3071652868969452
2024-11-18,2.431548382835786,1.3394233514130744
2024-11-19,2.443303356725513,1.3380775661677744
2024-11-20,2.4797911019862267,1.3417886709351168
2024-11-21,2.5074511782228095,1.3437053953753926
2024-11-22,2.5139804725948793,1.355409648872395
2024-11-25,2.514968401918793,1.372823294319155
2024-11-26,2.5161705351651023,1.3686228130989764
2024-11-27,2.5415466081821774,1.3552465233881161
2024-11-28,2.574998589343943,1.3516985441050529
2024-11-29,2.556966447327176,1.3272297214632354
2024-12-02,2.589447131636501,1.3267811263814688
2024-12-03,2.6716317696791174,1.351657762733983
2024-12-04,2.6099998338783754,1.3318787977651807
2024-12-05,2.5330187063474985,1.3207862648342237
2024-12-06,2.5386061682598555,1.3134456180416785
2024-12-09,2.453974341955863,1.2794747359406222
2024-12-10,2.486174336630303,1.3082256025447576
2024-12-11,2.5102328373983522,1.320745483463154
2024-12-12,2.528878912353671,1.3418702336772563
2024-12-13,2.52635784999904,1.347783532482362
2024-12-16,2.5117984656250103,1.3441947718282288
2024-12-17,2.4587957943407854,1.3264140940418416
2024-12-18,2.4872543257248374,1.3446433669099955
2024-12-19,2.461673228908389,1.314709840544839
2024-12-20,2.4394176978001294,1.2981933852616125
2024-12-23,2.4897188705503033,1.3171567228090209
2024-12-24,2.499286850387541,1.3188287590228784
2024-12-26,2.4816513390362385,1.3109171730353573
2024-12-27,2.4428775467617045,1.3010480812364908
2024-12-30,2.422778712134236,1.296113535337058
2025-01-02,2.422420635754445,1.2959096284817095
2025-01-03,2.4266036254798418,1.3213164226581298
2025-01-06,2.4322064271145925,1.3519840137025405
2025-01-07,2.441696091140079,1.3494147873251499
2025-01-08,2.43535790047943,1.365972023979446
2025-01-09,2.4411985455296867,1.3678071856775824
2025-01-10,2.457309935258558,1.3643407691366585
2025-01-13,2.486131906370294,1.3470494678031075
2025-01-14,2.4999909991572946,1.3488030667591042
2025-01-15,2.517240079469439,1.3497410382937076
2025-01-16,2.5294547730227817,1.3691529709228825
2025-01-17,2.51009021079841,1.3665429631744217
2025-01-20,2.526538380107993,1.361853105501407
2025-01-21,2.5358462096492547,1.3638921740548915
2025-01-22,2.567401918991397,1.381509726357
2025-01-23,2.5525372115681404,1.36413686228131
2025-01-24,2.561499133845297,1.3732718894009217
2025-01-31,2.6016603052915412,1.3594877859793646
2025-02-03,2.5606501328047284,1.3235593980669629
2025-02-04,2.5605837876111335,1.340565229803026
2025-02-05,2.570767563496532,1.3558582439541618
2025-02-06,2.561833720355164,1.3724154806084579
2025-02-07,2.5484044403606965,1.3616491986460584
2025-02-10,2.578261294115636,1.36413686228131
2025-02-11,2.5836437032117425,1.3729864198034338
2025-02-12,2.5984235027676568,1.3752701765833368
2025-02-13,2.620216288123088,1.39088944170303
2025-02-14,2.6310374022030794,1.397822274784878
2025-02-17,2.6653092107437595,1.4074058969862566
2025-02-18,2.6824117277923696,1.4185392112882835
2025-02-19,2.6714507835764763,1.4458219485339094
2025-02-20,2.6803344523864285,1.4361159822193221
2025-02-21,2.6694058626107906,1.4351780106847192
2025-02-24,2.682497982608555,1.4269401737286405
2025-02-25,2.660922777038721,1.4173157701561927
2025-02-26,2.6730930978506344,1.4245340728355287
2025-02-27,2.7216860362332906,1.412870600709596
2025-02-28,2.652109352380593,1.3631988907467067
2025-03-04,2.6085096180164906,1.3621793564699645
2025-03-05,2.5737496391859396,1.3746584560172912
2025-03-06,2.5932378327889936,1.3878308388728027
2025-03-07,2.5796508369688054,1.3801231597406305
2025-03-10,2.591655928120676,1.3816320704702092
2025-03-11,2.565827719929802,1.3660128053505158
2025-03-12,2.5865316329222154,1.390196158394845
2025-03-13,2.580689079321875,1.392357571061539
2025-03-14,2.590875261924484,1.389829126055218
2025-03-17,2.6503694223936844,1.4199665592757227
2025-03-18,2.6508596254070618,1.4185392112882835
2025-03-19,2.660579409678542,1.4308144039802617
2025-03-20,2.6587539333791805,1.441621467313731
2025-03-21,2.648964633074714,1.4484727376534399
2025-03-24,2.6625088996224444,1.440561151665919
2025-03-25,2.653338833167089,1.4317931568859343
2025-03-26,2.6259096286474994,1.4477386729741855
2025-03-27,2.6126782612525394,1.4284083030871497
2025-03-28,2.6187566066793364,1.398637902206272
2025-03-31,2.593761846017341,1.355572774356674
2025-04-01,2.6320152718122363,1.3793075323192368
2025-04-02,2.6225326266923754,1.3713143835895762
2025-04-03,2.576491630283708,1.357693405652298
2025-04-04,2.5797321276517122,1.3403613229476774
2025-04-07,2.4853641604888477,1.2625912483177684
2025-04-08,2.46628825136693,1.2643448472737653
2025-04-09,2.4462479058588436,1.2419150931854328
2025-04-10,2.5362104222053667,1.3257208107336567
2025-04-11,2.516448447651627,1.314465152318421
2025-04-14,2.540956754650444,1.3267403450103992
2025-04-15,2.5862552348889305,1.3381999102809836
2025-04-16,2.6005005984219913,1.3193996982178537
2025-04-17,2.6069782784305504,1.3306961380041598
2025-04-18,2.636861704086527,1.3390563190734472
2025-04-21,2.6570374786899844,1.342971330696138
2025-04-22,2.674411643858962,1.3401166347212594
2025-04-23,2.6911951010929336,1.361853105501407
2025-04-24,2.7097700074439897,1.3609559153378739
2025-04-25,2.7149448744541846,1.3738020472248276
2025-04-28,2.660060262563892,1.3746584560172912
2025-04-29,2.724604097409478,1.3827331674890908
2025-04-30,2.7658746343254155,1.3814281636148606
2025-05-02,2.757194469830368,1.3816320704702092
2025-05-07,2.776303616544353,1.3919089759797723
2025-05-08,2.7701726914582427,1.3925614779168876
2025-05-09,2.7819243602555614,1.3926430406590269
2025-05-12,2.811787109226618,1.4154398270869863
2025-05-13,2.8174143527501205,1.415806859426614
2025-05-14,2.826210319227824,1.4346478528608133
2025-05-15,2.8231183468055274,1.4239223522694833
2025-05-16,2.8179510415031963,1.429183149137474
2025-05-19,2.8007252458334415,1.413359977162432
2025-05-20,2.817905804283117,1.4151951388605684
2025-05-21,2.8276895650288965,1.4248195424330166
2025-05-22,2.800713449039691,1.4061416744830961
2025-05-23,2.82301849200393,1.4080991802944411
2025-05-26,2.8543634824225013,1.4359528567350435
2025-05-27,2.8577845734695457,1.4325680029362586
2025-05-28,2.8839004328054245,1.4532849394396639
2025-05-29,2.982156081160158,1.480690020798499
2025-05-30,2.9864407355691407,1.4665796664083846
2025-06-02,2.9422141612220454,1.4668651360058724
2025-06-04,3.060214952665682,1.5085029158680314
2025-06-05,3.0638135506632436,1.5355817462583092
2025-06-09,3.122311930682169,1.5618857305982627
2025-06-10,3.142025805460635,1.569226377390808
2025-06-11,3.1453568065540685,1.5896170629256554
2025-06-12,3.1475880603985846,1.59300191672444
2025-06-13,3.166115608543414,1.5794625015293013
2025-06-16,3.214863205780246,1.6074385220831124
2025-06-17,3.196925806266396,1.6115982219322214
2025-06-18,3.1736665197633003,1.6266057664858693
2025-06-19,3.176098740821607,1.628359365441866
2025-06-20,3.20149448105814,1.6529505321968923
2025-06-23,3.218748028309584,1.648872395089923
2025-06-24,3.293013833170558,1.7036825578075934
2025-06-25,3.3710865946897455,1.71081929774479
2025-06-26,3.3375641455380025,1.6951184698829576
2025-06-27,3.339174794866215,1.683128746788467
2025-06-30,3.34400172558285,1.6907956445495698
2025-07-01,3.41390195572755,1.697565352147139
2025-07-02,3.431855473410035,1.6901023612413848
2025-07-03,3.489048736644516,1.7166510338077565
2025-07-04,3.477018148792499,1.6832103095306064
2025-07-07,3.52933316276447,1.6843521879205576
2025-07-08,3.721618208983873,1.717792912197708
2025-07-09,3.745194841165295,1.7210554218832836
2025-07-10,3.82355575756519,1.7471554993678888
2025-07-11,3.866633255220422,1.7457281513804492
2025-07-14,3.988429607812852,1.7637535173932548
2025-07-15,3.995586351650949,1.773092451368215
2025-07-16,3.883892614663619,1.7583295950409852
2025-07-17,3.8961648694119124,1.7602871008523304
2025-07-18,3.8239471458648517,1.7580849068145672
2025-07-21,3.8024553555836555,1.7721952612046816
2025-07-22,3.80085717698861,1.7456465886383101
2025-07-23,3.805282388034213,1.7537620814811794
2025-07-24,3.799888316275569,1.7537213001101095
2025-07-25,3.7893741915068784,1.7567799029403368
2025-07-28,3.6193833715227446,1.767342278047388
2025-07-29,3.652610625617347,1.7774152767016025
2025-07-30,3.6759851921068925,1.7936054810162718
2025-07-31,3.658934450518798,1.7886709351168386
2025-08-01,3.5116198966914065,1.7157538436442235
2025-08-04,3.5658000958171305,1.7323518616695894
2025-08-05,3.63473904786784,1.7586966273806124
2025-08-06,3.6603848009357898,1.75637208922964
2025-08-07,3.6903833035422218,1.7754169895191876
2025-08-08,3.677201650992051,1.7677500917580848
2025-08-11,3.64957652469901,1.7670160270788304
2025-08-12,3.6657317651177226,1.760246319481261
2025-08-13,3.6883398502442075,1.7818196647771298
2025-08-14,3.69185871874308,1.7803923167896902
2025-08-18,3.6304524729211325,1.750295664940255
2025-08-19,3.6162336290725725,1.738020472248277
2025-08-20,3.6171350912153555,1.7277435667387138
2025-08-21,3.6069588116465874,1.7308021695689408
2025-08-22,3.607510861999151,1.7474817503364461
2025-08-25,3.623114352461463,1.7694629093430119
2025-08-26,3.595293887396581,1.7511928551037885
2025-08-27,3.6310391306065584,1.754863178500061
2025-08-28,3.655761282200464,1.7609803841605154
2025-08-29,3.6066651145370967,1.754088332449737
2025-09-01,3.6074092154181105,1.7263977814934137
2025-09-02,3.617810397563342,1.7460544023490068
2025-09-03,3.6090610937315475,1.7551078667264792
2025-09-04,3.5852353045720977,1.7630602340850698
2025-09-05,3.583531715069234,1.7652624281228335
2025-09-08,3.5903097193458104,1.773377920965703
2025-09-09,3.646268753607611,1.7996003425635168
2025-09-10,3.757478731512417,1.8353656049916398
2025-09-11,3.7342076704872973,1.8514742465641694
2025-09-12,3.751232448520748,1.8871171648790832
2025-09-15,3.842066074368645,1.894906406753395
2025-09-16,3.8208402339656597,1.9283471310305451
2025-09-17,3.758949941244946,1.9044492475837038
2025-09-18,3.763088088434776,1.9385016924268994
2025-09-22,3.740975352551282,1.9505321968924596
2025-09-23,3.723335479937329,1.9637861424901104
2025-09-24,3.7056995133799555,1.9590962848170954
2025-09-25,3.7005272028148526,1.9600750377227683
2025-09-26,3.6537411560146866,1.9086905101749518
2025-09-29,3.7019168951684334,1.9380123159740632
2025-09-30,3.6778556588835456,1.933159332816769
2025-10-01,3.6515432493421525,1.9549365849679865
2025-10-02,3.6925224127172216,2.012193629949839
2025-10-10,3.5903840171795656,2.067493169120346
2025-10-13,3.576897572309398,2.046694669874801
2025-10-14,3.542655453605744,2.026385547082093
2025-10-15,3.641999106926837,2.0820928999632966
2025-10-16,3.6622471170719195,2.1387790057501737
2025-10-17,3.6052086709618445,2.142979486970352
2025-10-20,3.6810119664632737,2.182945230618653
2025-10-21,3.660424613228921,2.182945230618653
2025-10-22,3.6958150093516497,2.2127564128706005
2025-10-23,3.6744335169063143,2.18739040006525
2025-10-24,3.662251693185363,2.243016190204315
2025-10-27,3.687811318146558,2.3069613800415967
2025-10-28,3.6815267214706,2.2817584927205252
2025-10-29,3.6500941265930646,2.3306961380041598
2025-10-30,3.635900710133351,2.3457852452999473
2025-10-31,3.6094624373462887,2.3631173280045674
2025-11-03,3.6369309311310407,2.442926471187961
2025-11-04,3.6926900636973654,2.373231108029852
2025-11-05,3.6707633779645,2.3057787202805757
2025-11-06,3.803276318589699,2.317931568859345
2025-11-07,3.7276687178595553,2.275518942946862
2025-11-10,3.8966342309021984,2.3461930590106435
2025-11-11,3.866070780687397,2.3710696953631576
2025-11-12,4.014636182459993,2.392765384772236
2025-11-13,3.9960135657931093,2.4005954080176175
2025-11-14,3.964904445217775,2.2977447901798453
2025-11-17,3.9405490775676153,2.351657762733983
2025-11-18,3.860229808883623,2.2692793931731985
2025-11-19,3.909806997999317,2.253823253537784
2025-11-20,3.9309351506713193,2.3008849557522124
2025-11-21,3.894876977202143,2.2036621671220584
2025-11-24,3.879947094068775,2.205497328820195
2025-11-25,3.8651733789352067,2.221035031197749
2025-11-26,3.9235178496482903,2.2811875535255495
2025-11-27,3.8871806962386803,2.297459320582358
2025-11-28,3.9078869896056836,2.259287957261123
2025-12-01,3.962795700096168,2.2591248317768446
2025-12-02,4.072894200813236,2.307083724154806
2025-12-03,4.054004099510153,2.3277598792871412
2025-12-04,4.043685549169859,2.3235186166958934
2025-12-05,4.067574012379892,2.368622813098976
2025-12-08,4.02271921280682,2.4027160393132414
2025-12-09,4.019372123100695,2.3888095917784757
2025-12-10,3.960029645101946,2.387830838872803
2025-12-11,3.9302492714409962,2.365972023979446
2025-12-12,3.9727313811153695,2.397659149300599
2025-12-15,3.9689946454382294,2.3428489865829287
2025-12-16,3.942517733882352,2.289955548305534
2025-12-17,4.007655933907609,2.335222870192896
2025-12-18,3.983272783947527,2.306798254557318
2025-12-19,4.018954415080254,2.318013131601484
2025-12-22,4.101957306143174,2.3764528363443578
2025-12-23,4.0977037089313235,2.3842420782186697
2025-12-24,4.115348488300351,2.382488479262673
2025-12-26,4.073120459789162,2.406427144080584
2025-12-29,4.065384997433181,2.4700868643203786
2025-12-30,4.082948166127995,2.4712695240813995
2026-01-02,4.048931067575001,2.545450838057175
2026-01-05,4.072548493706108,2.645650666775417
2026-01-06,4.1115912623471225,2.689327515191061
2026-01-07,4.035807106155504,2.7098405448391176
2026-01-08,3.9686201983029163,2.7086171037070264
2026-01-09,3.9656174774893835,2.7252151217323926
2026-01-12,3.9662078218780565,2.744015333795522
2026-01-13,3.9784900120856537,2.776028710085233
2026-01-14,4.024168783383709,2.796623302475429
2026-01-15,4.016911655301722,2.8399738999225153
2026-01-16,3.9796331423593374,2.873618531055014
2026-01-19,3.9415519958747236,2.91162676889197
2026-01-20,4.0412201225570605,2.889278577545777
2026-01-21,4.078896495417285,2.9156233432568004
2026-01-22,4.106716114133036,2.945638432364096
2026-01-23,4.1468731193798565,2.965988336527874
2026-01-26,4.1354996894830895,2.936421842502345
2026-01-27,4.2635444112116145,3.0387423025162104
2026-01-28,4.2624623196933165,3.0941641857999267
2026-01-29,4.339979612580603,3.1221809877248075
2026-01-30,4.367980105378183,3.133681334366461
2026-02-02,4.29221001035047,2.9585253456221197
2026-02-03,4.475939359052544,3.179071000367032
2026-02-04,4.595883309296715,3.223278006606582
2026-02-05,4.585011895435442,3.086945883120591
2026-02-06,4.665241538647047,3.05085436972391
2026-02-09,4.864465038426076,3.1847803923167897
2026-02-10,4.954131681489898,3.1840463276375353
2026-02-11,5.143061069174445,3.2166306431222216
2026-02-12,5.3216252277546285,3.3289017576770927
2026-02-13,5.382334580755866,3.3220097059663143
2026-02-19,5.421772413900453,3.426613922760083
2026-02-20,5.637451075787591,3.5055258757799437
2026-02-23,5.529570352535879,3.5295868847110636
2026-02-24,5.3802852463867525,3.6168182374291424
2026-02-25,5.3799930297666725,3.6859426613922763
2026-02-26,5.28623512145894,3.8498429917213817
2026-02-27,5.109212231336809,3.8062884874189473
2026-03-03,5.058729973747456,3.504751029729619
2026-03-04,4.547579166391579,3.086293381183475
2026-03-05,4.8300496393399275,3.389829126055218
2026-03-06,4.757130405513464,3.380082378369561
2026-03-09,4.615878627295292,3.161820480404551
2026-03-10,4.687638951966891,3.356388401778067
2026-03-11,4.806806926096455,3.4013702540679414
2026-03-12,4.7382485448309986,3.374699237388361
2026-03-13,4.659456477413421,3.3152399983687446
2026-03-16,4.609291670967191,3.371926104155622
2026-03-17,4.68742642227886,3.429264711879613
2026-03-18,4.802451300851918,3.623710289139921
2026-03-19,4.7657477049619095,3.516863096937319
2026-03-20,4.872439506291794,3.5173932547612248
2026-03-23,4.62051025806619,3.2823294319155005
2026-03-24,4.697445831120881,3.375229395212267
2026-03-25,4.800583919720101,3.42033359161535
2026-03-26,4.779625614455564,3.298764324456588
2026-03-27,4.8533319748537345,3.283675217160801
2026-03-30,4.701638176758816,3.1822519473104687
2026-03-31,4.622004874401828,3.0364585457363074
2026-04-01,4.744318372721572,3.3189511031360874
2026-04-02,4.602603744639845,3.159047347171812
2026-04-03,4.594923770390907,3.2556584152359203
2026-04-06,4.644996581469716,3.3107948289221483
2026-04-07,4.589211658247152,3.3485583785326862
2026-04-08,4.757386906223721,3.600220219403776
2026-04-09,4.731097707490253,3.5306472003588762
2026-04-10,4.930124858930554,3.5837853268626887
2026-04-13,4.9446561595392575,3.5511602300069325
2026-04-14,5.004432752789961,3.658088984951674
2026-04-15,5.019045719913662,3.738020472248277
2026-04-16,5.087697925364331,3.824762448513519
2026-04-17,5.069828172568655,3.7984176828024956
2026-04-20,5.089111794690238,3.8161167978467434
2026-04-21,5.062307968965741,3.9242282125525056
2026-04-22,5.017203402678811,3.933444802414257
2026-04-23,5.101465018424127,3.978712124301619
2026-04-24,5.100077836397077,3.9634191101504834
2026-04-27,5.01475999554041,4.059092206679988
2026-04-28,5.058448564119832,4.074181313975775
2026-04-29,5.104695632687568,4.105012030504466
2026-04-30,5.097393042893267,4.046123730679825
2026-05-04,5.059335563050121,4.280657395701643
2026-05-06,4.950524671235551,4.606786020145997
2026-05-07,5.017407764375795,4.689286733819991
2026-05-08,4.999548498439969,4.694629093430121
2026-05-11,4.947308921522796,4.940418416867175
2026-05-12,4.851846525430235,4.826108233758819
2026-05-13,4.734084217544632,4.976020553811019
2026-05-14,4.890017314124458,5.069817707271318
2026-05-15,4.812573051574902,4.740385791770319
2026-05-18,4.736132816986353,4.7767219933934175
2026-05-19,4.754266758722833,4.618164022674442
2026-05-20,4.676642527266592,4.589984095265283
2026-05-21,4.75836305471895,4.996615146201215
2026-05-22,4.8756828355890836,4.99991843725786
2026-05-26,4.850847865603669,5.14061416744831
2026-05-27,4.741419811806165,5.296929162758452
2026-05-28,4.6836145332276615,5.271277680355613
2026-05-29,4.605466861268617,5.476204069980832
2026-06-01,4.609147549463855,5.709024917417723
2026-06-02,4.640751668782437,5.73887688104074
2026-06-04,4.723768538957006,5.626034827290892
2026-06-05,4.736594800524548,5.289425390481628
2026-06-08,4.469497553721976,4.838872802903634
2026-06-09,4.648577522614053,5.274662534154398
2026-06-10,4.621981837771123,5.004363606704456
2026-06-11,4.6904017644226625,5.022388972717263
2026-06-12,4.762681762454026,5.266180008971902
2026-06-15,4.910430302953862,5.5473267811263804
2026-06-16,5.010085908268021,5.675706537253783
2026-06-17,4.853568620224845,5.778597936462623
2026-06-18,4.744770020555027,5.950940010603157
2026-06-19,4.680250084994226,5.951959544879899
2026-06-22,4.516804218589687,6.024305697157538
2026-06-23,4.435661835102652,5.390073814281636
2026-06-24,4.408175011906374,5.585498144447615
2026-06-25,4.365343438949152,5.930223074099752
2026-06-26,4.286446812312312,5.572733575302801
2026-06-29,4.472280074831898,5.515843562660576
2026-06-30,4.4769312057933535,5.590024876636352
2026-07-01,4.594383446015757,5.445781167162839
2026-07-02,4.745930205540203,4.973777578402185
2026-07-03,4.7940919987770085,5.298723543085518
2026-07-06,4.897219865515359,5.273561437135517
2026-07-07,4.955884636020944,4.998042494188654
2026-07-08,4.832008165370695,4.723991680600301
2026-07-09,4.679862746791368,4.770319318135476
2026-07-10,4.869663081440837,4.880265894539375
2026-07-13,4.886016188430111,4.399412748256595
2026-07-14,4.849199652275082,4.454263692345337
2026-07-15,4.916658746958191,4.746543778801843
2026-07-16,4.9664946321561265,4.405856204885608
