date,blend_nav,kospi200_nav,satellite_nav,core_nav
2015-09-02,1.0,1.0,1.0,1.0
2015-09-03,0.99811119411611,1.0021312687573398,0.9946034117603143,1.0
2015-09-04,0.9958506593634179,0.9912574485668306,0.9881447410383369,1.0
2015-09-07,0.9966746421624942,0.9886912270018703,0.9904989776071266,1.0
2015-09-08,0.9994612648990506,0.990648514636162,0.9984607568544308,1.0
2015-09-09,1.017582024354404,1.0195293810621548,1.0502343552982976,1.0
2015-09-10,1.0277283161375448,1.0316210691140013,1.0792237603929857,1.0
2015-09-11,1.0305470588031078,1.0166586925318604,1.0872773108660228,1.0
2015-09-14,1.023855596787942,1.0137010134400417,1.0681588479655484,1.0
2015-09-15,1.026461450525825,1.0160062633204296,1.0756041443595,1.0
2015-09-16,1.0355521974698192,1.038580314035927,1.101577707056627,1.0
2015-09-17,1.0333042693158063,1.0407985733547909,1.0951550551880185,1.0
2015-09-18,1.0328931617559198,1.0487582097342438,1.093980462159771,1.0
2015-09-21,1.0244241280895587,1.0296202861989474,1.0697832231130255,1.0
2015-09-22,1.027687270970418,1.0381453612283067,1.079106488486909,1.0
2015-09-23,1.0135608082650331,1.018920447131486,1.0387451664715237,1.0
2015-09-24,1.0149938093239088,1.018920447131486,1.0428394552111682,1.0
2015-09-25,1.0169864239566095,1.0168761689356705,1.0485326398760273,1.0
2015-09-28,1.0169864239566095,1.0168761689356705,1.0485326398760273,1.0
2015-09-29,1.0169864239566095,1.0168761689356705,1.0485326398760273,1.0
2015-09-30,1.013012184800139,1.0295767909181854,1.03717767085754,1.0
2015-10-01,1.0210118798706351,1.0378843895437344,1.060033942487529,1.0
2015-10-02,1.017456667793017,1.0314905832717152,1.049487974597897,1.0
2015-10-05,1.0153341583082471,1.035100691574964,1.0431918897559438,1.0
2015-10-06,1.0126071894790676,1.0446696533426123,1.035102772966089,1.0
2015-10-07,1.0165001714728015,1.0591970771171328,1.0466506812777467,1.0
2015-10-08,1.0202448859434072,1.070070897307642,1.0577587777008737,1.0
2015-10-12,1.0319417665837345,1.072115175503458,1.0924557029330777,1.0
2015-10-13,1.0342161989699707,1.0701578878691662,1.0992024427586393,1.0
2015-10-14,1.025828223387491,1.0653734069853422,1.0743208550444376,1.0
2015-10-15,1.031366596049993,1.0782045148101431,1.0907495515565993,1.0
2015-10-16,1.028207789203854,1.0759427602105172,1.0813794563719403,1.0
2015-10-19,1.0276738874784672,1.0763777130181376,1.0797957223135433,1.0
2015-10-20,1.0257424571242784,1.0809882127789134,1.0740664431449203,1.0
2015-10-21,1.0361756086114282,1.0841198729937802,1.1050147180070093,1.0
2015-10-22,1.0278492419523668,1.0752903309990867,1.080315883308352,1.0
2015-10-23,1.0312438213628794,1.0848157974859727,1.0903853600879356,1.0
2015-10-26,1.039302222987287,1.0889478491583664,1.1142893193785144,1.0
2015-10-27,1.0384365633161103,1.087556000173981,1.1117214784463088,1.0
2015-10-28,1.0347762254549258,1.0864686181549301,1.100863671737035,1.0
2015-10-29,1.0271230920767238,1.082728024009395,1.0781618758667701,1.0
2015-10-30,1.025845050312092,1.0848157974859727,1.0743707694244102,1.0
2015-11-02,1.0141625841013244,1.089991735896655,1.0397166022915727,1.0
2015-11-03,1.0298457296665025,1.0966030185724849,1.0856546489009342,1.0
2015-11-04,1.029543385586575,1.0975164194684879,1.084769042351021,1.0
2015-11-05,1.026573182671795,1.0951676743073377,1.076068917789187,1.0
2015-11-06,1.0195734471440696,1.088469401069984,1.0555657492386246,1.0
2015-11-09,1.0103018296354593,1.083945891870732,1.0284079322379072,1.0
2015-11-10,1.0070825219660855,1.0693749728154496,1.0189781462838743,1.0
2015-11-11,1.0032921515306958,1.0693749728154496,1.0078756405394722,1.0
2015-11-12,1.0024610487581034,1.0662433126005828,1.0054412285303604,1.0
2015-11-13,1.0000974887675378,1.0556739593754079,0.9985180428365605,1.0
2015-11-16,0.9883414893986631,1.0389717715627855,0.9640831366053713,1.0
2015-11-17,0.9929658146911705,1.0493671436649123,0.9776284084987682,1.0
2015-11-18,0.9898515329327584,1.050150058718629,0.968506257589816,1.0
2015-11-19,0.9955062226793673,1.0647209777739115,0.9850696058072785,1.0
2015-11-20,0.9987951897876526,1.0647644730546737,0.9947034336442486,1.0
2015-11-23,0.9975163661664124,1.0696359445000216,0.9909575869406304,1.0
2015-11-24,1.0005401250970454,1.0765516941411857,0.9998145842893839,1.0
2015-11-25,0.998322235714884,1.0725066330303163,0.9933180874362042,1.0
2015-11-26,1.0076407777399128,1.0849027880474968,1.0206133526684256,1.0
2015-11-27,1.0057520479249664,1.0833369579400636,1.0150810085407178,1.0
2015-11-30,0.9987149714342252,1.0623287373319996,0.9944684632779175,1.0
2015-12-01,1.0099900309168532,1.081727632551868,1.0274946317773241,1.0
2015-12-02,1.0073989384813538,1.0725936235918403,1.0199632036403612,1.0
2015-12-03,1.0046094846773799,1.0642425296855291,1.011855206187945,1.0
2015-12-04,1.0041855142444112,1.0532382236527338,1.0106228677331857,1.0
2015-12-07,1.0034668385218501,1.046844417380714,1.0085339208148545,1.0
2015-12-08,0.996489081314154,1.0405376016702188,0.9882519438977309,1.0
2015-12-09,1.0038903781336206,1.0412770214431735,1.0097650070183046,1.0
2015-12-10,1.0103617055493506,1.0464964551346179,1.0285749640520954,1.0
2015-12-11,1.0075879564445487,1.045409073115567,1.0205126148411718,1.0
2015-12-14,0.9975617258169737,1.0359271019094427,0.991369758175143,1.0
2015-12-15,0.9967933993557504,1.0386673045974513,0.9891364933756516,1.0
2015-12-16,1.005894356087139,1.0590665912748467,1.0155898922050313,1.0
2015-12-17,1.0078842320134358,1.0620242703666651,1.0213737875748186,1.0
2015-12-18,1.0044450779812713,1.0569353225175069,1.0113773316050034,1.0
2015-12-21,1.011527127309638,1.0602409638554218,1.0319624503943818,1.0
2015-12-22,1.0121658505718163,1.0677221521464921,1.0338190025893539,1.0
2015-12-23,1.0180936234809588,1.072289156626506,1.051049030768118,1.0
2015-12-24,1.0184021059554962,1.0670697229350616,1.0519456848421531,1.0
2015-12-28,1.0138967519533257,1.0516723935453003,1.0388501466691273,1.0
2015-12-29,1.0171931438810866,1.0491931625418642,1.048431641553314,1.0
2015-12-30,1.0134007153639002,1.045539558957853,1.0374083363055215,1.0
2016-01-04,1.0051588561120366,1.0205297725196816,1.013452042882742,1.0
2016-01-05,1.0086788225625773,1.0270540646339872,1.0235920667875287,1.0
2016-01-06,1.0070380518768958,1.0203992866773954,1.0188654723131612,1.0
2016-01-07,1.001602120229156,1.0087860467139316,1.0032060966834886,1.0
2016-01-08,1.0064883339408741,1.016397720847288,1.017281891023262,1.0
2016-01-11,0.9971769477149166,1.0040015658301074,0.9904584311282392,1.0
2016-01-12,0.9900872474381512,1.0027836979687705,0.970035017639987,1.0
2016-01-13,0.9969458082094602,1.0157017963550956,0.9897925838414536,1.0
2016-01-14,0.9919974849901412,1.0063938062720195,0.9755378696453011,1.0
2016-01-15,0.9893216234852716,0.9950850332738899,0.9678294724186443,1.0
2016-01-18,0.9922269312466223,0.994258622939411,0.9761988391625602,1.0
2016-01-19,0.986747440309682,1.0007394197729547,0.960413981588677,1.0
2016-01-20,0.9746370422822037,0.9766430342307859,0.9255273634289385,1.0
2016-01-21,0.9752642352442982,0.9734678787351573,0.9273341282711359,1.0
2016-01-22,0.9856320874515405,0.9951285285546518,0.957200966691308,1.0
2016-01-25,0.9887340432692853,1.0013048584228612,0.9661368206505669,1.0
2016-01-26,0.9843974274324738,0.9881692836327258,0.9536442617387093,1.0
2016-01-27,0.9882355536040031,1.0045670044800141,0.9647008134632042,1.0
2016-01-28,0.9914438009681117,1.006959244921926,0.9739428631877212,1.0
2016-01-29,0.9954649234696297,1.0095254664868862,0.9855265753799786,1.0
2016-02-01,0.9917587590987895,1.0163542255665259,0.9748501681347865,1.0
2016-02-02,0.9908111831416833,1.0051759384106824,0.9721204708516825,1.0
2016-02-03,0.9833784707234374,0.9959114436083685,0.9512847526941921,1.0
2016-02-04,0.9973134801542596,1.0130485842286112,0.9903480061452252,1.0
2016-02-05,1.0059633914631103,1.0147449001783306,1.0145958317002783,1.0
2016-02-11,0.9990994471315484,0.986038014875386,0.9953545101619861,1.0
2016-02-12,1.0003708626972692,0.9785568265843155,0.9989186002138726,1.0
2016-02-15,1.0174234260169892,0.9934322126049324,1.0467211227923385,1.0
2016-02-16,1.022403889115742,1.007002740202688,1.0606825839090976,1.0
2016-02-17,1.0202141559284217,1.0088295419946935,1.0545442240528613,1.0
2016-02-18,1.0238639493197355,1.021008220608064,1.0647754912074745,1.0
2016-02-19,1.022375955918904,1.0233134704884521,1.0606042802988134,1.0
2016-02-22,1.0228059255254711,1.0219216215040667,1.0618095906935392,1.0
2016-02-23,1.0231761405718767,1.0222695837501632,1.062847394382221,1.0
2016-02-24,1.0283651477452236,1.0217476403810186,1.0773934557521785,1.0
2016-02-25,1.0247397641291456,1.0237484232960723,1.0672306151918536,1.0
2016-02-26,1.0197188373780293,1.0230959940846418,1.0531557245208711,1.0
2016-02-29,1.0207596124320952,1.0205297725196816,1.0560732725802622,1.0
2016-03-02,1.0315200532282913,1.0379278848244966,1.0862374305704905,1.0
2016-03-03,1.034461506741644,1.044278195815754,1.094483047100349,1.0
2016-03-04,1.0497034369645881,1.0427558609890828,1.13720992047188,1.0
2016-03-07,1.059337396110992,1.0448001391848984,1.1642162737679513,1.0
2016-03-08,1.0436713294708708,1.0371014744900178,1.1203004418640101,1.0
2016-03-09,1.04287318033549,1.0401026488625984,1.1178525808405768,1.0
2016-03-10,1.0511356431248697,1.050106563437867,1.143192908510098,1.0
2016-03-11,1.0508646961120633,1.0524553085990171,1.1423619351961352,1.0
2016-03-14,1.0456878471035131,1.0532382236527338,1.1264849438539262,1.0
2016-03-15,1.042120496095447,1.0518463746683486,1.1155441570980955,1.0
2016-03-16,1.0381237721636016,1.0541081292679744,1.103286517140217,1.0
2016-03-17,1.0473573626387078,1.061676308120569,1.131605217528934,1.0
2016-03-18,1.0520280774709698,1.064025053281719,1.145929934906487,1.0
2016-03-21,1.0477177155765416,1.0625027184550477,1.132710391827948,1.0
2016-03-22,1.0544819941721473,1.0674176851811579,1.143831579070017,1.0046258392009169
2016-03-23,1.0554903543070997,1.066634770127441,1.1484572193727058,1.0038889798591777
2016-03-24,1.0456631197613295,1.061632812839807,1.128112527662769,0.9991812673980677
2016-03-25,1.0421562332992975,1.0603714496977077,1.1198271408649627,0.9979941051252659
2016-03-28,1.0458039748019283,1.0610673741899004,1.1296517424772485,0.9986490912068116
2016-03-29,1.0539207405397268,1.0679396285503022,1.1410882056600136,1.005117078762076
2016-03-30,1.0528991420543592,1.072332651907268,1.1293527687363518,1.0092516784018337
2016-03-31,1.051614505793867,1.0693749728154496,1.1312045198774652,1.0064679875552642
2016-04-01,1.035948745136562,1.0541516245487366,1.1129687173200806,0.9921401670214508
2016-04-04,1.0393721978410388,1.057152798921317,1.117591378033961,0.9949647944981168
2016-04-05,1.0337340804168655,1.046409464573094,1.1213369573497933,0.984853446864254
2016-04-06,1.0436934429081393,1.052542299160541,1.1398724283175217,0.9906255117078762
2016-04-07,1.0522210564243477,1.053847157583402,1.1638579266793474,0.9918536106107744
2016-04-08,1.0556521073886187,1.0515854029837763,1.1791132123598178,0.9897249058457507
2016-04-11,1.0608894675939793,1.0528467661258754,1.1929191656193716,0.9909120681185524
2016-04-12,1.0717770202192012,1.0600234874516115,1.2124590284021501,0.997666612084493
2016-04-14,1.1011224793412093,1.0825540428863467,1.258715492520254,1.0188717864745371
2016-04-15,1.097930872592557,1.0809882127789134,1.2519055350197839,1.0173980677910592
2016-04-18,1.095379694038857,1.0786829628985255,1.2485811367119994,1.0152284263959388
2016-04-19,1.089071739033089,1.0781610195293811,1.2299473169910797,1.0147371868347796
2016-04-20,1.0858539708841564,1.0754643121221348,1.2253301802586911,1.0121991157687897
2016-04-21,1.1017298043646657,1.0847288069244487,1.2562366579142004,1.0209186179793677
2016-04-22,1.09630189806237,1.0800748118829107,1.24865948500831,1.0165383985590304
2016-04-25,1.0877571088726428,1.079248401548432,1.2236581213250561,1.0157606025871948
2016-04-26,1.0874402841106363,1.0826845287286329,1.2157586437206342,1.018994596364827
2016-04-27,1.0882008208839764,1.0816841372711061,1.2201438684202701,1.018053053872605
2016-04-28,1.0841358711758367,1.0711582793266932,1.2286293880651424,1.0081463893892253
2016-04-29,1.0917372615681011,1.0665042842851549,1.2617092988033727,1.0037661699688878
2016-05-02,1.0785085929533915,1.0589796007133225,1.2355639664475193,0.9966841329621743
2016-05-03,1.078950448870109,1.0625462137358097,1.2297694659810032,1.0000409366300962
2016-05-04,1.063446546209946,1.05828367622113,1.1899634818805669,0.9960291468806285
2016-05-09,1.050147104339122,1.0535861858988298,1.1579111667796163,0.9916079908301945
2016-05-10,1.0600055974841267,1.0598930016093253,1.1759894968732831,0.9975438021942031
2016-05-11,1.0549635148175185,1.0572397894828411,1.1654743945264288,0.9950466677583099
2016-05-12,1.0620013339038255,1.0540646339872124,1.194325256583849,0.9920582937612573
2016-05-13,1.0550904203217482,1.0464964551346179,1.188014015050245,0.9849353201244472
2016-05-16,1.0583446872217426,1.0474533513113826,1.196357531869503,0.9858359259865727
2016-05-17,1.0596409361414723,1.0483667522073856,1.198584214273099,0.9866955952186014
2016-05-18,1.0530295965633358,1.043103823235179,1.1884724305882686,0.9817422629769116
2016-05-19,1.0456457404472899,1.03971119133574,1.1720580776941494,0.978549205829376
2016-05-20,1.043278621330506,1.038406332912879,1.1672436115020615,0.9773211069264777
2016-05-23,1.0540818896691646,1.0432343090774652,1.1915390789687956,0.9818650728672014
2016-05-24,1.0431816158791796,1.033665347309817,1.1767052451586504,0.972859014245947
2016-05-25,1.0615800706976268,1.047844808838241,1.2058063168445887,0.9862043556574419
2016-05-26,1.0674103959016585,1.046409464573094,1.2272447079920692,0.9848534468642538
2016-05-27,1.0730371747553105,1.0519333652298726,1.2336979146704308,0.9900523988865234
2016-05-30,1.0710565843922188,1.051411421860728,1.2284954053972654,0.9895611593253639
2016-05-31,1.0858202867707347,1.0596755252055152,1.2582641529878933,0.99733911904372
2016-06-01,1.0827387990605355,1.0594580488017051,1.2489446818674612,0.9971344358932369
2016-06-02,1.0818554817640373,1.0620677656474273,1.240767276201188,0.9995906336990334
2016-06-03,1.08529404222751,1.0629811665434301,1.2497845854803173,1.000450302931062
2016-06-07,1.103057881581132,1.078030533687095,1.2750815757060336,1.0146143769444893
2016-06-08,1.1102079287176183,1.087556000173981,1.2781176924956628,1.0235794989356468
2016-06-09,1.1024825990288853,1.0882084293854117,1.2522858289349335,1.0241935483870959
2016-06-10,1.1031198953793808,1.0828585098516812,1.2657877137866824,1.0191583428852127
2016-06-13,1.0829516035187874,1.0615023269975208,1.2459757692231033,0.999058457507777
2016-06-14,1.0783794041892465,1.0584576573441782,1.2376442501386107,0.9961928934010142
2016-06-15,1.070522565809237,1.058240180940368,1.2126107157177652,0.9959882102505313
2016-06-16,1.0632606265296345,1.0508894784915837,1.204752679876599,0.9890699197642041
2016-06-17,1.061459461376725,1.0509764690531078,1.1987213271789876,0.9891517930243974
2016-06-20,1.0808152854385533,1.066373798442869,1.2286315295644175,1.0036433600785974
2016-06-21,1.0785435680433557,1.0671132182158236,1.2196787181242337,1.00433928279024
2016-06-22,1.0861710521147494,1.0732460528032708,1.2313258570079089,1.0101113476338617
2016-06-23,1.084077924178488,1.0713322604497413,1.2286229680513938,1.0083101359096112
2016-06-24,1.0487252937322873,1.0404506111086949,1.1798897175501846,0.9792451285410178
2016-06-27,1.0490103948400211,1.040755078074029,1.1801642808801807,0.979531684951694
2016-06-28,1.0539136782140723,1.044234700534992,1.1886407258514498,0.9828066153594228
2016-06-29,1.064103646674137,1.0539776434256882,1.2008886914312176,0.9919764205010635
2016-06-30,1.0688018634737189,1.061893784524379,1.1992180776683776,0.9994268871786465
2016-07-01,1.0746807116238524,1.072245661345744,1.1961734918874805,1.0091698051416398
2016-07-04,1.0810747194419066,1.077030142229568,1.2066991942273306,1.0136728344522667
2016-07-05,1.078510487618847,1.0739419772954635,1.2049772208610878,1.0107663337154076
2016-07-06,1.0594778934453055,1.0519768605106345,1.1901524191322232,0.9900933355166192
2016-07-07,1.0675567593605226,1.063894567439433,1.190901269325049,1.0013099721630905
2016-07-08,1.0625625295287784,1.0588056195902744,1.1855690529333842,0.996520386441787
2016-07-11,1.0784372555998782,1.0742899395415597,1.2039766270720482,1.0110938267561804
2016-07-12,1.083475314893783,1.0749423687529902,1.2186807251845528,1.0117078762076295
2016-07-13,1.0973281183350116,1.0841198729937802,1.2437575505637835,1.0203455051580144
2016-07-14,1.0969868463191472,1.0865121134356923,1.23769498076322,1.0225970198133278
2016-07-15,1.1058826690478227,1.0918185376886609,1.255019316336153,1.0275912886851144
2016-07-18,1.1096518832281328,1.0939933017267627,1.262512793182275,1.029638120189945
2016-07-19,1.1038636462279445,1.0916010612848506,1.2490351181309332,1.0273866055346315
2016-07-20,1.1021653730039611,1.0902527075812274,1.2464250797995213,1.0261175700016363
2016-07-21,1.101751804013703,1.0892958114044626,1.2470965162322256,1.025216964139511
2016-07-22,1.1025145316888236,1.087556000173981,1.253145926177489,1.0235794989356466
2016-07-25,1.1085298170686868,1.0902092123004654,1.266804721256235,1.0260766333715399
2016-07-26,1.1186208230562957,1.099212735418207,1.2802511141794737,1.0345505158015382
2016-07-27,1.1187904559690254,1.0992562306989693,1.2807014386606999,1.034591452431635
2016-07-28,1.1135734116413374,1.095472141272672,1.2719389971495756,1.03102996561323
2016-07-29,1.110570476018491,1.0938193206037143,1.2658029638496784,1.0294743736695586
2016-08-01,1.1198490383614061,1.103953721021269,1.2743077267998582,1.039012608482069
2016-08-02,1.113636577290605,1.0957766082380063,1.2715072280611999,1.0313165220239062
2016-08-03,1.1008534450803777,1.081510156148058,1.2604227986988403,1.0178893073522182
2016-08-04,1.097256495975747,1.0840763777130182,1.243619673655071,1.0203045685279184
2016-08-05,1.1070195350436094,1.0976469053107738,1.2465235214347294,1.0330767971180608
2016-08-08,1.1148842181932122,1.1052585794441303,1.2557669559338482,1.0402407073849678
2016-08-09,1.1235133814779883,1.1128267582967248,1.2675680626226848,1.047363681021778
2016-08-10,1.120609309984735,1.1109999565047193,1.2620768412032117,1.0456443425577204
2016-08-11,1.1168828137411282,1.1142621025618722,1.2432010252875425,1.0487145898149661
2016-08-12,1.1198169513854397,1.11421860728111,1.2527354048329213,1.0486736531848695
2016-08-16,1.1177495582753583,1.1141316167195858,1.2462657012468965,1.0485917799246762
2016-08-17,1.1170720742635711,1.1136531686312037,1.2450949752886755,1.0481414769936137
2016-08-18,1.1196507644836244,1.1226566917489453,1.2343958976141756,1.0566153594236118
2016-08-19,1.1190838491848547,1.1251794180331434,1.2272484076525594,1.058989683969215
2016-08-22,1.112493481425172,1.119003088164934,1.219071670108577,1.0531766824954962
2016-08-23,1.1174821229323222,1.1240050454525685,1.2245717253587685,1.0578843949566066
2016-08-24,1.116322225893502,1.1191335740072201,1.2311179545140372,1.0532994923857864
2016-08-25,1.1203926812504743,1.118959592884172,1.2445845468424017,1.0531357458653998
2016-08-26,1.1169696943782395,1.1144795789656823,1.243021739721548,1.048919272965449
2016-08-29,1.1182304010858843,1.1156104562654954,1.2446927341795477,1.049983625347961
2016-08-30,1.123425297706724,1.119959984341699,1.2522332079345422,1.054077288357622
2016-08-31,1.1228617212056387,1.1172632769344526,1.2561096711387458,1.051539217291632
2016-09-01,1.121189046621052,1.1136096733504415,1.2584359378031724,1.0481005403635166
2016-09-02,1.1223231047584283,1.1156539515462571,1.257772042062878,1.0500245619780575
2016-09-05,1.1354837354752316,1.1293114697055369,1.271307514069313,1.0628786638283931
2016-09-06,1.140515930263491,1.1349223609238397,1.275662857609834,1.068159489110856
2016-09-07,1.1432674668487652,1.1322256535165935,1.2902079737329435,1.0656214180448662
2016-09-08,1.1438262221727948,1.1346178939585057,1.2869469653633125,1.0678729327001797
2016-09-09,1.1320862460010217,1.1191770692879823,1.2817700558585605,1.053340429015883
2016-09-12,1.1128611235623223,1.0896872689313208,1.28218981508997,1.025585393810381
2016-09-13,1.1089706922357938,1.0950806837458136,1.2582317076651957,1.0306615359423608
2016-09-14,1.1089706922357938,1.0950806837458136,1.2582317076651957,1.0306615359423608
2016-09-15,1.1089706922357938,1.0950806837458136,1.2582317076651957,1.0306615359423608
2016-09-16,1.1089706922357938,1.0950806837458136,1.2582317076651957,1.0306615359423608
2016-09-19,1.1127687268130608,1.1044756643904137,1.2505955871056451,1.0395038480432284
2016-09-20,1.1183231602543584,1.10952111695881,1.2578275290839283,1.0442524971344354
2016-09-21,1.1275922208562865,1.1157409421077813,1.2745514797655455,1.0501064352382505
2016-09-22,1.1294538401507326,1.123657083206472,1.2638012855482252,1.0575569019158337
2016-09-23,1.1359149994815205,1.1237875690487582,1.2843582600925592,1.0576797118061236
2016-09-26,1.1299064278729412,1.119916489060937,1.2731767171389448,1.0540363517275253
2016-09-27,1.1413325737701765,1.1290070027402026,1.2907807267296936,1.0625921074177167
2016-09-28,1.1368846707102653,1.1230916445565655,1.2889575988334427,1.0570247257245777
2016-09-29,1.1402385749166217,1.1323996346396417,1.2800735369842302,1.0657851645652525
2016-09-30,1.1240364340896676,1.119959984341699,1.2541576826357572,1.0540772883576217
2016-10-03,1.1240364340896676,1.119959984341699,1.2541576826357572,1.0540772883576217
2016-10-04,1.1332773704670227,1.1273106867904832,1.268397703592702,1.060995578843949
2016-10-05,1.1307703986606834,1.1264842764560046,1.262063229558003,1.060217782872113
2016-10-06,1.1341968813535706,1.1357922665390805,1.2534131870431213,1.0689782217127877
2016-10-07,1.1303872746537915,1.1311382714975424,1.2509227122239828,1.0645980022924502
2016-10-10,1.1349629419132317,1.1322256535165935,1.2631416433376104,1.0656214180448655
2016-10-11,1.1321590016890268,1.1141316167195858,1.2913714247553987,1.0485917799246753
2016-10-12,1.1326509274415635,1.1143490931233961,1.2924789498758014,1.0487964630751583
2016-10-13,1.1196300146821812,1.1044756643904137,1.2716012012972975,1.039503848043228
2016-10-14,1.1275697984259776,1.10952111695881,1.2863302633993874,1.0442524971344347
2016-10-17,1.13323180119093,1.1143055978426342,1.2944021772081953,1.0487555264450619
2016-10-18,1.1466076974408916,1.1220912530990388,1.3206795919542322,1.056083183232355
2016-10-19,1.1509966555633921,1.1230916445565655,1.3324872807361614,1.0570247257245768
2016-10-20,1.1522187316136634,1.1239615501718065,1.3345630944104827,1.0578434583265093
2016-10-21,1.1521399321384713,1.118959592884172,1.3445656284067602,1.053135745865399
2016-10-24,1.1625111314441323,1.1286155452133444,1.3575227249378614,1.0622236777468463
2016-10-25,1.1598276621509624,1.1246574746639988,1.3571617097792426,1.0584984444080547
2016-10-26,1.1459060760164326,1.1113914140315777,1.3403932045159146,1.0460127722285888
2016-10-27,1.1472836269393483,1.1163498760384498,1.3345805674944091,1.0506795480596023
2016-10-28,1.14220708892901,1.1157844373885433,1.3197104522935448,1.0501473718683463
2016-10-31,1.139631738761805,1.113174720542821,1.3169274141467813,1.0476911740625499
2016-11-01,1.1387672663889878,1.1134356922273934,1.3136630252518118,1.0479367938431294
2016-11-02,1.1267542197041356,1.0996911835065897,1.3039012186656698,1.0350008187326007
2016-11-03,1.1298813107954033,1.0999956504719237,1.3131508870163373,1.035287375143277
2016-11-04,1.129261311880618,1.0985603062067766,1.3141349545614875,1.0339364663500887
2016-11-07,1.1361806631073923,1.1073898482014701,1.3175255387099167,1.0422466022597006
2016-11-08,1.138524008159696,1.1102605367317646,1.318939450972184,1.044948419846077
2016-11-09,1.1149929172492814,1.0859466747857858,1.2947162448693117,1.0220648436220718
2016-11-10,1.1465895205049135,1.110478013135575,1.3452732635540154,1.0451531029965602
2016-11-11,1.1439025572621895,1.0960375799225783,1.3684199371523658,1.0315621418044856
2016-11-14,1.133431420463621,1.0874255143316949,1.3527369108836071,1.0234566890453567
2016-11-15,1.136304574128999,1.08390239658997,1.3701167124410312,1.0201408220075312
2016-11-16,1.1379766134519793,1.088773868035318,1.3648537126433353,1.0247257245783516
2016-11-17,1.1357073038578982,1.0893828019659868,1.3559557109060962,1.025298837399704
2016-11-18,1.13549737593499,1.088295419946936,1.357673426264932,1.024275421647289
2016-11-21,1.1322651462638087,1.085250750293593,1.3536905815860174,1.021409857540526
2016-11-22,1.1430553881961847,1.0976904005915358,1.3619313235189106,1.0331177337481565
2016-11-23,1.1532406465357088,1.1033012918098386,1.3833311749930786,1.0383985590306193
2016-11-24,1.1497332024780973,1.0962115610456267,1.3874196872050575,1.0317258883248719
2016-11-25,1.1488444492702943,1.0972119525031534,1.3822422325643278,1.0326674308170938
2016-11-28,1.148006185413399,1.100256622156496,1.3726911280493646,1.0355329949238565
2016-11-29,1.1451604979176504,1.100039145752686,1.3637126665635064,1.0353283117733736
2016-11-30,1.146334281453361,1.1059110086555608,1.3545705736661053,1.040854756836416
2016-12-01,1.153846378537588,1.1068679048323256,1.3774216625851525,1.0417553626985414
2016-12-02,1.1493253053716228,1.0999086599103998,1.3778500836749024,1.035205501883084
2016-12-05,1.141854071066473,1.0966900091340088,1.3601595211311144,1.0321761912559346
2016-12-06,1.16443460657809,1.1118698621199599,1.4020459807478507,1.0464630751596518
2016-12-07,1.1690509712146553,1.1149580270540647,1.4106442683233447,1.0493695758965111
2016-12-08,1.1985654993129113,1.1395763559653778,1.4543901008101783,1.0725397085311927
2016-12-09,1.1960631784281215,1.134835370362316,1.4567936684994696,1.0680776158506624
2016-12-12,1.1989164847268,1.1340089600278371,1.4684080452324524,1.0672998198788268
2016-12-13,1.1897937072513391,1.1379670305771823,1.4282430729583084,1.0710250532176182
2016-12-14,1.1904748306636541,1.1395763559653778,1.4268544331010908,1.0725397085311927
2016-12-15,1.1907453637628367,1.1371841155234657,1.433285218737478,1.0702881938758793
2016-12-16,1.19358430145701,1.1420120916880518,1.431826922242742,1.074832159816603
2016-12-19,1.1859601518379757,1.1392718890000435,1.4121905187774833,1.0722531521205168
2016-12-20,1.189249083677728,1.1421425775303378,1.416771954553209,1.074954969706893
2016-12-21,1.1916028316241345,1.1400113087729982,1.4296916271168456,1.0729490748321593
2016-12-22,1.1900577811464568,1.1394458701230916,1.425735601218121,1.0724168986409033
2016-12-23,1.1903391654409206,1.1378800400156583,1.4302998433895964,1.0709431799574254
2016-12-26,1.1882466141532557,1.1391414031577574,1.4202727809812818,1.0721303422302269
2016-12-27,1.189866964068723,1.1417076247227176,1.419876668535146,1.074545603405927
2016-12-28,1.1861882277603613,1.1295724413901091,1.4353075261181454,1.0631242836089727
2016-12-29,1.183550302999575,1.1309207950937323,1.4232239816013486,1.0643933191419674
2017-01-02,1.1865812621403795,1.1324431299204036,1.4300331052733974,1.065826101195349
2017-01-03,1.1912110983127706,1.1437953981992954,1.4196424989834169,1.0765105616505641
2017-01-04,1.190479935057279,1.1444478274107261,1.4156513254146477,1.0771246111020132
2017-01-05,1.1800429764947546,1.1394893654038538,1.391581968236926,1.0724578352709997
2017-01-06,1.187639893732281,1.1447957896568222,1.405202784529605,1.077452104142786
2017-01-09,1.1876276662009322,1.1471445348179723,1.3997656189151633,1.0796626821680033
2017-01-10,1.1881840481801722,1.1471010395372103,1.4017558748211598,1.0796217455379067
2017-01-11,1.217309635553225,1.1663259536340307,1.4565474221189751,1.0977157360406085
2017-01-12,1.2248067104852498,1.1741551041711973,1.4640337213038896,1.105084329457998
2017-01-13,1.2207726023337162,1.165282066895742,1.4707110877345102,1.0967332569182897
2017-01-16,1.215501416738058,1.1576268974816233,1.4703876887172411,1.089528410021286
2017-01-17,1.2192731551052538,1.1629333217345919,1.4710122589983823,1.0945226788930726
2017-01-18,1.2199085914903516,1.1616719585924926,1.476068836290301,1.0933355166202707
2017-01-19,1.2249822044195846,1.164368665999739,1.48711172921991,1.0958735876862604
2017-01-20,1.223511904608526,1.1592362228698185,1.4939067415464782,1.0910430653348604
2017-01-23,1.2206851994479146,1.161845939715541,1.478307726894637,1.0934992631406573
2017-01-24,1.2233025145708976,1.1626288547692576,1.4854016517738193,1.0942361224823962
2017-01-25,1.2287600627331028,1.1663259536340307,1.4954508495432832,1.097715736040608
2017-01-26,1.2392815127579262,1.1764603540515854,1.5079169188579489,1.1072539708531184
2017-01-31,1.2264421092617075,1.1660649819494584,1.4881749944934863,1.0974701162600284
2017-02-01,1.2385153719443789,1.172458788221478,1.5145064563001167,1.1034878008842302
2017-02-02,1.2231105489389489,1.16780479317994,1.472859086420671,1.0991075814638929
2017-02-03,1.2229246562935083,1.1693706232873733,1.4686304251096327,1.1005813001473708
2017-02-06,1.2226321986235842,1.1721543212561438,1.4612419736417461,1.103201244473554
2017-02-07,1.2329526797114774,1.1698925666565179,1.5017201274699326,1.1010725397085301
2017-02-08,1.2262301827297564,1.1644556565612634,1.4913518797020822,1.0959554609464541
2017-02-09,1.2315070972198536,1.164325170718977,1.5096732933053651,1.095832651056164
2017-02-10,1.2382072169564777,1.1685442129528947,1.522784698144473,1.0998035041755354
2017-02-13,1.2426014388806963,1.1691966421643254,1.5362793613157641,1.1004175536269847
2017-02-14,1.240026689978976,1.1652385716149798,1.5366508520074624,1.096692320288193
2017-02-15,1.2365185996834112,1.1691966421643254,1.5155080171757707,1.100417553626985
2017-02-16,1.2316025532264439,1.1697185855334697,1.4975125856027847,1.100908793188144
2017-02-17,1.2383667370110567,1.169327128006611,1.5215168379452266,1.1005403635172744
2017-02-20,1.2428218986443529,1.1731982079944328,1.5277678748752495,1.104183723595873
2017-02-21,1.2520842745364749,1.1835500848157976,1.535430183668896,1.1139266415588662
2017-02-22,1.2524086928364058,1.1867687355921883,1.52908626960259,1.1169559521860155
2017-02-23,1.252850573861777,1.1869427167152364,1.5301923849163843,1.117119698706402
2017-02-24,1.2409525411229196,1.1760254012439648,1.5148390662525246,1.1068446045521527
2017-02-27,1.2370915986449933,1.1698925666565179,1.5158534797988834,1.1010725397085306
2017-02-28,1.2407977694845904,1.1746335522595799,1.5175329259093935,1.1055346323890611
2017-03-02,1.256570413871213,1.1858988299769475,1.5453114636156013,1.1161372195840833
2017-03-03,1.242589845386584,1.1733721891174806,1.526572676531256,1.1043474701162592
2017-03-06,1.239426565455117,1.1761558870862512,1.509326151871237,1.1069674144424426
2017-03-07,1.2451952970073918,1.1825061980775087,1.5143228567598046,1.1129441624365477
2017-03-08,1.2459048310119347,1.1843329998695142,1.5125163799024526,1.1146635009006052
2017-03-09,1.2407730734701128,1.1814188160584578,1.501628412307096,1.1119207466841323
2017-03-10,1.2444678296967933,1.1843329998695142,1.507532078022308,1.1146635009006052
2017-03-13,1.2607375032807446,1.1979035274672698,1.5317780561774488,1.1274357294907478
2017-03-14,1.26882147789639,1.2086903570962548,1.5342338557049389,1.137588013754707
2017-03-15,1.270253046935967,1.2086903570962548,1.5391993154998154,1.137588013754707
2017-03-16,1.277441408018171,1.2183463094254274,1.5412308149931369,1.1466759456361546
2017-03-17,1.2867381590571825,1.225957983558784,1.555423903717807,1.1538398559030616
2017-03-20,1.2824054421311897,1.2211300073941975,1.5518465082350021,1.1492958899623376
2017-03-21,1.290726789501007,1.234570049149667,1.5488328511463354,1.1619453086621903
2017-03-22,1.2826865989525513,1.2293071201774608,1.5334275269694722,1.1569919764205008
2017-03-23,1.2843338898186156,1.2300900352311772,1.5372843372017162,1.1577288357622395
2017-03-24,1.2829169283786879,1.2279152711930754,1.5375275726939444,1.155682004257409
2017-03-27,1.2722616258406585,1.2194336914444783,1.5206854999814514,1.1476993613885702
2017-03-28,1.2780078425406383,1.2233047714322998,1.5314352136247622,1.1513427214671683
2017-03-29,1.2746123090936692,1.225957983558784,1.5133648630372911,1.1538398559030616
2017-03-30,1.2708674863012432,1.2250880779435431,1.5024389927523274,1.1530211233011294
2017-03-31,1.265021343150771,1.2206515593058154,1.492683767176373,1.1488455870312753
2017-04-03,1.2693118461906292,1.224827106258971,1.4976621504064829,1.15277550352055
2017-04-04,1.2649776186910173,1.2218694271671524,1.4896436111903761,1.1499918126739803
2017-04-05,1.2689630005179382,1.2210865121134356,1.505323972426289,1.1492549533322414
2017-04-06,1.2651833847169707,1.215562611456657,1.5053156013950024,1.1440560013099719
2017-04-07,1.264298426180463,1.2135618285416032,1.5069087057657897,1.1421729163255276
2017-04-10,1.2505206934098159,1.2057326780044364,1.4780779818396208,1.1348043229081377
2017-04-11,1.2467034830429329,1.1982514897133663,1.4823070979310062,1.1277632225315208
2017-04-12,1.2457473211140353,1.2013831499282328,1.4718544099576627,1.1307106598984769
2017-04-13,1.2593539804902836,1.2140402766299858,1.4890000624582531,1.1426232192565908
2017-04-14,1.2525631163325501,1.206167630812057,1.4840207374998862,1.1352136892091043
2017-04-17,1.2595809167280296,1.209603757992258,1.4999747503179086,1.1384476829867367
2017-04-18,1.2593261828617601,1.2101691966421644,1.4978083883071684,1.1389798591779927
2017-04-19,1.2530810845303377,1.2026010177895698,1.493984133848377,1.1318568855411824
2017-04-20,1.257278802344758,1.2081249184463485,1.4955499528154927,1.1370558375634519
2017-04-21,1.2662385903619795,1.2180853377408551,1.503100859582207,1.1464303258555761
2017-04-24,1.275276987039736,1.2263929363664041,1.5147201958161687,1.1542492222040284
2017-04-25,1.291724120395099,1.2413988082293073,1.5361201271688014,1.168372359587359
2017-04-26,1.2975177005427985,1.247357661693706,1.542110650555787,1.1739806779105946
2017-04-27,1.2978356986446327,1.2497933974163802,1.5375898870887412,1.1762731291960047
2017-04-28,1.2956918959035295,1.2492279587664739,1.5316025930045631,1.175740953004749
2017-05-02,1.3014437977481093,1.2598408072724108,1.5267480412843413,1.1857294907483218
2017-05-04,1.312413953373388,1.2721064764473056,1.5358313705259712,1.1972736204355665
2017-05-08,1.3417872695376847,1.3042494889304512,1.5617604564376628,1.2275257900769616
2017-05-10,1.3303627549040637,1.2882867208907833,1.559635260879532,1.2125020468315053
2017-05-11,1.3512365338416816,1.3037710408420686,1.5949829130237412,1.2270754871458986
2017-05-12,1.3420245273362013,1.297246748727763,1.5787379962531571,1.220934992631407
2017-05-15,1.344517073143572,1.2999434561350094,1.5810173950648228,1.2234730636973967
2017-05-16,1.3415671341328037,1.3034230785959726,1.5631630681982214,1.2267479941051258
2017-05-17,1.3382905913513476,1.301987734330825,1.555373849039884,1.2253970853119374
2017-05-18,1.3333390799075555,1.298203644904528,1.547271984438901,1.2218355984935325
2017-05-19,1.3333027247888363,1.2965073289548084,1.5510033315788503,1.2202390699197645
2017-05-22,1.3409222765045992,1.3075986255491279,1.5515016013968652,1.2306779105944001
2017-05-23,1.3480240574355902,1.3107737810447566,1.5682387989607192,1.2336662845914528
2017-05-24,1.3480702791551327,1.312296115871428,1.5649360048364234,1.235099066644834
2017-05-25,1.361064402273702,1.3275629594189031,1.5740735497717768,1.2494678238087444
2017-05-26,1.3670028425996568,1.3351311382714974,1.5769065810247564,1.2565907974455548
2017-05-29,1.3669151941549935,1.333217345917968,1.5809590365042894,1.2547895857213038
2017-05-30,1.3631304897160885,1.3248227567308948,1.5872671257077473,1.2468888161126581
2017-05-31,1.363527607823665,1.325170718976991,1.5878158657796853,1.247216309153431
2017-06-01,1.3628843684276584,1.3223870210082205,1.5919709584388166,1.2445963648272476
2017-06-02,1.3785415188130885,1.3389152276977947,1.6072238968380477,1.2601522842639596
2017-06-05,1.3759587163654108,1.336740463659693,1.6034542716019855,1.2581054527591293
2017-06-07,1.3744377299677528,1.3295637423339568,1.6146298888638915,1.2513509087931889
2017-06-08,1.3787344258921674,1.3320429733373929,1.623487946072926,1.2536842967086954
2017-06-09,1.3980145382940756,1.3456569962159106,1.6575803537146432,1.2664974619289344
2017-06-12,1.39341322907494,1.3319994780566309,1.6730915596112266,1.2536433600785988
2017-06-13,1.39535837977497,1.3397416380322733,1.6617043960452074,1.2609300802357954
2017-06-14,1.3989342886878076,1.3394371710669393,1.6746821892905592,1.2606435238251192
2017-06-15,1.3920116533212468,1.3339567656909224,1.6637175088532656,1.2554855084329462
2017-06-16,1.3991945623077224,1.334391718498543,1.6873446708480762,1.2558948747339127
2017-06-19,1.4020869346840974,1.3423078595972338,1.6788012106138948,1.2633453414114955
2017-06-20,1.3997556305231538,1.3453525292505764,1.6637010732906983,1.2662109055182584
2017-06-21,1.3881630968732395,1.3375668739941715,1.6420932609981196,1.258883248730965
2017-06-22,1.4003683731070005,1.346048453742769,1.6641797651661365,1.2668658915998041
2017-06-23,1.4055436898277427,1.3494845809229699,1.6739187820144217,1.2700998853774363
2017-06-26,1.407434932839819,1.3565743116871818,1.663868610929502,1.2767725560831837
2017-06-27,1.4057682859718916,1.357574703144709,1.6558173661340867,1.2777140985754059
2017-06-28,1.4069537526731086,1.3520073072071679,1.672871370263074,1.2724742099230395
2017-06-29,1.4216074933178948,1.3594884954982385,1.7056912326876288,1.2795153102996566
2017-06-30,1.4188447568940066,1.3560088730372755,1.7043303072012066,1.2762403798919277
2017-07-03,1.417710967260072,1.3587490757252836,1.6940486123203455,1.2788193875880138
2017-07-04,1.4145164803569772,1.3503544865382107,1.7026717157107485,1.2709186179793683
2017-07-05,1.4184138800086181,1.3560523683180374,1.7027506734114077,1.2762813165220241
2017-07-06,1.4195383711404217,1.3565308164064198,1.7054922861633965,1.2767316194530869
2017-07-07,1.4166296027790912,1.3512243921534515,1.70789178252353,1.2717373505813006
2017-07-10,1.422473110157246,1.3547040146144143,1.7198216410302243,1.2750122809890292
2017-07-11,1.42901406282689,1.3639685094167282,1.7206497282173467,1.283731783199607
2017-07-12,1.4238817467482372,1.3639250141359662,1.7030952627311995,1.2836908465695103
2017-07-13,1.428520465977389,1.3759732069070507,1.6908271495554437,1.2950302931062718
2017-07-14,1.4365867893760302,1.3803227349832543,1.708387153007347,1.299123956115933
2017-07-17,1.440696460166345,1.3854116828324126,1.7106030419680331,1.303913541837236
2017-07-18,1.4440854589699863,1.385977121482319,1.7209372850040696,1.304445718028492
2017-07-19,1.4442032600338557,1.3871079987821322,1.7186931396724279,1.305510070411004
2017-07-20,1.4556327617959022,1.3945021965116786,1.7406902391809622,1.3124692975274277
2017-07-21,1.46449882809432,1.3996346396415988,1.7591673390798348,1.3172998198788277
2017-07-24,1.4700696242302744,1.4005915358183636,1.776090371491642,1.318200425740953
2017-07-25,1.46581101341709,1.3925014135966245,1.780393216630316,1.3105862125429832
2017-07-26,1.4666317029402616,1.389500239224044,1.7902477027967167,1.3077615850663173
2017-07-27,1.4676673240782376,1.394067243704058,1.7831109470220845,1.3120599312264614
2017-07-28,1.441674241069677,1.3663172545778783,1.7587010801328182,1.285942361224824
2017-07-31,1.4466213508339745,1.3683615327736942,1.7709309776089746,1.2878663828393648
2017-08-01,1.4604232454503836,1.3789743812796313,1.7935490383462696,1.297854920582938
2017-08-02,1.4582194451864878,1.3818015745291636,1.7793439295544082,1.3005158015392173
2017-08-03,1.437276027523088,1.3583141229176636,1.762319858614565,1.2784100212870477
2017-08-04,1.4405934481109082,1.3634030707668217,1.7618102218717742,1.283199607008351
2017-08-07,1.4416258344399566,1.3655778348049235,1.7602668555805467,1.2852464385131814
2017-08-08,1.4384619437942003,1.3631420990822496,1.7550887512333413,1.282953987227771
2017-08-09,1.4186308573011819,1.346265930146579,1.726402509577709,1.2670705747502864
2017-08-10,1.414398513279429,1.3412639728589448,1.7235989760046988,1.2623628622891763
2017-08-11,1.3925864821487126,1.316689139228394,1.7062843228705167,1.2392336662845915
2017-08-14,1.403850662212379,1.3263015962768039,1.7225574908395511,1.248280661535942
2017-08-16,1.410486405155022,1.3360010438867385,1.722530414998228,1.2574095300474863
2017-08-17,1.4139614784239425,1.3440911661084771,1.7153463534312887,1.2650237432454556
2017-08-18,1.4109471700229181,1.3413509634204688,1.71139148682109,1.262444735549369
2017-08-21,1.4057439166659265,1.3402635814014179,1.6958894138074687,1.261421319796954
2017-08-22,1.410343495838482,1.3454830150928623,1.6994518966415393,1.2663337154085472
2017-08-23,1.4087384247230434,1.3470923404810577,1.6900384046399655,1.2678483707221218
2017-08-24,1.4093889087111193,1.3515288591187857,1.6817344236593121,1.272023906991976
2017-08-25,1.4198680943963848,1.3536166325953634,1.713198445274946,1.2739888652366131
2017-08-28,1.415897142929504,1.3463094254273409,1.7167938010008887,1.2671115113803826
2017-08-29,1.4080859977658857,1.34243834543952,1.6988535570457035,1.2634681513017845
2017-08-30,1.412034371087894,1.3468313687964855,1.702119920630876,1.2676027509415417
2017-08-31,1.4008418982850133,1.3408725153320864,1.6773949030228394,1.2619944326183061
2017-09-01,1.4037059437504638,1.3386977512939844,1.6925324585788943,1.2599476011134754
2017-09-04,1.3930107540841667,1.3230829455004132,1.6925324585788943,1.2452513509087926
2017-09-05,1.3695133709414955,1.3225175068505068,1.612178682698247,1.2447191747175366
2017-09-06,1.362695052537395,1.3186899221434474,1.5975869113361398,1.2411167512690346
2017-09-07,1.3805713334951948,1.3351746335522596,1.6204838527317396,1.25663173407565
2017-09-08,1.3766237189899786,1.3371754164673135,1.6019930700076632,1.2585148190600945
2017-09-11,1.3851977674612361,1.347614283850202,1.607275027985463,1.2683396102832807
2017-09-12,1.387788508241078,1.3501805054151625,1.6101792780120747,1.270754871458981
2017-09-13,1.3818667332670482,1.348353703623157,1.5945545423846539,1.269035532994923
2017-09-14,1.394604890630494,1.3593145143751901,1.612520415557511,1.2793515637792685
2017-09-15,1.4027177851815085,1.3644034622243486,1.6281723168966125,1.2841411495005721
2017-09-18,1.4222468483249355,1.3871949893436561,1.6423946187537215,1.305591943671196
2017-09-19,1.4195265413730374,1.3853681875516506,1.637414413580581,1.3038726052071383
2017-09-20,1.4194606952243611,1.3852377017093647,1.6374858050234744,1.3037497953168486
2017-09-21,1.4181049829396233,1.3842373102518377,1.635204017360369,1.3028082528246263
2017-09-22,1.4151847262478534,1.377539037014484,1.640397714362772,1.2965040117897484
2017-09-25,1.4033853918711359,1.3761906833108606,1.604166221134565,1.2952349762567532
2017-09-26,1.3972440282091814,1.367013179070071,1.604166221134565,1.2865973473063688
2017-09-27,1.3950494576496266,1.3649689008742552,1.6014179029948399,1.2846733256918277
2017-09-28,1.3985108123358263,1.3650993867165413,1.6126362054628591,1.2847961355821176
2017-09-29,1.4092516454062527,1.375625244660954,1.624928936413448,1.2947028000654974
2017-10-03,1.4092516454062527,1.375625244660954,1.624928936413448,1.2947028000654974
2017-10-04,1.4092516454062527,1.375625244660954,1.624928936413448,1.2947028000654974
2017-10-05,1.4092516454062527,1.375625244660954,1.624928936413448,1.2947028000654974
2017-10-06,1.4092516454062527,1.375625244660954,1.624928936413448,1.2947028000654974
2017-10-09,1.4092516454062527,1.375625244660954,1.624928936413448,1.2947028000654974
2017-10-10,1.4323629452838893,1.4026793092949417,1.6415779089677751,1.3201653839855891
2017-10-11,1.440857809487989,1.4184680962115612,1.6350780045753242,1.3350253807106587
2017-10-12,1.4503327295045556,1.4271236570832067,1.6472909249448466,1.3431717700998842
2017-10-13,1.4445405675316265,1.4238180157452918,1.6355093179818152,1.3400605862125419
2017-10-16,1.4481743628554282,1.4258622939411074,1.6429649304317897,1.3419846078270823
2017-10-17,1.4440574493454383,1.4288634683136878,1.622961356554233,1.344809235303748
2017-10-18,1.4417049497665,1.4283850202253054,1.6162980586294875,1.3443589323726852
2017-10-19,1.4435984080501088,1.4199904310382325,1.6407432899200136,1.33645816276404
2017-10-20,1.4522521149456105,1.4305162889826453,1.6462021908847189,1.3463648272474191
2017-10-23,1.4472580123482635,1.4329520247053196,1.6245552410236892,1.3486572785328292
2017-10-24,1.45157824314991,1.4308207559479797,1.643333879303566,1.3466513836580956
2017-10-25,1.453704516679081,1.4323430907746508,1.646987578715405,1.3480841657114766
2017-10-26,1.4500312077567745,1.4222521856378583,1.6568914720274939,1.338586867529063
2017-10-27,1.4550468390145874,1.4319951285285548,1.6521392428667874,1.3477566726707038
2017-10-30,1.457895331154079,1.436997085816189,1.650595058011178,1.3524643851318139
2017-10-31,1.4651048365528543,1.450872080379279,1.6440458111397853,1.365523170132633
2017-11-01,1.481696250386093,1.4734461310947762,1.6493103869009507,1.3867692811527739
2017-11-02,1.4690152321223922,1.4680962115610454,1.6194145836755602,1.381734075650891
2017-11-03,1.4760378307211464,1.4737505980601102,1.6301203468574725,1.3870558375634503
2017-11-06,1.464090376241164,1.467530772911139,1.6045172636938478,1.381201899459635
2017-11-07,1.4592291351081423,1.4647470749423686,1.5946495100168991,1.378581955133452
2017-11-08,1.4592622954002539,1.4692705841416205,1.5849264990868976,1.3828393646634995
2017-11-09,1.4601965979653002,1.4663998956113262,1.5935767517288986,1.3801375470771233
2017-11-10,1.4543865971544674,1.4612674524814058,1.5858292232283409,1.3753070247257233
2017-11-13,1.4495227393154888,1.4541777217171936,1.584938846254043,1.368634354019976
2017-11-14,1.4473060132893234,1.451089556783089,1.5842465501934277,1.3657278532831165
2017-11-15,1.4499219907562022,1.4447827410725937,1.6049990510181233,1.3597920419191083
2017-11-16,1.45691163992926,1.45430820755948,1.6076065683407503,1.368757163910266
2017-11-17,1.449388846111878,1.4535252925057633,1.5858303823166908,1.368020304568527
2017-11-20,1.44595351935534,1.4480448871297464,1.5861489910963278,1.3628622891763542
2017-11-21,1.4461219284564486,1.4506111086947067,1.5815306052101215,1.3652775503520542
2017-11-22,1.4552473675897137,1.45922317428559,1.5925957188128437,1.373383003111183
2017-11-23,1.4529436351956067,1.4549606367709103,1.5939860825540588,1.369371213361715
2017-11-24,1.4558405116350306,1.45900569788178,1.5948720319096752,1.3731783199607002
2017-11-27,1.439085235065428,1.4332999869514156,1.594374343465648,1.3489847715736032
2017-11-28,1.4452837820802777,1.4396502979426733,1.6008878107432616,1.3549615195677085
2017-11-29,1.4445491611886037,1.4383019442390501,1.601309344352836,1.3536924840347138
2017-11-30,1.4324082935268465,1.4146840067852637,1.610948521401515,1.3314638938922543
2017-12-01,1.4207928005278756,1.412639728589448,1.5789988586546866,1.3295398722777134
2017-12-04,1.4358305634875463,1.429994345613501,1.5908967871049664,1.345873587686261
2017-12-05,1.4429658283649032,1.433647949197512,1.605719460408343,1.3493122646143763
2017-12-06,1.4276722510273103,1.411508851289635,1.6026125901500161,1.3284755198952014
2017-12-07,1.4208667317107704,1.4074637901787654,1.5895973973483175,1.3246684132962168
2017-12-08,1.4203712810876445,1.4122047757818277,1.5780696592234547,1.3291305059767475
2017-12-11,1.4182374769456467,1.413988082293071,1.5675086676194407,1.3308089078107088
2017-12-12,1.4164683967134144,1.4095515636553433,1.5711593725928812,1.3266333715408545
2017-12-13,1.429789488744596,1.4187290678961333,1.5944898490020079,1.3352710004912396
2017-12-14,1.4259247027005928,1.4124657474664,1.5952734257406465,1.3293761257573276
2017-12-15,1.436927426479744,1.4189465442999436,1.6168496467928473,1.335475683641723
2017-12-18,1.4373965435913936,1.420555869688139,1.6149736411392666,1.3369903389552975
2017-12-19,1.438288240086829,1.4212517941803313,1.6163642112566932,1.337645325036843
2017-12-21,1.4220203446503206,1.3906311165238572,1.62859082973986,1.3088259374488294
2017-12-22,1.431431324305889,1.3971119133574006,1.6450791456229898,1.3149254953332241
2017-12-26,1.4235051448962683,1.387021008220608,1.6409089804213663,1.3054281971508106
2017-12-27,1.4327448773775968,1.3929363664042451,1.6580359051492224,1.3109955788439493
2017-12-28,1.4447024174147751,1.4124657474664,1.6552951530661413,1.3293761257573273
2018-01-02,1.4465238913634177,1.4179461528424167,1.6496224027243191,1.3345341411495004
2018-01-03,1.4470077166193085,1.4228611195685268,1.640859935658229,1.3391599803504168
2018-01-04,1.433940185143738,1.411769822974207,1.6223540659716837,1.3287211396757812
2018-01-05,1.451039081204438,1.430864251228742,1.6369596188639088,1.3466923202881935
2018-01-08,1.4664014641316607,1.4409116610847723,1.664990348376717,1.3561486818405104
2018-01-09,1.46760790637531,1.4364316471662826,1.6782433447432892,1.3519322089405597
2018-01-10,1.4648227038359718,1.4249488930451046,1.6934253311388137,1.3411249385950545
2018-01-11,1.4589952244897564,1.4165108085772693,1.6924967848381847,1.333183232356312
2018-01-12,1.4642507610715527,1.4210778130572834,1.6997816871933356,1.3374815785164564
2018-01-15,1.4663018336085099,1.4239919968683399,1.7001132640678098,1.3402243327329293
2018-01-16,1.468466197080586,1.4354312557087554,1.6819033673598893,1.3509906664483378
2018-01-17,1.4720583493038517,1.4318211474055065,1.7018199805614476,1.347592926150319
2018-01-18,1.4657743460396713,1.4315601757209342,1.6815713221482926,1.3473473063697394
2018-01-19,1.4755399128613345,1.4332564916706536,1.7101743024798695,1.3489438349435074
2018-01-22,1.4619972734564284,1.4191205254229915,1.696655891300922,1.335639430162109
2018-01-23,1.4858812728063269,1.439389326258101,1.730841152511807,1.3547158997871298
2018-01-24,1.485378151394239,1.439302335696577,1.7293666332620663,1.3546340265269368
2018-01-25,1.4912382190232132,1.4530903396981427,1.718193989958836,1.367610938267562
2018-01-26,1.4965301584494093,1.4587447261972077,1.7231866678757606,1.3729327001801215
2018-01-29,1.507556942163791,1.4703579661606718,1.7339643850965236,1.3838627804159165
2018-01-30,1.4938765712269204,1.450132660606324,1.7335015939853642,1.3648272474209924
2018-01-31,1.4935293743213607,1.4500456700448003,1.7325438721306425,1.3647453741607993
2018-02-01,1.4920649704708517,1.4499586794832762,1.7278832709037009,1.364663500900606
2018-02-02,1.4758998979559728,1.4223391761993822,1.7355927380880904,1.3386687407892583
2018-02-05,1.4687064193870794,1.4061589317559045,1.7476542460979203,1.3234403143933193
2018-02-06,1.4354163756959042,1.3831934235135488,1.688277456699412,1.301825773702309
2018-02-07,1.4078225122326995,1.3504414770997348,1.6694960360480446,1.2710004912395616
2018-02-08,1.4054473083466514,1.3553999391066072,1.6506209167612889,1.2756672670705753
2018-02-09,1.3812241632526587,1.3258666434691837,1.6358693114500833,1.2478712952349766
2018-02-12,1.3884174336420134,1.340220086120656,1.6602105559613434,1.2478712952349766
2018-02-13,1.3891322709399951,1.352137793049454,1.6626294876174779,1.2478712952349766
2018-02-14,1.3927001370381422,1.3674916271584534,1.674702758379961,1.2478712952349766
2018-02-19,1.401067655804456,1.3771040842068636,1.7030175316637264,1.2478712952349766
2018-02-20,1.4023838072704482,1.3606628680788135,1.7074712450532563,1.2478712952349766
2018-02-21,1.402856520162005,1.3677960941237879,1.7090708540564206,1.2478712952349766
2018-02-22,1.4043778390604702,1.357792179548519,1.7142188317192575,1.2478712952349766
2018-02-23,1.4097137724156932,1.3779739898221042,1.7322750497487498,1.2478712952349766
2018-02-26,1.415919779267142,1.3802792397024921,1.753275501842589,1.2478712952349766
2018-02-27,1.4149111215659609,1.3780609803836283,1.7498623139039071,1.2478712952349766
2018-02-28,1.413421903751066,1.3607933539210997,1.744822962815906,1.2478712952349766
2018-03-02,1.4039257449800109,1.3411769822974209,1.7126889945299262,1.2478712952349766
2018-03-05,1.3943334645380587,1.3247792614501328,1.6802297609657773,1.2478712952349766
2018-03-06,1.3912853343586766,1.3503544865382107,1.6699152200153509,1.2478712952349766
2018-03-07,1.3834900728370387,1.353312165630029,1.6435369029972369,1.2478712952349766
2018-03-08,1.383435515705069,1.3691444478274106,1.6433522875973943,1.2478712952349766
2018-03-09,1.3806780893860107,1.3817145839676395,1.6340214568874412,1.2478712952349766
2018-03-12,1.3937674818769172,1.3948936540385366,1.678314537208254,1.2478712952349766
2018-03-13,1.3880501658079643,1.4048105780522815,1.6589677615624372,1.2478712952349766
2018-03-14,1.3844592723021127,1.4005045452568399,1.6468165685572107,1.2478712952349766
2018-03-15,1.3838302956152315,1.4037666913139926,1.6446881798690955,1.2478712952349766
2018-03-16,1.386749060391767,1.4043756252446609,1.6545995065128667,1.2478712952349766
2018-03-19,1.3853160878524662,1.3933713192118657,1.64973352381267,1.2478712952349766
2018-03-20,1.3848075149054475,1.3996346396415988,1.648006549223759,1.2478712952349766
2018-03-21,1.3882931719549414,1.3988082293071202,1.6598428869318986,1.2478712952349766
2018-03-22,1.3932531326609354,1.4062894175981906,1.6766855565065701,1.2478712952349766
2018-03-23,1.375816608436438,1.35887956156757,1.6174758906539637,1.2478712952349766
2018-03-26,1.3754896346672003,1.3696228959157932,1.6163655771895444,1.2478712952349766
2018-03-27,1.3801364982131235,1.3759297116262885,1.6321450544680611,1.2478712952349766
2018-03-28,1.3721951330488074,1.3562263494410858,1.6051783510277005,1.2478712952349766
2018-03-29,1.371849562658028,1.3649689008742552,1.6040048885243279,1.2478712952349766
2018-03-30,1.364950444458001,1.3684050280544562,1.5805773706290276,1.2478712952349766
2018-04-02,1.361991967549029,1.3657518159279718,1.5705311924482428,1.2478712952349766
2018-04-03,1.35934175878144,1.3630551085207256,1.5615318085373062,1.2478712952349766
2018-04-04,1.3626151225035414,1.3420033926318995,1.572647256186406,1.2478712952349766
2018-04-05,1.3641252919498927,1.3615762689748163,1.5777753784628434,1.2478712952349766
2018-04-06,1.3621788851510663,1.3553564438258447,1.5711659134864557,1.2478712952349766
2018-04-09,1.3634822768859953,1.3633595754860597,1.575591875226684,1.2478712952349766
2018-04-10,1.3718419492016285,1.3654908442433997,1.60397903530934,1.2478712952349766
2018-04-11,1.3706204733150318,1.3611413161671957,1.5998312373789014,1.2478712952349766
2018-04-12,1.3723452795488431,1.362359184028533,1.6056882074636265,1.2478712952349766
2018-04-13,1.3789463208488417,1.369492410073507,1.6281035377565214,1.2478712952349766
2018-04-16,1.3760249816323213,1.3708407637771303,1.6182487198495608,1.2478712952349766
2018-04-17,1.37512159499069,1.368535513896742,1.615201243951345,1.2478712952349766
2018-04-18,1.3779305017608623,1.385933626201557,1.6246767833139562,1.2478712952349766
2018-04-19,1.3772707709939431,1.3923709277543388,1.6224512538243157,1.2478712952349766
2018-04-20,1.381012619886779,1.3826714801444042,1.6350739712635398,1.2478712952349766
2018-04-23,1.3901949599724392,1.3826714801444042,1.6660495899086605,1.2478712952349766
2018-04-24,1.3947071869864915,1.373841938149711,1.6812710935693411,1.2478712952349766
2018-04-25,1.390404895414997,1.3657083206472098,1.6667577841323657,1.2478712952349766
2018-04-26,1.3874600094918346,1.3834978904788828,1.656823533989342,1.2478712952349766
2018-04-27,1.3941117589424037,1.3953286068461572,1.6792624822728506,1.2478712952349766
2018-04-30,1.400789649876613,1.4073333043364795,1.70178961598845,1.2478712952349766
2018-05-02,1.3989066043137781,1.4028532904179896,1.695437368010089,1.2478712952349766
2018-05-03,1.3951470863333895,1.3942412248271063,1.682755045839093,1.2478712952349766
2018-05-04,1.3913232593755307,1.377713018137532,1.6698557843756088,1.2478712952349766
2018-05-08,1.391969591945828,1.3738854334304729,1.6720361165162925,1.2478712952349766
2018-05-09,1.3915555698858613,1.3675786177199776,1.6706394584399678,1.2478712952349766
2018-05-10,1.3921749068968632,1.380148753860206,1.6727287240178745,1.2478712952349766
2018-05-11,1.3933512057511448,1.3853681875516506,1.6766968393765966,1.2478712952349766
2018-05-14,1.3962262302398494,1.3819320603714498,1.6863954196215798,1.2478712952349766
2018-05-15,1.3933916414585021,1.3698403723196033,1.6768332448069192,1.2478712952349766
2018-05-16,1.3994646625633664,1.3743203862380933,1.6973199163975108,1.2478712952349766
2018-05-17,1.3949450990407433,1.367013179070071,1.681658529408246,1.2478712952349766
2018-05-18,1.3925895605249137,1.3717106693923709,1.6734960154663885,1.2478712952349766
2018-05-21,1.3948068429720342,1.3755382540994303,1.681179438499394,1.2478712952349766
2018-05-23,1.3941711254795608,1.38449828193641,1.6789765227497573,1.2478712952349766
2018-05-24,1.390286152936013,1.3808881736331609,1.6655141478671813,1.2478712952349766
2018-05-25,1.3859485021294675,1.3833674046365971,1.6504831326893759,1.2478712952349766
2018-05-28,1.3835250257384435,1.3874559610282284,1.642085197484087,1.2478712952349766
2018-05-29,1.3776867766928778,1.37532077769562,1.6218542443877049,1.2478712952349766
2018-05-30,1.366169105081375,1.3451350528467663,1.5819427105813781,1.2478712952349766
2018-05-31,1.3662291329807839,1.3523552694532643,1.5821507218546114,1.2478712952349766
2018-06-01,1.3685200317894994,1.362359184028533,1.5900892434877163,1.2478712952349766
2018-06-04,1.38324072723285,1.369405419511983,1.6411000340066224,1.2478712952349766
2018-06-05,1.3825300776544722,1.3734069853420903,1.6386374603521041,1.2478712952349766
2018-06-07,1.3918790557487501,1.3817145839676395,1.671033943586765,1.2478712952349766
2018-06-08,1.3915684138948043,1.3699708581618897,1.669957493999243,1.2478712952349766
2018-06-11,1.3939295748072815,1.379757296333348,1.6781394909131326,1.2478712952349766
2018-06-12,1.3975030248121172,1.3781044756643903,1.6905223644212448,1.2478712952349766
2018-06-14,1.3877213761818483,1.3535731373146014,1.6566265725323106,1.2478712952349766
2018-06-15,1.3823944667770465,1.3428298029663783,1.638167535674492,1.2478712952349766
2018-06-18,1.3849297758910377,1.3281283980688097,1.6469529984681601,1.2478712952349766
2018-06-19,1.3789055449124619,1.3107302857639946,1.6260775727338117,1.2478712952349766
2018-06-20,1.3843399966603767,1.3223435257274585,1.6443878295064327,1.2478712952349766
2018-06-21,1.3682027377474248,1.3092949414988473,1.5900166862874707,1.2478712952349766
2018-06-22,1.3755001052971565,1.3209081814623114,1.614603651044504,1.2478712952349766
2018-06-25,1.376729261036366,1.3195163324779262,1.6187450360898494,1.2478712952349766
2018-06-26,1.3801741584425322,1.316863120351442,1.630351902612575,1.2478712952349766
2018-06-27,1.3693477586488378,1.314644861032578,1.593874596466347,1.2478712952349766
2018-06-28,1.3614042876879022,1.297290244008525,1.5671107204200834,1.2478712952349766
2018-06-29,1.3681831078793616,1.3033795833152104,1.5899505475229139,1.2478712952349766
2018-07-02,1.3663711848406013,1.274107259362359,1.5838456490656485,1.2478712952349766
2018-07-03,1.3647776837089443,1.2759340611543648,1.5784766778719492,1.2478712952349766
2018-07-04,1.3602059300159173,1.2711930755513026,1.5630731030674399,1.2478712952349766
2018-07-05,1.361308228180896,1.2684528728632944,1.5667870678567115,1.2478712952349766
2018-07-06,1.374254134345989,1.2748901744160759,1.6104056106339224,1.2478712952349766
2018-07-09,1.3797293015980279,1.2839806880953417,1.6288530498436542,1.2478712952349766
2018-07-10,1.3742984114743506,1.2882867208907833,1.6105547932243776,1.2478712952349766
2018-07-11,1.3727937988917553,1.2806315514766649,1.6054853135402112,1.2478712952349766
2018-07-12,1.3689069898477855,1.280544560915141,1.5923895175110094,1.2478712952349766
2018-07-13,1.37632245758565,1.2989865599582444,1.6173743963300151,1.2478712952349766
2018-07-16,1.3724547652012506,1.2934191640207038,1.604343009915914,1.2478712952349766
2018-07-17,1.3712389361546884,1.291287895263364,1.6002465263943324,1.2478712952349766
2018-07-18,1.364688660479917,1.2895045887521206,1.5781767325862381,1.2478712952349766
2018-07-19,1.364236912529105,1.287025357748684,1.5766841093431683,1.2478712952349766
2018-07-20,1.3677149802243622,1.2915923622286982,1.5881760146713024,1.2478712952349766
2018-07-23,1.3719154293901283,1.2811969901265712,1.6020547451556026,1.2478712952349766
2018-07-24,1.3693110469645133,1.285242051237441,1.5934495888171458,1.2478712952349766
2018-07-25,1.3760374398885928,1.2824583532686704,1.6156743059463614,1.2478712952349766
2018-07-26,1.3723884246610636,1.2915923622286982,1.6036175718026098,1.2478712952349766
2018-07-27,1.373184253737644,1.2952024705319471,1.6062470756555425,1.2478712952349766
2018-07-30,1.373194907258533,1.2930712017746075,1.6062822760208582,1.2478712952349766
2018-07-31,1.3750751729908643,1.2937671262668,1.6124948738426754,1.2478712952349766
2018-08-01,1.3752287682560422,1.2991605410812925,1.613002368923545,1.2478712952349766
2018-08-02,1.3627899742297505,1.2768039667696056,1.5719032714156864,1.2478712952349766
2018-08-03,1.3628695713606418,1.2857639946065853,1.5721662687960543,1.2478712952349766
2018-08-06,1.3626135983708947,1.2841546692183898,1.5713205068320926,1.2478712952349766
2018-08-07,1.3575101876204676,1.292592753686225,1.5544582953016886,1.2478712952349766
2018-08-08,1.3653004042024932,1.2926362489669871,1.5801979988642092,1.2478712952349766
2018-08-09,1.3635506788791598,1.293593145143752,1.5744167204280808,1.2478712952349766
2018-08-10,1.3618086555750701,1.2771954242964638,1.5686608902821346,1.2478712952349766
2018-08-13,1.3584103352478796,1.260710712887652,1.557432478733963,1.2478712952349766
2018-08-14,1.357069235404203,1.2660606324213823,1.5530013423129783,1.2478712952349766
2018-08-16,1.3588720653165125,1.2537079726849638,1.5589580839552528,1.2478712952349766
2018-08-17,1.355447855302114,1.2551433169501107,1.5476441301288864,1.2478712952349766
2018-08-20,1.3568217756678704,1.255317298073159,1.5521262328650194,1.2478712952349766
2018-08-21,1.3578121587265635,1.2697577312861554,1.5553571323609623,1.2478712952349766
2018-08-22,1.3565544593159302,1.2744117263276935,1.5512541740599335,1.2478712952349766
2018-08-23,1.3530021495705387,1.2800226175459963,1.5396655713823346,1.2478712952349766
2018-08-24,1.353671210636794,1.2854595276412508,1.5418482309530388,1.2478712952349766
2018-08-27,1.3542387105987594,1.2910704188595536,1.5436995705180363,1.2478712952349766
2018-08-28,1.3590207919274937,1.2927667348092733,1.559300023311478,1.2478712952349766
2018-08-29,1.3591952826476383,1.2963768431125224,1.5598692596032482,1.2478712952349766
2018-08-30,1.3547098264959687,1.2963768431125224,1.545236478991443,1.2478712952349766
2018-08-31,1.3557215782215277,1.3051628898264538,1.5485370889033714,1.2478712952349766
2018-09-03,1.3536544332668152,1.2939411073898484,1.5417934985989947,1.2478712952349766
2018-09-04,1.3497910425789126,1.2996389891696751,1.5291900650925216,1.2478712952349766
2018-09-05,1.346910992832324,1.2829368013570528,1.5197945577755616,1.2478712952349766
2018-09-06,1.350205635549623,1.2799791222652341,1.5305425803726775,1.2478712952349766
2018-09-07,1.3579055453081588,1.273802792397025,1.5556617848454284,1.2478712952349766
2018-09-10,1.3588144037737697,1.277456395981036,1.5586267288967746,1.2478712952349766
2018-09-11,1.358696164577989,1.2720629811665434,1.558241000410513,1.2478712952349766
2018-09-12,1.3603322275446688,1.2715845330781612,1.5635782837656544,1.2478712952349766
2018-09-13,1.362402038372838,1.2718890000434955,1.5703305708759105,1.2478712952349766
2018-09-14,1.3603777882130899,1.2930712017746075,1.5637269150849649,1.2478712952349766
2018-09-17,1.3589972948042754,1.2841111739376279,1.5592233692906976,1.2478712952349766
2018-09-18,1.3562899733562408,1.2878952633639251,1.550348509051363,1.2478712952349766
2018-09-19,1.3545797509098543,1.290244008525075,1.5447422352928954,1.2478712952349766
2018-09-20,1.3590938616004018,1.300682875907964,1.5595399245412769,1.2478712952349766
2018-09-21,1.3630570620839184,1.3083815406028445,1.5725316771154707,1.2478712952349766
2018-09-27,1.3690249362452422,1.3161237005784872,1.592094942920546,1.2478712952349766
2018-09-28,1.3738573563819945,1.3070766821799833,1.6079360811653434,1.2478712952349766
2018-10-01,1.3725040748121982,1.3055978426340744,1.6034998939496996,1.2478712952349766
2018-10-02,1.3701521399888157,1.2897655604366927,1.595790025265766,1.2478712952349766
2018-10-04,1.3700193459316297,1.2691053020747247,1.5953547135671886,1.2478712952349766
2018-10-05,1.368183748129924,1.266930538036623,1.589337447328784,1.2478712952349766
2018-10-08,1.367862738391198,1.260971684572224,1.588285146513627,1.2478712952349766
2018-10-10,1.364137792621278,1.2520116567352444,1.5760744158184827,1.2478712952349766
2018-10-11,1.343404683340796,1.1967726501674567,1.5081092883953238,1.2478712952349766
2018-10-12,1.3451217933846973,1.2151276586490367,1.5137381403612562,1.2478712952349766
2018-10-15,1.3377936030215154,1.2056456874429125,1.4897156271396772,1.2478712952349766
2018-10-16,1.3374681685638898,1.2043843243008132,1.4886488216701648,1.2478712952349766
2018-10-17,1.3399078397364552,1.2180853377408551,1.4966462985498197,1.2478712952349766
2018-10-18,1.3351434190803761,1.2069070505850117,1.4810280691464386,1.2478712952349766
2018-10-19,1.3349791865693639,1.211909007872646,1.4804896991708125,1.2478712952349766
2018-10-22,1.3385684097901094,1.2152581444913226,1.4922555182888249,1.2478712952349766
2018-10-23,1.327272292307149,1.1854203818885651,1.455225758124529,1.2478712952349766
2018-10-24,1.3378781727175737,1.180287938758645,1.4884495369124635,1.2478712952349766
2018-10-25,1.3286447208945442,1.1601061284850596,1.4595250017540387,1.2478712952349766
2018-10-26,1.3325821799319861,1.1425775303379584,1.47185941087277,1.2478712952349766
2018-10-29,1.3313111030513298,1.131703710147449,1.4678776596676677,1.2478712952349766
2018-10-30,1.317851744496927,1.1416206341611936,1.42571512964334,1.2478712952349766
2018-10-31,1.3267686926115285,1.1483189073985471,1.4536481913184276,1.2478712952349766
2018-11-01,1.3269094449033803,1.1437084076377713,1.4540891092646437,1.2478712952349766
2018-11-02,1.3351433096606253,1.185507372450089,1.4798823570364732,1.2478712952349766
2018-11-05,1.3284641283433736,1.1746770475403419,1.458959280970977,1.2478712952349766
2018-11-06,1.3331065154565438,1.1812013396546475,1.4735019343413016,1.2478712952349766
2018-11-07,1.3318963928425847,1.1763298682092993,1.4697111273100503,1.2478712952349766
2018-11-08,1.3357066160494702,1.1835500848157976,1.4816469598915478,1.2478712952349766
2018-11-09,1.3336272048096558,1.1801574529163585,1.4751330358826718,1.2478712952349766
2018-11-12,1.3349582304794807,1.1812013396546475,1.479302581521887,1.2478712952349766
2018-11-13,1.334501142867199,1.1730677221521464,1.4778707175813663,1.2478712952349766
2018-11-14,1.3366672331553824,1.1695011091296594,1.484656170724753,1.2478712952349766
2018-11-15,1.3377077062739358,1.1810708538123615,1.4879155369808192,1.2478712952349766
2018-11-16,1.3374518005277511,1.1815493019007435,1.4871138915187943,1.2478712952349766
2018-11-19,1.3353144876549767,1.1844199904310382,1.4804185859583183,1.2478712952349766
2018-11-20,1.3348180395234042,1.1725457787830018,1.4788634220054186,1.2478712952349766
2018-11-21,1.336809143568495,1.1668478970031753,1.485100716579553,1.2478712952349766
2018-11-22,1.332283581881869,1.1646296376843113,1.4707362023158288,1.2478712952349766
2018-11-23,1.3324607981770256,1.15840981253534,1.471298701774639,1.2478712952349766
2018-11-26,1.3370154952194069,1.173459179679005,1.4857556941134196,1.2478712952349766
2018-11-27,1.3409295733463926,1.1834195989735115,1.498179308015439,1.2478712952349766
2018-11-28,1.3400027916977313,1.1893784524379105,1.495237624941956,1.2478712952349766
2018-11-29,1.341517694591508,1.1924666173720153,1.5000460544215761,1.2478712952349766
2018-11-30,1.3369741119621081,1.1802444434778827,1.4856243401664597,1.2478712952349766
2018-12-03,1.3372543753651625,1.2012526640859467,1.4865139198318236,1.2478712952349766
2018-12-04,1.339437624074777,1.1886825279457178,1.4934437352673735,1.2478712952349766
2018-12-05,1.3386982955398954,1.1808533774085512,1.4910970441778966,1.2478712952349766
2018-12-06,1.3385039788950688,1.1621069114001132,1.4904802667678043,1.2478712952349766
2018-12-07,1.339445201533574,1.1668913922839372,1.4934677867603177,1.2478712952349766
2018-12-10,1.3369951244120364,1.1541472750206603,1.485691035453721,1.2478712952349766
2018-12-11,1.337573260300889,1.1512765864903658,1.4875260874973903,1.2478712952349766
2018-12-12,1.3399143275936185,1.167717802618416,1.4949568324186517,1.2478712952349766
2018-12-13,1.3459821746088496,1.1718063590100474,1.5142166903182723,1.2478712952349766
2018-12-14,1.3480189323323908,1.155017180635901,1.520681531015951,1.2478712952349766
2018-12-17,1.3502869009450866,1.15840981253534,1.5278802545651233,1.2478712952349766
2018-12-18,1.358669193879641,1.1534078552477058,1.5544863589028344,1.2478712952349766
2018-12-19,1.3596199787184582,1.1626723500500196,1.5575042301251596,1.2478712952349766
2018-12-20,1.3616787946998454,1.1517985298595104,1.5640390855925852,1.2478712952349766
2018-12-21,1.3650394139962594,1.1528859118785613,1.5750677824626274,1.2478712952349766
2018-12-24,1.3595976822090423,1.1502326997520769,1.5572094042781868,1.2478712952349766
2018-12-26,1.3533285967956379,1.13513983732765,1.5366358621484317,1.2478712952349766
2018-12-27,1.3485714090489775,1.1333565308164064,1.521023983210588,1.2478712952349766
2018-12-28,1.3478731917175206,1.1394893654038538,1.5187326117046682,1.2478712952349766
2019-01-02,1.3389527614492367,1.1231786351180897,1.489458030830771,1.2478712952349766
2019-01-03,1.340211965076209,1.1124787960506286,1.4935904165235965,1.2478712952349766
2019-01-04,1.3351320782736469,1.1216997955721804,1.4769195214479873,1.2478712952349766
2019-01-07,1.3258586180010323,1.13770605889261,1.4464863859862649,1.2478712952349766
2019-01-08,1.3287314308300358,1.1293549649862988,1.4559142262326314,1.2478712952349766
2019-01-09,1.3283027002156742,1.1552346570397114,1.4545072415171216,1.2478712952349766
2019-01-10,1.325377747377598,1.155017180635901,1.4449082910365565,1.2478712952349766
2019-01-11,1.3271060190498682,1.161889434996303,1.450580038622749,1.2478712952349766
2019-01-14,1.3245270666573874,1.152581444913227,1.4421165735080628,1.2478712952349766
2019-01-15,1.3290701886776706,1.1740681136096733,1.457025943236071,1.2478712952349766
2019-01-16,1.3304190467286554,1.1797225001087381,1.4614525519212327,1.2478712952349766
2019-01-17,1.3317807107501927,1.1825496933582706,1.4659211865411677,1.2478712952349766
2019-01-18,1.3322491007792885,1.191248749510678,1.4674583233579919,1.2478712952349766
2019-01-21,1.3299318186895066,1.1917706928798224,1.4598535935518357,1.2478712952349766
2019-01-22,1.3280998836971376,1.1861598016615196,1.4538416493432136,1.2478712952349766
2019-01-23,1.3309919918911672,1.191205254229916,1.4633328120647255,1.2478712952349766
2019-01-24,1.332054355226168,1.2031229611587142,1.466669938779048,1.2478712952349766
2019-01-25,1.3346721684878933,1.2251315732243053,1.4748930902009714,1.2478712952349766
2019-01-28,1.3344275335237525,1.225001087382019,1.4741246357116315,1.2478712952349766
2019-01-29,1.3336049170568731,1.2309164455656563,1.4715406088567673,1.2478712952349766
2019-01-30,1.3387697085095696,1.2466617372015136,1.4877644025089491,1.2478712952349766
2019-01-31,1.3438151640446947,1.2434865817058849,1.5036133346938867,1.2478712952349766
2019-02-01,1.342770340812908,1.2430516288982647,1.5003313054637104,1.2478712952349766
2019-02-07,1.3423788336510574,1.2424426949675957,1.4991014917402732,1.2478712952349766
2019-02-08,1.339953175636115,1.2243486581705887,1.491481943987839,1.2478712952349766
2019-02-11,1.3406488419878804,1.2270018702970729,1.4936671914359068,1.2478712952349766
2019-02-12,1.3396340342672572,1.2339176199382367,1.4904794478054386,1.2478712952349766
2019-02-13,1.3412712623725165,1.2394850158757775,1.4956223565142523,1.2478712952349766
2019-02-14,1.3414810429210837,1.2556217650384933,1.4962813252961222,1.2478712952349766
2019-02-15,1.3434189779937111,1.235178983080336,1.502368823507346,1.2478712952349766
2019-02-18,1.3454906888684701,1.2435300769866466,1.5088765421726416,1.2478712952349766
2019-02-19,1.345012001305828,1.2392240441912052,1.5073728748297683,1.2478712952349766
2019-02-20,1.3458084069611347,1.2544038971771563,1.5098745675183238,1.2478712952349766
2019-02-21,1.3477220402837404,1.2544473924579185,1.5158857283631022,1.2478712952349766
2019-02-22,1.3516620399793116,1.2558827367230656,1.5282621704007058,1.2478712952349766
2019-02-25,1.3528846759793547,1.2570136140228787,1.5321027502882194,1.2478712952349766
2019-02-26,1.3514558769952967,1.2521856378582923,1.5276145652181905,1.2478712952349766
2019-02-27,1.3522579018652916,1.2559697272845898,1.5302047557440983,1.2478712952349766
2019-02-28,1.3487341050183077,1.2343960680266193,1.5188244288368546,1.2478712952349766
2019-03-04,1.3506976883869846,1.2287851768083164,1.525165946698277,1.2478712952349766
2019-03-05,1.3512360756096318,1.2198251489713368,1.5269047026091491,1.2478712952349766
2019-03-06,1.3489419724171712,1.2172154321256146,1.5194957498735517,1.2478712952349766
2019-03-07,1.3445351219532489,1.2129528946109347,1.5052635449285654,1.2478712952349766
2019-03-08,1.3418379164319214,1.1954242964638335,1.496552747484325,1.2478712952349766
2019-03-11,1.3427004165807253,1.1963811926405985,1.499338246784416,1.2478712952349766
2019-03-12,1.3464424491420617,1.2079944326040626,1.5114233798652308,1.2478712952349766
2019-03-13,1.3477831025269662,1.20046974903223,1.515753105570779,1.2478712952349766
2019-03-14,1.3492899316818552,1.2032534470010003,1.5206195065356014,1.2478712952349766
2019-03-15,1.3562547645820877,1.2173024226871385,1.54311287908255,1.2478712952349766
2019-03-18,1.355339913981894,1.2175633943717108,1.5401583106571866,1.2478712952349766
2019-03-19,1.3533021433248584,1.2170849462833282,1.5335772002112478,1.2478712952349766
2019-03-20,1.346963842531487,1.2175198990909488,1.5131072531066792,1.2478712952349766
2019-03-21,1.3414951520112344,1.2282197381584097,1.495445767902648,1.2478712952349766
2019-03-22,1.3393225630665913,1.2314818842155626,1.4884292531889054,1.2478712952349766
2019-03-25,1.3343966644559584,1.2067765647427253,1.4725207491135588,1.2478712952349766
2019-03-26,1.332005733684775,1.2074289939541563,1.4647990855301594,1.2478712952349766
2019-03-27,1.3327095877388853,1.2060371449697707,1.4670722271380872,1.2478712952349766
2019-03-28,1.3297131875579553,1.1964681832021224,1.4573951614374658,1.2478712952349766
2019-03-29,1.3312022704253408,1.2025575225088079,1.4620582124863972,1.2478712952349766
2019-04-01,1.337600041940913,1.21925971032143,1.4820927826435935,1.2478712952349766
2019-04-02,1.338682966475185,1.2253490496281154,1.4854839521319079,1.2478712952349766
2019-04-03,1.3447618906454344,1.2424426949675957,1.5045200543860604,1.2478712952349766
2019-04-04,1.3454177255868642,1.244617459005698,1.506573796241898,1.2478712952349766
2019-04-05,1.3431215493378228,1.246922708886086,1.4993833387454503,1.2478712952349766
2019-04-08,1.3436908556592075,1.2456178504632247,1.5011661169220314,1.2478712952349766
2019-04-09,1.3426958101318358,1.2470531947283718,1.4980501398385724,1.2478712952349766
2019-04-10,1.3532711379965896,1.2523161237005787,1.5197440890115246,1.2531376768304365
2019-04-11,1.3529723752552076,1.2501413596624766,1.5235286006637545,1.2509614860885108
2019-04-12,1.359151606517508,1.2542734113348701,1.5339106526911628,1.2550962484981694
2019-04-15,1.3611483814654854,1.258666434691836,1.5306289661620867,1.2594921537968593
2019-04-16,1.3695763769676357,1.2640598495063284,1.545315356187708,1.2648891068368346
2019-04-17,1.3751293396709015,1.2627984863642296,1.565442063500927,1.2636269162065177
2019-04-18,1.3551372561925827,1.2431821147405506,1.545412179238891,1.243997675714349
2019-04-19,1.3628421939454778,1.2434865817058849,1.5688793181088168,1.2443023424182182
2019-04-22,1.3646281296856684,1.243399591144361,1.5746607649377822,1.2442152947885414
2019-04-23,1.3639516829137928,1.2460093079900834,1.5668783755652596,1.2468267236788524
2019-04-24,1.3473035382519851,1.2339611152189986,1.5408941138394576,1.2347706269685843
2019-04-25,1.3414874174965246,1.2301770257927014,1.5308939258854855,1.2309840550776339
2019-04-26,1.3317402801681635,1.2236962289591578,1.5144366962071576,1.2244990066666954
2019-04-29,1.3523137256166136,1.2474011569744683,1.5267988940266584,1.2482194857536848
2019-04-30,1.34285207239092,1.2392675394719672,1.5147511895610497,1.240080532378883
2019-05-02,1.3497400838237774,1.2444869731634118,1.5251347824211845,1.2453033901595045
2019-05-03,1.3347228337248591,1.2338306293767127,1.5008345655146065,1.234640055524069
2019-05-07,1.3280983220370017,1.2235657431168718,1.50290350406847,1.2243684352221804
2019-05-08,1.3225261946657179,1.2185202905484755,1.4963954790653415,1.219319672700913
2019-05-09,1.2852636053565145,1.1787221086512114,1.4667970221431896,1.1794953821236744
2019-05-10,1.2869431177958854,1.1833326084119873,1.4616572274868456,1.1841089064965569
2019-05-13,1.2715835498612311,1.168805184637467,1.445142017429854,1.169571952340494
2019-05-14,1.272481040317616,1.1681527554260362,1.4480580568019783,1.169571952340494
2019-05-15,1.2738206889926627,1.172806750467574,1.4524107139845237,1.169571952340494
2019-05-16,1.2707474703930057,1.1569309729894306,1.4424255087135485,1.169571952340494
2019-05-17,1.2693814253243918,1.1497977469444567,1.437987086916597,1.169571952340494
2019-05-20,1.266061516025328,1.1524509590709406,1.427200358033766,1.169571952340494
2019-05-21,1.2681194108024687,1.1574964116393371,1.433886671131739,1.169571952340494
2019-05-22,1.2671031302785645,1.159801661519725,1.430584670536919,1.169571952340494
2019-05-23,1.2643898316564295,1.15862728893915,1.4217688825202464,1.169571952340494
2019-05-24,1.2649060365133686,1.1501022139097907,1.423446085521356,1.169571952340494
2019-05-27,1.2627037166891344,1.1500152233482666,1.4162905204991438,1.169571952340494
2019-05-28,1.263506821794524,1.1513200817711278,1.4188998920981504,1.169571952340494
2019-05-29,1.2531377164409623,1.1368361532773694,1.3852095957283315,1.169571952340494
2019-05-30,1.2554461291160852,1.147970945152451,1.392500175997429,1.169571952340494
2019-05-31,1.2530993739300538,1.1477969640294026,1.38508849989633,1.169571952340494
2019-06-03,1.2569093809931544,1.1663694489147929,1.3971215140184186,1.169571952340494
2019-06-04,1.257355255648182,1.164194684876691,1.3985297045891367,1.169571952340494
2019-06-05,1.2553226285821442,1.1656300291418382,1.3921101285134254,1.169571952340494
2019-06-07,1.2567988230475509,1.1668478970031753,1.3967723426655254,1.169571952340494
2019-06-10,1.2613882667199299,1.1835065895350356,1.4112670245933125,1.169571952340494
2019-06-11,1.2680379668550064,1.1883345656996214,1.4322685435689528,1.169571952340494
2019-06-12,1.2670149485727515,1.1862902875038057,1.4290375801524418,1.169571952340494
2019-06-13,1.2678059741510537,1.179287547301118,1.4315358489999792,1.169571952340494
2019-06-14,1.2662406282420868,1.1764603540515854,1.4265920709133257,1.169571952340494
2019-06-17,1.265068283920766,1.174764038101866,1.4228894962091934,1.169571952340494
2019-06-18,1.2675353033675696,1.180287938758645,1.4306809987841766,1.169571952340494
2019-06-19,1.268694889735279,1.1974685746596494,1.4343432804826979,1.169571952340494
2019-06-20,1.2689923832580772,1.200513244312992,1.435282844032522,1.169571952340494
2019-06-21,1.2682118695794127,1.1982079944326043,1.432817774555666,1.169571952340494
2019-06-24,1.2779451490150298,1.1986429472402242,1.4635580558630987,1.169571952340494
2019-06-25,1.2757630596963825,1.197338088817363,1.4566664383012211,1.169571952340494
2019-06-26,1.2761788801698883,1.198425470836414,1.4579797097852578,1.169571952340494
2019-06-27,1.2757516626515186,1.2080814231655865,1.4566304434068478,1.169571952340494
2019-06-28,1.2742118698180271,1.2069940411465356,1.4517673687186308,1.169571952340494
2019-07-01,1.2748717675394936,1.2059936496890087,1.4539155155768893,1.169571952340494
2019-07-02,1.2752007613178968,1.200339263189944,1.4549864799528425,1.169571952340494
2019-07-03,1.2698063616960988,1.1846809621156105,1.4374262395961943,1.169571952340494
2019-07-04,1.271963513066693,1.1941194380409725,1.4444483549767904,1.169571952340494
2019-07-05,1.2765108612578469,1.193293027706494,1.45925121216582,1.169571952340494
2019-07-08,1.2669892148658488,1.1680657648645123,1.4282556591929079,1.169571952340494
2019-07-09,1.2634822861686366,1.1644556565612634,1.4168396508964838,1.169571952340494
2019-07-10,1.2624771924850788,1.168935670479753,1.413567797140432,1.169571952340494
2019-07-11,1.2680185359462812,1.1821147405506502,1.431606379726017,1.169571952340494
2019-07-12,1.2706269720221333,1.1860293158192337,1.4400975497650004,1.169571952340494
2019-07-15,1.2686799515560592,1.1858553346961855,1.4337594677242453,1.169571952340494
2019-07-16,1.269344476083367,1.1919881692836327,1.4359226760959907,1.169571952340494
2019-07-17,1.2673134650800186,1.1808098821277893,1.4293111819749995,1.169571952340494
2019-07-18,1.2664943638018886,1.177286764386064,1.42664478416823,1.169571952340494
2019-07-19,1.2713089431890134,1.1941629333217345,1.4423175517015145,1.169571952340494
2019-07-22,1.2681027485245535,1.1941629333217345,1.431880514610192,1.169571952340494
2019-07-23,1.2769101403879952,1.2001217867861338,1.46055097450943,1.169571952340494
2019-07-24,1.2736668776936235,1.1883780609803838,1.449993270882361,1.169571952340494
2019-07-25,1.2666841314338018,1.187595145926667,1.4272625295082009,1.169571952340494
2019-07-26,1.2649018284215174,1.184159018746466,1.4214606476532454,1.169571952340494
2019-07-29,1.2588690116056598,1.1645861424035493,1.401822185406954,1.169571952340494
2019-07-30,1.2573620544296737,1.1698055760949937,1.3970276641064168,1.169571952340494
2019-07-31,1.257123563702891,1.158453307816102,1.396268884170423,1.169571952340494
2019-08-01,1.257134958959265,1.1558000956896177,1.39630513921488,1.169571952340494
2019-08-02,1.2471225769392933,1.1438823887608196,1.364449835276026,1.169571952340494
2019-08-05,1.2433773575722697,1.1186551259188378,1.3525340792634968,1.169571952340494
2019-08-06,1.2461487386319576,1.1022139097907877,1.3613514801387974,1.169571952340494
2019-08-07,1.2384690495093649,1.0960810752033405,1.3369178507918422,1.169571952340494
2019-08-08,1.2388471472493834,1.097820886433822,1.3381208031365348,1.169571952340494
2019-08-09,1.242315442888417,1.108477230220521,1.3491555011245702,1.169571952340494
2019-08-12,1.2382259922571457,1.1106519942586228,1.336144542039885,1.169571952340494
2019-08-13,1.234004492713784,1.0996911835065897,1.3227134573326422,1.169571952340494
2019-08-14,1.2321571539131093,1.1085207255012832,1.3168359809382986,1.169571952340494
2019-08-16,1.2302171375497883,1.1043451785481275,1.3106636424501474,1.169571952340494
2019-08-19,1.2397635213425766,1.1096081075203341,1.3410363306505808,1.169571952340494
2019-08-20,1.2400691874974146,1.122395720064373,1.3420088353199748,1.169571952340494
2019-08-21,1.2427068838577644,1.1238310643295202,1.3504009061668267,1.169571952340494
2019-08-22,1.2405801668737055,1.1146970553694924,1.3436345626749402,1.169571952340494
2019-08-23,1.2395936450016103,1.113957635596538,1.340495853622965,1.169571952340494
2019-08-26,1.2337299211447195,1.0969074855378191,1.321839882915677,1.169571952340494
2019-08-27,1.2292090939439195,1.1026053673176461,1.3074564600449499,1.169571952340494
2019-08-28,1.233871800303151,1.1114349093123397,1.3222912843609493,1.169571952340494
2019-08-29,1.235760297732002,1.1061284850593711,1.3280736486693092,1.169571952340494
2019-08-30,1.2428064351386097,1.1265277717367665,1.349648119902007,1.169571952340494
2019-09-02,1.2435847434844276,1.1268757339828628,1.3520312115234212,1.169571952340494
2019-09-03,1.2434187898818865,1.1232656256796139,1.3515230804698557,1.169571952340494
2019-09-04,1.2474392203308622,1.1382280022617546,1.363833181175974,1.169571952340494
2019-09-05,1.2480865899991893,1.1501892044713147,1.3658153534613378,1.169571952340494
2019-09-06,1.2490000868659439,1.1549301900743767,1.368612376956008,1.169571952340494
2019-09-09,1.2495399158592257,1.1630638075768778,1.3702652719272606,1.169571952340494
2019-09-10,1.2588320877047519,1.168979165760515,1.3987168451228935,1.169571952340494
2019-09-11,1.262195996964664,1.1780261841590187,1.4090167526281483,1.169571952340494
2019-09-16,1.269230148447913,1.1831586272889392,1.4305545243269346,1.169571952340494
2019-09-17,1.269400705968351,1.1816797877430298,1.4310767520533993,1.169571952340494
2019-09-18,1.2681498659661083,1.187682136488191,1.4272468222510395,1.169571952340494
2019-09-19,1.2652149022618324,1.19577225870993,1.4182602972440854,1.169571952340494
2019-09-20,1.2733256176639667,1.2023835413857595,1.4430943852020988,1.169571952340494
2019-09-23,1.2722850819857967,1.2032969422817623,1.4399083833176876,1.169571952340494
2019-09-24,1.268858127645132,1.2090383193423515,1.429415438946619,1.169571952340494
2019-09-25,1.2508829499058018,1.1935974946718282,1.40573942608654,1.1546351590505388
2019-09-26,1.2540533583417524,1.1956417728676438,1.4112947123502575,1.1566127063311806
2019-09-27,1.2335405218433733,1.1801574529163585,1.3799370205152164,1.1416338375671695
2019-09-30,1.2437348948145215,1.189813405245531,1.391538777570406,1.1509745928076485
2019-10-01,1.2496124831622366,1.1935974946718282,1.4021084799697117,1.1546351590505386
2019-10-02,1.2243039071811304,1.1680657648645123,1.3766601738253308,1.1299368557795428
2019-10-04,1.2170923517869585,1.1630203122961158,1.3645658958693248,1.1250561007890223
2019-10-07,1.2177287767286544,1.164238180157453,1.3639551232371692,1.1262342140625963
2019-10-08,1.2152240956274887,1.180287938758645,1.3559484539880702,1.1262342140625963
2019-10-10,1.2072902358072457,1.1691531468835632,1.3305864262952702,1.1262342140625963
2019-10-11,1.2130256205666714,1.1800269670740726,1.3489206281078963,1.1262342140625963
2019-10-14,1.2232365654005244,1.1927710843373496,1.3815617727100582,1.1262342140625963
2019-10-15,1.224608004041224,1.1932495324257317,1.385945826067751,1.1262342140625963
2019-10-16,1.2277095962329925,1.201861598016615,1.39586063031709,1.1262342140625963
2019-10-17,1.2280157327402978,1.1985994519594623,1.3968392514109798,1.1262342140625963
2019-10-18,1.225303231681202,1.1865947544691402,1.3881682478217803,1.1262342140625963
2019-10-21,1.226383716021107,1.1908572919838198,1.3916222127734152,1.1262342140625963
2019-10-22,1.2298186324089726,1.2066025836196772,1.4026025485148188,1.1262342140625963
2019-10-23,1.2243251770357737,1.201470140489757,1.3850417180412644,1.1262342140625963
2019-10-24,1.2293484876750245,1.2035144186855726,1.4010996452581226,1.1262342140625963
2019-10-25,1.2266237611543493,1.205123744073768,1.3890081636986156,1.1277402012660773
2019-10-28,1.2198718001810827,1.2082119090078727,1.3609356641138741,1.1306300686024864
2019-10-29,1.2205393689131465,1.207211517550346,1.3651716186533387,1.1296939143949174
2019-10-30,1.2089461225267077,1.1983384802748902,1.3467550737807203,1.121390633597347
2019-10-31,1.2078455214878552,1.1996868339785132,1.3404037397392572,1.1226524066597228
2019-11-01,1.2130422998773194,1.211039102257405,1.333325521719475,1.1332757217977907
2019-11-04,1.232567511285421,1.2289156626506026,1.3581408264214918,1.1500043904634842
2019-11-05,1.2406569032575145,1.236918794310817,1.3671836179285857,1.1574936241240374
2019-11-06,1.2392774764876768,1.2375277282414858,1.3615463357783049,1.1580634571199493
2019-11-07,1.2412075900932007,1.236875299030055,1.3690199365199258,1.1574529217671867
2019-11-08,1.2417210627100168,1.2314818842155626,1.3818392136387359,1.1524058295176833
2019-11-11,1.2347634971907628,1.2215649602018182,1.3803561858158455,1.1431256921556932
2019-11-12,1.2442808709937752,1.2337436388151883,1.3852625309942974,1.1545223520739265
2019-11-13,1.2334382856582864,1.2234352572745855,1.3722735062485394,1.1448758935002785
2019-11-14,1.2413022587893077,1.2349615066765256,1.3732911762258277,1.15566201806575
2019-11-15,1.2547508008079573,1.24957592101257,1.3856080134817312,1.1693380099676305
2019-11-18,1.2530667618690394,1.249097472924188,1.3812611866628746,1.1688902840422715
2019-11-19,1.2490125266996692,1.2449654212517942,1.3769802999222969,1.165023560141442
2019-11-20,1.2355808339223993,1.2274803183854552,1.3706734961120073,1.1486612126874065
2019-11-21,1.2168158094726151,1.2103866730459745,1.3466439921296867,1.1326651864450283
2019-11-22,1.2212089004177713,1.215388630333609,1.3501942582927606,1.1373459574828746
2019-11-25,1.2358122573653616,1.227393327823931,1.371587775496673,1.1485798079737048
2019-11-26,1.238387334723211,1.2258274977164976,1.3830016525254136,1.1471145231270747
2019-11-27,1.267140972538947,1.2302640163542256,1.4649653612660463,1.15126616352586
2019-11-28,1.245640316091741,1.2232177808707756,1.4114138351296812,1.144672381716025
2019-11-29,1.2244211733746662,1.2038623809316689,1.384296125929914,1.1265598329174034
2019-12-02,1.2278259893130108,1.2067330694619633,1.38916405482443,1.1292461884695586
2019-12-03,1.2225339175803316,1.2012961593667086,1.3836800418310204,1.124158393863204
2019-12-04,1.213963159570684,1.1924231220912531,1.374943013034615,1.1158551130656338
2019-12-05,1.2148420490171765,1.18872602322648,1.3856771227856477,1.112395412733313
2019-12-06,1.2272414943965346,1.202905484754904,1.3954497837872728,1.125664381066685
2019-12-09,1.2303174591007677,1.2092992910269236,1.3917318741794027,1.131647627523758
2019-12-10,1.2357261609451764,1.2148666869644644,1.39731397521368,1.1368575292006649
2019-12-11,1.243367789519094,1.2190857291983819,1.4129882834366987,1.140805657815196
2019-12-12,1.2616360683335262,1.240093949806446,1.4271357370415891,1.160464896174149
2019-12-13,1.2833441016032696,1.2618415901874647,1.450815280511101,1.1808160745995664
2019-12-16,1.2797103319764975,1.2603192553607934,1.4423283888066352,1.1793914921097872
2019-12-17,1.2914354526605787,1.2805010656343787,1.4371048889294933,1.1982773856885744
2019-12-18,1.2929925103985507,1.2797181505806623,1.443806412117715,1.1975447432652595
2019-12-19,1.2941700287861084,1.2801096081075203,1.4467740847782085,1.1979110644769169
2019-12-20,1.295869990992632,1.284459136183724,1.4429769395240235,1.2019813001620003
2019-12-23,1.2971866461473025,1.2825453438301944,1.4513168897853082,1.2001903964605634
2019-12-24,1.2918095969209897,1.273976773520073,1.4522460100366796,1.192172032160949
2019-12-26,1.2974327122634932,1.2790222260884694,1.4596353153593562,1.1968935055556458
2019-12-27,1.3083058271887804,1.2839806880953417,1.4841689647096195,1.2015335742366409
2019-12-30,1.3038606192064799,1.2777608629463701,1.4830924025073502,1.1957131372069716
2020-01-02,1.284931858084358,1.2628854769257538,1.4537148506111859,1.1817929311639863
2020-01-03,1.2870934290764389,1.264581792875473,1.4570756790745791,1.1833803230811686
2020-01-06,1.2741994645957897,1.2545343830194424,1.4368756848616122,1.1739780786486258
2020-01-07,1.2863122536814273,1.2667130616328128,1.4499944147807644,1.1853747385668596
2020-01-08,1.2721189793019896,1.258840415814884,1.4209453323939818,1.1780076119768583
2020-01-09,1.2857734295150087,1.280544560915141,1.4186841590741452,1.1983180880454252
2020-01-10,1.296423120270464,1.2920708103170808,1.4284682470328163,1.2091042126108964
2020-01-13,1.3024334871835852,1.305423861511026,1.4193506994494574,1.2215998361641025
2020-01-14,1.3074465738212708,1.311513200817711,1.4225376294409067,1.2272981661232192
2020-01-15,1.3019033489000225,1.3037275455613067,1.4212633867787474,1.2200124442469202
2020-01-16,1.3097304279313748,1.3169501109129658,1.4182972088662558,1.2323859607295737
2020-01-17,1.3125925733992292,1.3192118655125917,1.4227138288389558,1.2345024832858174
2020-01-20,1.318504598999724,1.3291287895263364,1.4206240411190292,1.2437826206478075
2020-01-21,1.3078247724604624,1.3140359271019095,1.418367132071916,1.229658902820568
2020-01-22,1.3183354487986887,1.3313035535644382,1.415428131518403,1.2458177384903493
2020-01-23,1.3046168701135383,1.314992823278674,1.405952143544724,1.2305543546712863
2020-01-28,1.2612632137709503,1.2734113348701666,1.3547054277165007,1.1916429015218886
2020-01-29,1.265150029626891,1.2786742638423734,1.3560184234021408,1.1965678867008398
2020-01-30,1.246258199077889,1.2542734113348701,1.3471149898984347,1.1737338645075213
2020-01-31,1.229830768804292,1.2375712235222478,1.3297196347002997,1.158104159476801
2020-02-03,1.2301420163956034,1.2398329781218738,1.3258906186947377,1.1602206820330443
2020-02-04,1.247561369979684,1.2643208211909007,1.3298483863972075,1.1831361089400643
2020-02-05,1.25469061489723,1.2701491888130136,1.3401760736176944,1.1885902247580762
2020-02-06,1.2939955624401935,1.307685616110652,1.3865595468836562,1.2237163587203468
2020-02-07,1.2830108974280372,1.2970727676047147,1.373835793825747,1.2137849836487429
2020-02-10,1.2734855362703288,1.2885041972945936,1.3615632059108578,1.2057666193491285
2020-02-11,1.2849960583045588,1.3017267626462528,1.3707906977579811,1.2181401358317818
2020-02-12,1.299576231457427,1.3115566960984733,1.3959942554943574,1.2273388684800706
2020-02-13,1.290014135752503,1.308903483971989,1.3720547557640612,1.2248560247121696
2020-02-14,1.2908108890562362,1.317950502370493,1.3568089399305132,1.2333221149371434
2020-02-17,1.289729022347292,1.316863120351442,1.3556380989589316,1.2323045560158725
2020-02-18,1.2713255490626294,1.2950284894088993,1.3422402374399058,1.2118719728767535
2020-02-19,1.270044466159903,1.2975947109738593,1.3333257322947958,1.2142734119309522
2020-02-20,1.2593757958466487,1.290287503805837,1.3151071466817366,1.2074354159800122
2020-02-21,1.2424419218220017,1.2718890000434955,1.2994729745879101,1.1902183190321092
2020-02-24,1.1936603980925677,1.2223043799747726,1.2477625710642135,1.1438176322221574
2020-02-25,1.2102830833936884,1.2363098603801488,1.2710302997642378,1.1569237911281263
2020-02-26,1.1952355293279198,1.2176068896524728,1.2617358388877102,1.1394217776822673
2020-02-27,1.1891337158353603,1.205210734635292,1.2673667772548993,1.1278216059797792
2020-02-28,1.1536702334608187,1.1657605149841244,1.2364212446660692,1.0909045683160723
2020-03-02,1.156984022858851,1.1759819059632028,1.2265472877185022,1.1004696221760182
2020-03-03,1.1587110976511459,1.1811578443738855,1.2216966041744606,1.1053132026412678
2020-03-04,1.1647978636483762,1.209734243834544,1.2402344289822889,1.1053132026412678
2020-03-05,1.1636025290874232,1.223870210082206,1.23659800385551,1.1053132026412678
2020-03-06,1.1547433569354828,1.1965551737636466,1.209646790974914,1.1053132026412678
2020-03-09,1.1547433569354828,1.1444043321299642,1.209646790974914,1.1053132026412678
2020-03-10,1.1369277059924912,1.1511895959288416,1.155448340720645,1.1053132026412678
2020-03-11,1.1315329712142115,1.1178722108651211,1.1390365763988597,1.1053132026412678
2020-03-12,1.1315329712142115,1.077030142229568,1.1390365763988597,1.1053132026412678
2020-03-13,1.0940850555601416,1.0467139315384282,1.0251132064250221,1.1053132026412678
2020-03-16,1.0857129765277218,1.0133095559131835,0.9996438194003563,1.1053132026412678
2020-03-17,1.074639658627743,0.9868644252098646,0.96595677247335,1.1053132026412678
2020-03-18,1.0600718075279314,0.9387586446870515,0.9216387200108702,1.1053132026412678
2020-03-19,1.024679715579965,0.8667739550258797,0.8139695396382619,1.1053132026412678
2020-03-20,1.0527463605127405,0.9293636640424513,0.8993533779308328,1.1053132026412678
2020-03-23,1.0264748484649993,0.8780392327432474,0.8194306603506442,1.1053132026412678
2020-03-24,1.0432797037025334,0.9583750163107303,0.8705540862381492,1.1053132026412678
2020-03-25,1.068291296148025,1.012961593667087,0.946643899250022,1.1053132026412678
2020-03-26,1.0685638487341562,0.9975207689965638,0.9474730537854569,1.1053132026412678
2020-03-27,1.0766583082594687,1.0168761689356705,0.9720978717795715,1.1053132026412678
2020-03-30,1.0794734909444792,1.0110478013135575,0.9806621694972614,1.1053132026412678
2020-03-31,1.0927503907902392,1.0300552390065678,1.021052913463,1.1053132026412678
2020-04-01,1.0807982370687268,0.9845156800487148,0.9846922881353243,1.1053132026412678
2020-04-02,1.0975074349250868,1.0083945891870734,1.035524706872341,1.1053132026412678
2020-04-03,1.09718335127784,1.0077856552564046,1.0346510476458899,1.1053132026412678
2020-04-06,1.1103419143444655,1.0474098560306209,1.0701236798742046,1.1053132026412678
2020-04-07,1.1175262349475554,1.0650689400200077,1.0894910501009805,1.1053132026412678
2020-04-08,1.112743083219725,1.0521073463529207,1.076596710401846,1.1053132026412678
2020-04-09,1.118563462778786,1.0682875907963987,1.0922871913823589,1.1053132026412678
2020-04-10,1.134617782803472,1.0786829628985255,1.1355661563444053,1.1053132026412678
2020-04-13,1.1306527010541565,1.0586751337479885,1.1248771558861856,1.1053132026412678
2020-04-14,1.1348936617923262,1.0762907224566134,1.1363098662663476,1.1053132026412678
2020-04-16,1.1270029870428893,1.074768387629942,1.1150383184535044,1.1053132026412678
2020-04-17,1.132580476387921,1.1092166499934757,1.1300740200944734,1.1053132026412678
2020-04-20,1.1304766857271877,1.0966900091340088,1.1244026567384826,1.1053132026412678
2020-04-21,1.1202482713012856,1.0847723022052107,1.0968290697615684,1.1053132026412678
2020-04-22,1.1172060653325184,1.095559131834196,1.0886279422565008,1.1053132026412678
2020-04-23,1.1228605259337026,1.103649254055935,1.1038711417107057,1.1053132026412678
2020-04-24,1.1180676263139473,1.08859988691227,1.0909505238090422,1.1053132026412678
2020-04-27,1.1429724821760725,1.108433734939759,1.1580886139046893,1.1053132026412678
2020-04-28,1.148136574106808,1.1151755034578748,1.1720098857734091,1.1053132026412678
2020-04-29,1.1511267503933555,1.1228306728719935,1.1800707525392917,1.1053132026412678
2020-05-04,1.139355813697749,1.089991735896655,1.1483388600619848,1.1053132026412678
2020-05-06,1.1408608281975858,1.1091296594319517,1.1523960527494141,1.1053132026412678
2020-05-07,1.1479837274524833,1.1067809142708016,1.171597844342386,1.1053132026412678
2020-05-08,1.1515230435381119,1.1161758949154017,1.1819181874851556,1.1053132026412678
2020-05-11,1.1468253737736678,1.1089121830281414,1.168220184038293,1.1053132026412678
2020-05-12,1.1377506919037859,1.1020399286677396,1.141759187466404,1.1053132026412678
2020-05-13,1.1387703453609026,1.1128267582967248,1.1447324097809877,1.1053132026412678
2020-05-14,1.1279127371782325,1.1032577965290766,1.1130725524967249,1.1053132026412678
2020-05-15,1.1309077830634995,1.1038667304597451,1.1218058502628683,1.1053132026412678
2020-05-18,1.125787870556799,1.1110434517854813,1.1068766230755418,1.1053132026412678
2020-05-19,1.1435543768094827,1.1386629550693752,1.1586822365160525,1.1053132026412678
2020-05-20,1.141492244181019,1.1427080161802445,1.152669234055474,1.1053132026412678
2020-05-21,1.1413312981815686,1.1471445348179723,1.1521999292797502,1.1053132026412678
2020-05-22,1.1339499491001248,1.129224479144013,1.130676546362246,1.1053132026412678
2020-05-25,1.1362742578611678,1.1428819973032927,1.1374540320129651,1.1053132026412678
2020-05-26,1.1460183040145369,1.1626723500500196,1.1658668376140482,1.1053132026412678
2020-05-27,1.1529592085094946,1.1641076943151667,1.1861059217693233,1.1053132026412678
2020-05-28,1.1582226318122073,1.1669348875646994,1.2014536141696177,1.1053132026412678
2020-05-29,1.1599820928723052,1.1670653734069851,1.2065840522111035,1.1053132026412678
2020-06-01,1.167057356357577,1.1882475751380976,1.2272149156962855,1.1053132026412678
2020-06-02,1.184610986794377,1.200817711278326,1.2783998014556377,1.1053132026412678
2020-06-03,1.2250164449009888,1.2435735722674093,1.3962186631826963,1.1053132026412678
2020-06-04,1.2068170995414178,1.2459223174285592,1.343150927908303,1.1053132026412678
2020-06-05,1.2202128767938665,1.2640598495063284,1.350537271739055,1.1214038155056911
2020-06-08,1.2201135180765696,1.2647122787177592,1.3489285232930925,1.1219826145295912
2020-06-09,1.2148656109570526,1.2671045191596713,1.3275864016170673,1.124104877617225
2020-06-10,1.2086504739167085,1.269627245443869,1.3029267004666092,1.1263429005096388
2020-06-11,1.1960551704811857,1.255360793353921,1.2914040017247694,1.1136864951870231
2020-06-12,1.1609984285744228,1.2256100213126873,1.2395754223707633,1.0872932596971774
2020-06-15,1.106998634147531,1.1654560480187899,1.1881691134343226,1.033927989693586
2020-06-16,1.1677449888769822,1.2291331390544125,1.2539195120678457,1.0904187744262381
2020-06-17,1.1635605428981617,1.2310034361271802,1.236976009639559,1.0920779982947517
2020-06-18,1.1634315213883457,1.2261754599625942,1.2461476489817358,1.087794885517891
2020-06-19,1.160922221740563,1.2325257709538515,1.2256122409232766,1.0934285293505186
2020-06-22,1.1506686661725227,1.2240441912052544,1.21001653694719,1.0859041420398172
2020-06-23,1.147357315952592,1.2263059458048802,1.195057296448777,1.0879106453226708
2020-06-24,1.1646269445813666,1.24700969944761,1.2085887503461066,1.1062778676811014
2020-06-25,1.1334287457043066,1.21669348875647,1.1700839779073233,1.0793830063705425
2020-06-26,1.1491474275039575,1.2325692662346135,1.1882905181790746,1.0934671159521119
2020-06-29,1.1279697698805973,1.2093427863076858,1.1674062879417462,1.0728618707012678
2020-06-30,1.1359023696539023,1.2182593188639033,1.174799404822112,1.0807721240279027
2020-07-01,1.1376958214787585,1.2189987386368577,1.1790036830005477,1.0814280962549894
2020-07-02,1.1496912010168803,1.2346570397111916,1.185867543870829,1.0953192728285928
2020-07-03,1.155105414335383,1.2434865817058849,1.1854693760647288,1.1031523529520408
2020-07-06,1.174412708277611,1.2640598495063284,1.2057034461723515,1.1214038155056916
2020-07-07,1.1599516699501846,1.2473141664129441,1.1929487560185812,1.1065479738922552
2020-07-08,1.1574524288489707,1.2438345439519813,1.1917816375990975,1.103461045764788
2020-07-09,1.1607890226980087,1.249401939889522,1.191706640850238,1.1084001307687357
2020-07-10,1.1442893924327882,1.239876473402636,1.16018227762769,1.099949665019794
2020-07-13,1.1664467316609457,1.2606672176068894,1.188346832831113,1.1183940605814109
2020-07-14,1.1644860644707689,1.2597538167108868,1.1842136749564307,1.1175837419479508
2020-07-15,1.1823845261187458,1.2712365708320648,1.216374033653831,1.127770604768593
2020-07-16,1.1756482222264064,1.2581009960419296,1.2198830898511828,1.1161174510874037
2020-07-17,1.1797075738818825,1.2681919011787222,1.2139151627507307,1.125069542657059
2020-07-20,1.1842746156876869,1.2648862598408073,1.233167153243799,1.1221369609359648
2020-07-21,1.1951615572825385,1.2838067069722936,1.2315856698610348,1.1389221326290686
2020-07-22,1.1990813534252251,1.2789352355269454,1.2517128367572417,1.1346004332506145
2020-07-23,1.1889970983928637,1.2716715236396852,1.235000000894995,1.1281564707845262
2020-07-24,1.1917095170211993,1.2642338306293768,1.2561314271677424,1.121558161912065
2020-07-27,1.2074628098350868,1.2766299856465573,1.2803814271099274,1.1325553433661668
2020-07-28,1.2197164623819776,1.305423861511026,1.26531901940135,1.1580996736209588
2020-07-29,1.2213468734500532,1.3102953329563742,1.2614720966374287,1.1624213729994133
2020-07-30,1.2218314438869156,1.3129050498020964,1.2582706027169277,1.1647365690950136
2020-07-31,1.210143699018536,1.301900743769301,1.243480413662585,1.1549741588918983
2020-08-03,1.2034091727511176,1.3025096776999694,1.2226475751857382,1.1555143713142046
2020-08-04,1.2169558342927103,1.318080988212779,1.2348004443027354,1.1693283746846215
2020-08-05,1.2225015932171066,1.3337392892871125,1.2236354563964018,1.1832195512582242
2020-08-06,1.2400058232222977,1.354095080683746,1.2389658249653495,1.2012780808039079
2020-08-07,1.240604281569666,1.3595319907790004,1.231241627775178,1.2061014060030755
2020-08-10,1.2635797065191845,1.3778000086990563,1.2660655125425986,1.2223077786722791
2020-08-11,1.291206458453781,1.396285503022922,1.3139954051968115,1.2387070843494492
2020-08-12,1.2987745279563527,1.4035057196294203,1.3233737745098542,1.245112460213944
2020-08-13,1.2985990732803716,1.4063329128789526,1.3179463663583966,1.2476205893175114
2020-08-14,1.2834120223324184,1.3885433430472793,1.3048688689107635,1.2318386692658347
2020-08-18,1.2429013466771428,1.3607063633595755,1.2358577303727662,1.207143244246096
2020-08-19,1.244481304318281,1.3637510330129181,1.2351409632945831,1.20984430635763
2020-08-20,1.1940404548817636,1.3117741725022833,1.1793405022725203,1.1637333174535869
2020-08-21,1.2094548771566094,1.3316515158105349,1.1894448439754475,1.1813673943817442
2020-08-24,1.2198511099190363,1.3454395198121003,1.1955955121332276,1.1935993470868334
2020-08-25,1.2422549421581124,1.3639685094167282,1.2283082886495458,1.2100372393655967
2020-08-26,1.2405248529917257,1.3665782262624506,1.2187523019841613,1.2123524354611972
2020-08-27,1.2267939765379925,1.354356052368318,1.200210139475578,1.2015096004134684
2020-08-28,1.231748332530485,1.3580966465138533,1.2080651103246478,1.204828048150496
2020-08-31,1.2138954949979741,1.3359140533252143,1.194902389908144,1.1851488813378916
2020-09-01,1.2236856217009835,1.3475272932886782,1.2030795938213532,1.195451503963314
2020-09-02,1.233134061707393,1.3548779957374626,1.2176822091570665,1.201972639632589
2020-09-03,1.2463761504398907,1.376321169153147,1.218764637857546,1.2209958342181062
2020-09-04,1.2522030330348919,1.3571832456178503,1.266517206115424,1.2040177295170358
2020-09-07,1.2618241332701092,1.3643164716628247,1.2816661907420561,1.210345932178344
2020-09-08,1.2602267547561357,1.3804532208255405,1.2506657729931412,1.2246615613694738
2020-09-09,1.2508909098873513,1.3647514244704448,1.2504051349746834,1.2107317981942776
2020-09-10,1.260142964892783,1.3767561219607671,1.2565117168385092,1.22138170023404
2020-09-11,1.257799880058674,1.376408159714671,1.250537734584052,1.221073007421293
2020-09-14,1.2734205023264806,1.3961115218998739,1.2617763320537856,1.2385527379430767
2020-09-15,1.2804436467221016,1.4064633987212387,1.264373813461177,1.247736349122292
2020-09-16,1.274883351597046,1.4018963942412248,1.2563498353364584,1.243684755954991
2020-09-17,1.2583182170980218,1.3831499282327868,1.2408987574977606,1.2270539306682609
2020-09-18,1.2570378677666958,1.384846244182506,1.2345319915572068,1.228558808130401
2020-09-21,1.2497607966741424,1.3739724239919968,1.2320834363042183,1.2189121577320658
2020-09-22,1.2222879462073415,1.3432212604932363,1.2059001126433115,1.1916314304055733
2020-09-23,1.2233964833996986,1.3467878735157235,1.2031317460312405,1.1947955317362273
2020-09-24,1.1957343616244187,1.315645252490105,1.177063396164475,1.1671675249953948
2020-09-25,1.201659554426825,1.3203862380931668,1.1858207231644584,1.171373464569069
2020-09-28,1.2152964870021394,1.3354356052368317,1.1991708918093917,1.184724428720365
2020-09-29,1.227631294000586,1.345917967900483,1.2163937579508273,1.1940237997043608
2020-10-05,1.2494902549414375,1.363620547170632,1.2483516958145155,1.2097285465528507
2020-10-06,1.252855426651742,1.3677091035622633,1.2510296629457693,1.2133556871026248
2020-10-07,1.2618855598241496,1.3803227349832543,1.2555148107473868,1.224545801564694
2020-10-08,1.2635882761295543,1.3808446783523989,1.259473475768493,1.225008840783814
2020-10-12,1.2692737304863138,1.388151885520421,1.2632921319905006,1.2314913898514954
2020-10-13,1.269014162764035,1.3900221825931887,1.2593949086973055,1.233150613720009
2020-10-14,1.2554851329734869,1.3769301030838152,1.243051105781582,1.2215360466404133
2020-10-15,1.2504301298599505,1.3654038536818758,1.2481515402357495,1.2113105972181781
2020-10-16,1.2432464684698505,1.3563133400026097,1.2430863025449617,1.2032459974851695
2020-10-19,1.2534171076557254,1.3596189813405246,1.2664146054080918,1.2061785792062636
2020-10-20,1.2595524870135026,1.3688399808620766,1.2682794531368697,1.214358938744052
2020-10-21,1.2699937936465564,1.3734069853420903,1.290246466003256,1.2184105319113527
2020-10-22,1.2708637046316087,1.3647514244704448,1.3073405344011433,1.2107317981942778
2020-10-23,1.2841861291923704,1.3691879431081728,1.3377181733704588,1.214667631556799
2020-10-26,1.2741939532888649,1.363707537732156,1.3185708487634071,1.209805719756038
2020-10-27,1.2572754782207132,1.3561828541603238,1.2831872447412842,1.20313023768039
2020-10-28,1.2678193971210392,1.3621417076247226,1.3030948146305323,1.2084166020986777
2020-10-29,1.2504272841777742,1.3480927319385847,1.2773857638053636,1.1959531297840282
2020-10-30,1.223974803465538,1.3118176677830455,1.2634654185232723,1.1637719040551815
2020-11-02,1.2511062299163747,1.3307381149145316,1.3086316014720303,1.180557075748285
2020-11-03,1.2723960969511754,1.3573572267408986,1.3241871293100531,1.2041720759234102
2020-11-04,1.2727429295140447,1.3650123961550171,1.31224180247439,1.2109633178038381
2020-11-05,1.2979574703704817,1.3984167717802618,1.3274922612649107,1.2405978278275247
2020-11-06,1.2994187670444426,1.400982993345222,1.3273114003093591,1.2428744373215317
2020-11-09,1.313644364487907,1.417206733069462,1.3402830117818507,1.257267239715848
2020-11-10,1.328408003054879,1.418511591492323,1.3810744116433165,1.258424837763648
2020-11-11,1.3532543469490264,1.4402157365925796,1.4153996979163503,1.2776795519587254
2020-11-12,1.3420758281533098,1.4341263972858946,1.3934895891044,1.2722774277356577
2020-11-13,1.3443276079313013,1.4485233352181288,1.3747301679502086,1.2850495928630539
2020-11-16,1.3739123439277192,1.4815797485972773,1.4029101903666614,1.3143754100739933
2020-11-17,1.374013602725927,1.4781871166978384,1.4091749922913668,1.3113656551497126
2020-11-18,1.372507515298151,1.4786655647862206,1.4039376954838036,1.3117901077672391
2020-11-19,1.369675714209324,1.4795354704014614,1.3941425762791215,1.312561839799106
2020-11-20,1.373756009432445,1.4815362533165153,1.4025304616414607,1.3143368234723996
2020-11-23,1.404000397017249,1.5156365534339522,1.4307989574462732,1.344588719121579
2020-11-24,1.4089460884925993,1.523552694532643,1.4313045012865706,1.351611480611567
2020-11-25,1.4046831454848923,1.51494062894176,1.4340160081296072,1.3439713334960859
2020-11-26,1.4120915033443169,1.5315558261928581,1.4264029283407975,1.3587114153047424
2020-11-27,1.4086626313082535,1.5342090383193425,1.4117275749118272,1.3610651980019361
2020-11-30,1.377512035093523,1.5051541907703017,1.3719369418206346,1.335289348137584
2020-12-01,1.4043433940862984,1.532773694054195,1.4016474636860285,1.3597918401493554
2020-12-02,1.428099472843388,1.5600017398112305,1.4230716271062382,1.3839470527467872
2020-12-03,1.43320742618651,1.573050324039842,1.4150202772276257,1.3955230332247899
2020-12-04,1.4515878494858512,1.5990170066547778,1.422975084600463,1.4185592343760147
2020-12-07,1.450485079126673,1.6087164542647123,1.4026906583610375,1.4271640465313298
2020-12-08,1.426145011082112,1.580835979296246,1.3805859897060637,1.4024300349099976
2020-12-09,1.45415960382454,1.6157191944674005,1.4015038157347455,1.4333764893878578
2020-12-10,1.4489425955043522,1.6065851855073725,1.401879945615994,1.425273303053256
2020-12-11,1.4650921286278669,1.6190683310860772,1.4262870996927022,1.436347657710545
2020-12-14,1.4568758269939959,1.6161106519942585,1.4083748475834637,1.4337237688021978
2020-12-15,1.455536954793715,1.61315297290244,1.4094649203001128,1.4310998798938503
2020-12-16,1.463655327593567,1.620329694228176,1.4202746938838502,1.4374666691567515
2020-12-17,1.460397472420205,1.6180244443477885,1.4150061406009231,1.4354215792723046
2020-12-18,1.4588909713952496,1.6160671567134965,1.4140131198157346,1.433685182200604
2020-12-21,1.4613627511529992,1.6188073594015049,1.4164054284512462,1.4361161381009846
2020-12-22,1.4406067172732966,1.5937975729633336,1.3995549293871863,1.4139288421848135
2020-12-23,1.4520099342374482,1.6150667652559696,1.3966207622233007,1.4327976903639572
2020-12-24,1.4791689530627363,1.6492540559349311,1.4163015506596326,1.4631267592163237
2020-12-28,1.4835052266020123,1.6525162019920838,1.4230002685000553,1.4660207543358241
2020-12-29,1.4836146844593805,1.6583445696141967,1.4138648160353475,1.4711913589493317
2020-12-30,1.506808255763559,1.693227784785351,1.4214621687321258,1.5021378134271917
2021-01-04,1.5266539620178754,1.7392892871123482,1.4017083595310524,1.54300102451454
2021-01-05,1.5539727821955183,1.7660388847810011,1.4338745461159448,1.566731784494445
2021-01-06,1.5447468308250834,1.7488582488799966,1.436203888674702,1.5514900768650755
2021-01-07,1.5805936967413348,1.7868296289852552,1.4737616009689498,1.5851761800560626
2021-01-08,1.6364072509683145,1.8712539689443697,1.491265889507592,1.6600727737487389
2021-01-11,1.6273225946528562,1.875212039493715,1.461753889169415,1.6635841544937329
2021-01-12,1.625939722823242,1.8610325779652908,1.4791391572153645,1.6510049223743035
2021-01-13,1.6423914971475615,1.871949893436562,1.5058172576095188,1.660690159374232
2021-01-14,1.651299414782316,1.8696446435561744,1.53242287037877,1.6586450694897852
2021-01-15,1.624653734584169,1.828672089078335,1.5236849727240438,1.6222964907888575
2021-01-18,1.5880729218581977,1.785481275281632,1.4923617592124796,1.5839799954066693
2021-01-19,1.6188768606458117,1.8326736549084424,1.5027211646997216,1.6258464581354446
2021-01-20,1.6178080752793507,1.8442433995911443,1.4828148815254671,1.6361104941592735
2021-01-21,1.6309988574838612,1.8714714453481798,1.476862033462445,1.6602657067567053
2021-01-22,1.6242057804383818,1.8578139271889,1.479388110928419,1.648149513856396
2021-01-25,1.6462230885562223,1.9020486277238922,1.4712469434673727,1.6873920876768245
2021-01-26,1.6131717806431345,1.8560741159584186,1.4532335305274173,1.6466060497926625
2021-01-27,1.6033359891159418,1.8427645600452351,1.4473222153575573,1.6347985497050999
2021-01-28,1.5738376730728991,1.8111434909312338,1.4173164415016803,1.6067460903467403
2021-01-29,1.526266003998244,1.7596450785089819,1.3696714398372154,1.5610595540602241
2021-02-01,1.5706305318681388,1.8070114392588403,1.4150814377587682,1.6030803631953727
2021-02-02,1.5856359097094743,1.831281805924057,1.418230728495799,1.6246116868844573
2021-02-03,1.5973516451478487,1.8494628332825886,1.4218270301576998,1.640740886350474
2021-02-04,1.5723940862910692,1.819451089556783,1.4012623195894334,1.6141161312510686
2021-02-05,1.599435635255944,1.84115523465704,1.439548588261416,1.6333708454461462
2021-02-08,1.59536305504797,1.8222347875255536,1.4569473415566594,1.6165856737530424
2021-02-09,1.588520045778361,1.8177112783263019,1.4458089628819566,1.6125726671873348
2021-02-10,1.5974627447193557,1.825279457178896,1.4579050630857728,1.619286735864576
2021-02-15,1.616176792591128,1.8572919838197557,1.4592007120809907,1.6476864746372752
2021-02-16,1.6202005754304372,1.86699143142969,1.4552974822435925,1.6562912867925907
2021-02-17,1.6119278730507625,1.8450698099256229,1.4662623927240042,1.636843639589546
2021-02-18,1.5868819053906498,1.8156670001304858,1.4445701014976513,1.6107590969124472
2021-02-19,1.5984080658120505,1.830890348397199,1.4520402704798676,1.624264407470117
2021-02-22,1.5848225018155415,1.813231264407812,1.4428133163741883,1.6085982472232203
2021-02-23,1.580934090858432,1.8086207646470358,1.439513402394121,1.604508067454326
2021-02-24,1.5590762025351168,1.7709538515071115,1.438410635899501,1.5710920704744924
2021-02-25,1.6052243911583006,1.8377626027576008,1.4596214717042029,1.6303610905218648
2021-02-26,1.562187982718069,1.782915053716672,1.4287693761832985,1.5817033859126612
2021-03-02,1.5808543509015789,1.804184246009308,1.445892939473585,1.600572234091805
2021-03-03,1.6070009101076481,1.8279761645861425,1.4787883280894794,1.6216791051633628
2021-03-04,1.5916048314194355,1.8014440433212997,1.4780124798126897,1.5981412781914246
2021-03-05,1.5832094066356466,1.7920055673959374,1.4701214816406383,1.5897679856456695
2021-03-08,1.589128831090289,1.7760862946370317,1.50920461549553,1.5756452894625066
2021-03-09,1.5902593364621374,1.7649949980427124,1.5286233877420783,1.5658057060562047
2021-03-10,1.5811209062375542,1.7549475881866818,1.5196978802309498,1.5568922010881427
2021-03-11,1.6029351614749048,1.7877430298812578,1.5279202388094135,1.585986498689522
2021-03-12,1.6190051495898348,1.8099691183506588,1.5368483335763388,1.6057042521037195
2021-03-15,1.6153648693232188,1.8014875386020617,1.5403499580620161,1.5981798647930179
2021-03-16,1.625371753616512,1.8151015614805794,1.5460221913783148,1.610257471091734
2021-03-17,1.6133955469589762,1.800748118829107,1.536174841471604,1.597523892565931
2021-03-18,1.6232184310730169,1.8140141794615285,1.5418967404524244,1.6092928060519005
2021-03-19,1.6177982917179712,1.795963637945283,1.5556604393710827,1.5932793663906637
2021-03-22,1.6129753189067204,1.794789265364708,1.5444316550194468,1.5922375281476433
2021-03-23,1.5969759585893653,1.7776956200252272,1.5279939186297984,1.57707299372146
2021-03-24,1.5885376199009338,1.7706928798225392,1.5161504706047741,1.5708605508649323
2021-03-25,1.5957374106910058,1.7769127049715105,1.5258693645782815,1.5763784348927803
2021-03-26,1.6114001786194967,1.7958766473837589,1.5384449314770605,1.5932021931874774
2021-03-29,1.6141114191125014,1.7922230437997477,1.5515596206531521,1.5899609186536365
2021-03-30,1.624269494299058,1.8120568918272368,1.5478338423575368,1.6075564089802004
2021-03-31,1.6262260542371347,1.805228132747597,1.5639086340918618,1.6014983125300457
2021-04-01,1.6293316744278583,1.8242790657213694,1.5422900761833471,1.6183992440279298
2021-04-02,1.636751850600246,1.8430690270105694,1.5327847962568004,1.6350686559162533
2021-04-05,1.6439815874337729,1.8478970031751556,1.544779720325566,1.639351768693114
2021-04-06,1.6451517844124555,1.8523770170936453,1.5408889273039708,1.6433261886572281
2021-04-07,1.6613804144748396,1.8559436301161325,1.5792793057136993,1.6464902899878824
2021-04-08,1.6575087644527415,1.856639554608325,1.5676813793121946,1.647107675613376
2021-04-09,1.646050136489533,1.8455047627332435,1.5541622816427827,1.6372295056054806
2021-04-12,1.6488702567539733,1.8451568004871473,1.5623595919076614,1.636920812792734
2021-04-13,1.6585485012559817,1.8662955069374974,1.555320107239415,1.6556739011670978
2021-04-14,1.6634344845957787,1.8733852377017093,1.5573989653160187,1.6619635172268123
2021-04-15,1.674449247159774,1.8818668174503068,1.5738811941241875,1.6694879045375142
2021-04-16,1.6683875071445242,1.8808664259927799,1.5590437441684717,1.6686004127008671
2021-04-19,1.6702227907425047,1.8788221477969638,1.567226939100485,1.66678684242598
2021-04-20,1.6846409833491278,1.890304901918142,1.5882036911936441,1.6769737052466225
2021-04-21,1.6594869149408273,1.8561611065199428,1.5737970485341577,1.6466832229958492
2021-04-22,1.669698405991067,1.858857813927189,1.5972013915812957,1.6490755922946365
2021-04-23,1.6750941011092635,1.8630768561611064,1.6051743432879217,1.6528184926491907
2021-04-26,1.6906176879746,1.8805619590274456,1.6197049158612251,1.668330306489714
2021-04-27,1.7000351302075205,1.8796050628506806,1.6467049027113423,1.6674814012546602
2021-04-28,1.7060382955308961,1.8593362620155716,1.6948297650411077,1.6495000449121633
2021-04-29,1.707958861890805,1.8541168283241267,1.7082368000805397,1.6448696527209619
2021-04-30,1.7048466706601555,1.8370666782654081,1.7266228648675612,1.629743704896372
2021-05-03,1.6957991951558293,1.8283676221130007,1.7158085342580947,1.6220263845777039
2021-05-04,1.6947355916884999,1.8423296072376147,1.6909737644926957,1.6344126836891664
2021-05-06,1.7313545475554153,1.8556826584315602,1.7691122127342818,1.6462587703783227
2021-05-07,1.7380273827525086,1.8640337523378712,1.7740450000174206,1.653667397884244
2021-05-10,1.773508377343456,1.8947849158366317,1.8217440346160132,1.6809481252107363
2021-05-11,1.7630757366536576,1.8649471532338742,1.840420529808118,1.6544777165177043
2021-05-12,1.7273966108685879,1.8348919142273064,1.7910907596157026,1.6278143748167053
2021-05-13,1.723262859133294,1.8097081466660867,1.8244979441161535,1.6054727324941604
2021-05-14,1.7305783863966746,1.8275412117785221,1.8138421815761596,1.6212932391474306
2021-05-17,1.728843318944738,1.819277108433735,1.823683308271764,1.6139617848446957
2021-05-18,1.7521983763288602,1.840241833761037,1.8548674515135004,1.632560526812686
2021-05-20,1.7517566065301686,1.8341089991735897,1.8646763783260678,1.627119815988025
2021-05-21,1.7347980092260746,1.8358488104040713,1.8112826866832354,1.6286632800517586
2021-05-24,1.7441102419914278,1.8292810230090035,1.8507762750274908,1.622836703211164
2021-05-25,1.7603172383216044,1.8457222391370538,1.8689845951508663,1.6374224386134468
2021-05-26,1.759218443089873,1.8421991213953288,1.8721161658147578,1.6342969238843863
2021-05-27,1.7599366669000627,1.8398503762341787,1.8785017295695168,1.6322132473983457
2021-05-28,1.7778517959424542,1.8526814840589796,1.9083148250782789,1.6435962948683813
2021-05-31,1.7874799644631452,1.861206559088339,1.9213838710613174,1.6511592687806766
2021-06-01,1.7877161850536538,1.8716889217519899,1.9030811355823478,1.6604586397646717
2021-06-02,1.8011244943521745,1.8709495019790352,1.9441435999730743,1.659802667537585
2021-06-03,1.804309716736392,1.8871297464225132,1.9242480845684127,1.674156883330308
2021-06-04,1.8075784070302934,1.8799530250967773,1.946941596190419,1.667790094067407
2021-06-07,1.8398052402619434,1.8844765342960288,2.0342131325016406,1.6718031006331142
2021-06-08,1.8302524223172112,1.8828237136270716,2.00890921697983,1.6703368097725673
2021-06-09,1.8077691182281876,1.86229394110739,1.9795191506460068,1.6521239338205103
2021-06-10,1.799924625481557,1.8674698795180722,1.9468968918802034,1.6567157394101177
2021-06-11,1.8024675167535338,1.882388760819451,1.9273850867864655,1.6699509437566338
2021-06-14,1.795036548012757,1.884302553172981,1.9010431938150962,1.6716487542267406
2021-06-15,1.798914731698126,1.888260623722326,1.9053652269073251,1.6751601349717347
2021-06-16,1.825101877058899,1.9005697881779826,1.9619646540122895,1.6860801432226502
2021-06-17,1.811221132195418,1.8908703405680485,1.9380006968956585,1.6774753310673352
2021-06-18,1.8062824585090342,1.8921317037101475,1.9205137647606578,1.678594342513542
2021-06-21,1.7862713358846083,1.876647383758862,1.8888207052906199,1.6648575123463123
2021-06-22,1.8083568437396544,1.8895219868644253,1.9318137993603772,1.6762791464179416
2021-06-23,1.8076190835832473,1.8995693967204559,1.910454320379637,1.6851926513860034
2021-06-24,1.8162008374318614,1.906746118046192,1.9230261018658499,1.6915594406489047
2021-06-25,1.83437288131931,1.9155321647601236,1.961837499662272,1.6993539341707598
2021-06-28,1.839377017237295,1.9137053629681182,1.9805996307324578,1.6977332969038397
2021-06-29,1.8280623068580346,1.9030925144621809,1.9662121666898482,1.6883181661150641
2021-06-30,1.8298545267907254,1.9087469009612457,1.9609356554431605,1.6933344243221986
2021-07-01,1.8159635123347702,1.8978730807707365,1.939173434545083,1.6836877739238632
2021-07-02,1.8261920682972632,1.8963942412248271,1.9732353069785742,1.6823758294696898
2021-07-05,1.8244316084153769,1.9036144578313252,1.954127332504205,1.6887812053341844
2021-07-06,1.8441198252917486,1.9116175894915401,1.9990596121022415,1.6958811400273592
2021-07-07,1.8321090070030892,1.9006132834587448,1.9832898021675913,1.6861187298242437
2021-07-08,1.8090301926351657,1.8817363316080207,1.94867568493041,1.6693721447327337
2021-07-09,1.7880533148901594,1.8609020921230046,1.9242051585761872,1.6508891625695228
2021-07-12,1.8124336371388452,1.8758644687051453,1.9702392865341154,1.664162953517632
2021-07-13,1.8266195423450333,1.8907833500065243,1.9851990175784597,1.6773981578641486
2021-07-14,1.8191132880480279,1.885824887999652,1.9715571259474172,1.6729992852825077
2021-07-15,1.83286534168637,1.899699882562742,1.9872055334242522,1.685308411190784
2021-07-16,1.8286695273753781,1.8912617980949067,1.9906328365869184,1.6778226104816758
2021-07-19,1.813029277842526,1.869818624679222,1.9838821697239715,1.658799415896158
2021-07-20,1.8048887012702957,1.8639902570571094,1.9699669472564267,1.6536288112826505
2021-07-21,1.7963649872220846,1.8528989604627897,1.9651274762463307,1.6437892278763484
2021-07-22,1.8222219122506398,1.876299421512766,1.9997923761407412,1.664548819533566
2021-07-23,1.817459889462429,1.8770388412857206,1.9835596693520179,1.6652047917606527
2021-07-26,1.8013097094966393,1.8592927667348094,1.9680137331033691,1.6494614583105696
2021-07-27,1.8056487778732122,1.8625549127919623,1.9751274242779295,1.6523554534300702
2021-07-28,1.8129296722150534,1.8665999739028314,1.9898510259261366,1.6559440073782505
2021-07-29,1.8156243254060354,1.868078813448741,1.995335786631434,1.6572559518324244
2021-07-30,1.7948353190964417,1.8438084467835243,1.9781082011706146,1.63572462814334
2021-08-02,1.8016439382614966,1.8563350876429907,1.974820994676797,1.6468375694022224
2021-08-03,1.8117146324479445,1.8702100822060808,1.9790354323458548,1.6591466953104987
2021-08-04,1.8372530600769221,1.8966117176286375,2.0068570900242713,1.6825687624776569
2021-08-05,1.8278085898218024,1.8909138358488105,1.9886375690733826,1.677513917668929
2021-08-06,1.8264001432164785,1.884607020138315,1.996564983221763,1.6719188604378947
2021-08-09,1.8237778305739072,1.8774737940933408,2.0023342151350865,1.6655906577765864
2021-08-10,1.8145078148190183,1.8640337523378712,1.999758203908368,1.653667397884244
2021-08-11,1.8078773154997245,1.847418555086773,2.0119833690335445,1.6389273160755877
2021-08-12,1.801226099313428,1.837153668826932,2.0114911590978206,1.6298208780995591
2021-08-13,1.778285357141951,1.8096646513853247,1.994022603327318,1.6054341458925676
2021-08-17,1.7606675986939209,1.789004393023357,1.9797098874037684,1.5871055101357305
2021-08-18,1.7674488599744338,1.7979209255795747,1.9832980020313569,1.5950157634623656
2021-08-19,1.7287207518470935,1.761384889739463,1.9341425240860033,1.5626030181239585
2021-08-20,1.7100748585526655,1.7432038623809316,1.9116528415024259,1.5464738186579419
2021-08-23,1.7265721893805699,1.7597320690705058,1.930670067543079,1.5611367272634118
2021-08-24,1.7383761351853104,1.7940933408725155,1.967838804775824,1.5611367272634118
2021-08-25,1.7430817572388357,1.8004871471445347,1.9826560559321154,1.5611367272634118
2021-08-26,1.7441917829976994,1.7849593319124877,1.986151349492021,1.5611367272634118
2021-08-27,1.7485949077054808,1.784350397981819,2.000016084892687,1.5611367272634118
2021-08-30,1.7383634798358325,1.7898308033578356,1.9677989551046111,1.5611367272634118
2021-08-31,1.7449482259639202,1.8258883911095647,1.9885332673954166,1.5611367272634118
2021-09-01,1.7486106888364152,1.8264538297594712,2.0000657771497212,1.5611367272634118
2021-09-02,1.7452024661552696,1.8089252316123698,1.989333829090852,1.5611367272634118
2021-09-03,1.7451109541713752,1.8234091601061286,1.9890456724914165,1.5611367272634118
2021-09-06,1.742297719440883,1.8284111173937627,1.980187246317543,1.5611367272634118
2021-09-07,1.7382215943937185,1.8172328302379193,1.967352180542756,1.5611367272634118
2021-09-08,1.7393590626892204,1.8030533687094952,1.9709338862609491,1.5611367272634118
2021-09-09,1.7326449630837084,1.7714757948762556,1.9497922605605393,1.5611367272634118
2021-09-10,1.736204818314782,1.7776521247444652,1.961237978896461,1.5611367272634118
2021-09-13,1.7413787944795986,1.7820016528206688,1.9778734514129663,1.5611367272634118
2021-09-14,1.7460741633143146,1.793571397503371,1.9929700959889352,1.5611367272634118
2021-09-15,1.745744221984788,1.7957026662607107,1.9919092619718168,1.5611367272634118
2021-09-16,1.745343105317394,1.7799138793440912,1.9906195835728862,1.5611367272634118
2021-09-17,1.7454819751944934,1.7876125440389719,1.9910660808025342,1.5611367272634118
2021-09-23,1.742657087877348,1.7853072941585837,1.9819834461266819,1.5611367272634118
2021-09-24,1.7456654947139099,1.7826105867513375,1.9916561364626773,1.5611367272634118
2021-09-27,1.7485788627626846,1.7875255534774477,2.001023256171388,1.5611367272634118
2021-09-28,1.7563581529113408,1.766778304553956,2.0260353867540344,1.5611367272634118
2021-09-29,1.755560010665627,1.740202688008351,2.0234691837082766,1.5611367272634118
2021-09-30,1.7648548725148743,1.7454656169805578,2.0533542109894847,1.5611367272634118
2021-10-01,1.7604461420517827,1.7171501892044714,2.0391791718870307,1.5611367272634118
2021-10-05,1.7585227815147428,1.6876603888478101,2.0329951442970247,1.5611367272634118
2021-10-06,1.7541396359350054,1.6612152581444912,2.018902366227541,1.5611367272634118
2021-10-07,1.7604481473860616,1.6882258274977164,2.039185619478249,1.5611367272634118
2021-10-08,1.7544144130751067,1.6850941672828499,2.01978583523024,1.5611367272634118
2021-10-12,1.7526179284635783,1.6558218433299987,2.0140097416748377,1.5611367272634118
2021-10-13,1.7561916923938878,1.6706537340698535,2.0255001795410594,1.5611367272634118
2021-10-14,1.7542082758281579,1.694532643208212,2.0191230585963686,1.5611367272634118
2021-10-15,1.7619524858056606,1.7101909442825454,2.044022398705207,1.5611367272634118
2021-10-18,1.764505242162259,1.705101996433387,2.0524836146628442,1.5611367272634118
2021-10-19,1.7679962172615709,1.7198468966117177,2.0640545952390608,1.5611367272634118
2021-10-20,1.7762538586663552,1.7125831847244575,2.0914248873728982,1.5611367272634118
2021-10-21,1.7816314376333247,1.7101474490017834,2.1092490940783932,1.5611367272634118
2021-10-22,1.7802799769956539,1.7108433734939756,2.1047696221992926,1.5611367272634118
2021-10-25,1.788533514399127,1.7181070853812361,2.1321263114519566,1.5611367272634118
2021-10-26,1.7899232722013245,1.7357661693706232,2.1367327208583267,1.5611367272634118
2021-10-27,1.788034133769242,1.720151363577052,2.130471093810995,1.5611367272634118
2021-10-28,1.7784829349062647,1.713235613935888,2.098813252268421,1.5611367272634118
2021-10-29,1.7755101530976103,1.6896611717628638,2.088959844671199,1.5611367272634118
2021-11-01,1.777563283917479,1.6954895393849767,2.0957650312340643,1.5611367272634118
2021-11-02,1.7805223863562727,1.7172806750467575,2.1055730979971483,1.5611367272634118
2021-11-03,1.7722759152767273,1.6940541951198296,2.078239830365833,1.5611367272634118
2021-11-04,1.7801877943654154,1.7030142229568093,2.104464079079216,1.5611367272634118
2021-11-05,1.7715510430863117,1.695707015788787,2.075837211671363,1.5611367272634118
2021-11-08,1.7771520269691456,1.694532643208212,2.0944019031607826,1.5611367272634118
2021-11-09,1.7744624819394714,1.6978817798268888,2.085487295519109,1.5611367272634118
2021-11-10,1.7712246393920352,1.6799617241529294,2.0747553331992927,1.5611367272634118
2021-11-11,1.7658644820151725,1.6787873515723546,2.0569888710708844,1.5611367272634118
2021-11-12,1.7714507758632165,1.697968770388413,2.075504871835683,1.5611367272634118
2021-11-15,1.7727948224002414,1.7152798921317036,2.079959769373197,1.5611367272634118
2021-11-16,1.7758723184607472,1.7140185289896048,2.090276115897059,1.5611367272634118
2021-11-17,1.7671227617770042,1.6938802139967812,2.0609459536791315,1.5611367272634118
2021-11-18,1.7672079036215105,1.6851811578443738,2.06123136518067,1.5611367272634118
2021-11-19,1.763370646007945,1.6986211995998433,2.048368154809454,1.5611367272634118
2021-11-22,1.7655137396691263,1.7357661693706232,2.0555522084709903,1.5611367272634118
2021-11-23,1.769953193731407,1.7243269105302075,2.0704340947781756,1.5611367272634118
2021-11-24,1.774751991789234,1.7198034013309553,2.086520569850525,1.5611367272634118
2021-11-25,1.7704585968518454,1.7047105389065287,2.072128301244138,1.5611367272634118
2021-11-26,1.7583797498011573,1.674872776303771,2.0316377305549422,1.5611367272634118
2021-11-29,1.7475207594646425,1.65991039972163,1.9952363493644334,1.5611367272634118
2021-11-30,1.7326941178974855,1.623417859162281,1.9455346538351281,1.5611367272634118
2021-12-01,1.7367023154600352,1.6664346918359358,1.9589708871164693,1.5611367272634118
2021-12-02,1.7454348385080243,1.694750119612022,1.9882439493786066,1.5611367272634118
2021-12-03,1.7564075846274985,1.7048410247488148,2.025026661382553,1.5611367272634118
2021-12-06,1.7590147839652657,1.708712104736636,2.0337664846987757,1.5611367272634118
2021-12-07,1.7641913584411848,1.723761471880301,2.0511193374889065,1.5611367272634118
2021-12-08,1.7654355201093803,1.7279370188334564,2.0552900017719673,1.5611367272634118
2021-12-09,1.767497886253364,1.744726197207603,2.06220344158866,1.5611367272634118
2021-12-10,1.7645175286735484,1.7309816884867995,2.0522127215507133,1.5611367272634118
2021-12-13,1.7650312581414962,1.7279370188334564,2.053934839502019,1.5611367272634118
2021-12-14,1.7652660858819504,1.7198468966117177,2.054722026324135,1.5611367272634118
2021-12-15,1.7675190037694768,1.7209342786307686,2.0622144136014047,1.5611367272634118
2021-12-16,1.768718501933967,1.7297203253447002,2.066203509181183,1.5611367272634118
2021-12-17,1.777314349891038,1.7352877212822408,2.094790179928253,1.5611367272634118
2021-12-20,1.7675392819356954,1.7022748031838546,2.062281851423007,1.5611367272634118
2021-12-21,1.7715926684306098,1.7134965856204603,2.0757619438722243,1.5611367272634118
2021-12-22,1.7695989409685524,1.7227175851420122,2.0691315298860924,1.5611367272634118
2021-12-23,1.770953941084175,1.7317646035405159,2.073637768521419,1.5611367272634118
2021-12-24,1.7718132131544517,1.7421164803618807,2.076495395584837,1.5611367272634118
2021-12-27,1.7670858307131672,1.7337653864555695,2.060773837220916,1.5611367272634118
2021-12-28,1.7738869182822263,1.7450741594536991,2.083391786262087,1.5611367272634118
2021-12-29,1.7804792203769573,1.7255447783915445,2.105315390586926,1.5611367272634118
2021-12-30,1.776187476106708,1.714540472358749,2.0910426066804453,1.5611367272634118
2022-01-04,1.7819562257965735,1.7198034013309553,2.1102273745858375,1.5611367272634118
2022-01-05,1.7836848363785935,1.698012265669175,2.115976106043734,1.5611367272634118
2022-01-06,1.7787888888612802,1.6798747335914055,2.0996939614116577,1.5611367272634118
2022-01-07,1.783829303322335,1.7000130485842286,2.116456550669465,1.5611367272634118
2022-01-10,1.8021582777793015,1.68552912009047,2.177412067862129,1.5611367272634118
2022-01-11,1.8115712565365023,1.6918359358009656,2.2087162191017886,1.5611367272634118
2022-01-12,1.8159823481498794,1.7165847505545648,2.2233859089586274,1.5611367272634118
2022-01-13,1.8201539679557532,1.7093645339480668,2.23725920249151,1.5611367272634118
2022-01-14,1.8155922344697868,1.6852246531251358,2.222088532436564,1.5611367272634118
2022-01-17,1.8059272514644626,1.6693923709277543,2.188291692729961,1.5611367272634118
2022-01-18,1.8059599594022249,1.6572136923143839,2.1884060669538026,1.5611367272634118
2022-01-19,1.8116480393312324,1.6450350137010135,2.208296337375707,1.5611367272634118
2022-01-20,1.8018828179589608,1.6545169849071375,2.1741489807547643,1.5611367272634118
2022-01-21,1.8049917994231406,1.6357705188986995,2.1850205723693383,1.5611367272634118
2022-01-24,1.7937565349120608,1.6149797746944456,2.1457327191436186,1.5611367272634118
2022-01-25,1.7793400012411675,1.5762254795354704,2.0953204962424903,1.5611367272634118
2022-01-26,1.7793400012411675,1.5694402157365925,2.0953204962424903,1.5611367272634118
2022-01-27,1.7818052219715201,1.5161584968030968,2.1039409635334536,1.5611367272634118
2022-01-28,1.7919601033470354,1.557044060719412,2.139450896442679,1.5611367272634118
2022-02-03,1.794266095297641,1.5727893523552696,2.14751456714716,1.5611367272634118
2022-02-04,1.8101707752595182,1.593406115436475,2.2031305903683367,1.5611367272634118
2022-02-07,1.8111903892617744,1.5785307294158586,2.206696011122608,1.5611367272634118
2022-02-08,1.8111903892617744,1.5809664651385327,2.206696011122608,1.5611367272634118
2022-02-09,1.8111903892617744,1.6034535252925055,2.206696011122608,1.5611367272634118
2022-02-10,1.8311121974128102,1.6161541472750205,2.2763592641645793,1.5611367272634118
2022-02-11,1.8316553334000494,1.6032795441694578,2.278258520468445,1.5611367272634118
2022-02-14,1.820572543074662,1.5787917011004307,2.2395038441360944,1.5611367272634118
2022-02-15,1.813309186932112,1.5677004045061111,2.2141050945318264,1.5611367272634118
2022-02-16,1.8219005341354486,1.5975816623896308,2.2441476082263656,1.5611367272634118
2022-02-17,1.8286377693596787,1.6073681005610891,2.2677066003956794,1.5611367272634118
2022-02-18,1.8286572743870515,1.6030185724848856,2.267775709887307,1.5611367272634118
2022-02-21,1.823739885116182,1.6018876951850725,2.250352598083829,1.5611367272634118
2022-02-22,1.823739885116182,1.5810969509808184,2.250352598083829,1.5611367272634118
2022-02-23,1.823739885116182,1.5851420120916881,2.250352598083829,1.5611367272634118
2022-02-24,1.8056496876634296,1.544256448175373,2.186256079503643,1.5611367272634118
2022-02-25,1.799935815771276,1.5590448436344657,2.1660108999329517,1.5611367272634118
2022-02-28,1.799935815771276,1.5725283806706973,2.1660108999329517,1.5611367272634118
2022-03-02,1.794281915448916,1.5683963289983036,2.1459782094104094,1.5611367272634118
2022-03-03,1.8072805317232365,1.596537775651342,2.192034425862427,1.5611367272634118
2022-03-04,1.8060937539764703,1.5731808098821276,2.18782947884099,1.5611367272634118
2022-03-07,1.787499398526574,1.5355138967422035,2.1219466462907275,1.5611367272634118
2022-03-08,1.784232205604754,1.5196381192640598,2.1103704491615676,1.5611367272634118
2022-03-10,1.7908569189434673,1.5571745465616982,2.133842888459827,1.5611367272634118
2022-03-11,1.8052773020876973,1.545430820755948,2.18493665670374,1.5611367272634118
2022-03-14,1.8059832824112343,1.5423861511026056,2.1874380600766443,1.5611367272634118
2022-03-15,1.8078044392766746,1.5268148405897959,2.1938907157299616,1.5611367272634118
2022-03-16,1.8111429477220329,1.5488234526553868,2.2057195953846422,1.5611367272634118
2022-03-17,1.8125088063792854,1.5721804184246009,2.210559055265118,1.5611367272634118
2022-03-18,1.8138356110448761,1.5759645078508981,2.2152601404866825,1.5611367272634118
2022-03-21,1.8125466404967672,1.5604801878996128,2.2106931077109513,1.5611367272634118
2022-03-22,1.8129351293721885,1.573050324039842,2.21206958712676,1.5611367272634118
2022-03-23,1.8189238561972765,1.5868818233221693,2.2329473028277627,1.5611367272634118
2022-03-24,1.8205692120853216,1.580531512330912,2.23868329203897,1.5611367272634118
2022-03-25,1.819524948851929,1.5747901352703233,2.2350428135966323,1.5611367272634118
2022-03-28,1.822748912277265,1.5747901352703233,2.24628209596674,1.5611367272634118
2022-03-29,1.8216990690616326,1.5822278282806315,2.2426221647615323,1.5611367272634118
2022-03-30,1.8171278901519865,1.5854029837762604,2.2266862611076528,1.5611367272634118
2022-03-31,1.8192620505917523,1.5902309599408464,2.2341263057487097,1.5611367272634118
2022-04-01,1.8209740857456695,1.5797051019964334,2.240094750170631,1.5611367272634118
2022-04-04,1.8233928567836644,1.58731677612979,2.2485269955463134,1.5611367272634118
2022-04-05,1.8112387678546042,1.5864468705145494,2.206155783654896,1.5611367272634118
2022-04-06,1.8151326360238387,1.5702231307903092,2.219730467387989,1.5611367272634118
2022-04-07,1.8098594704988424,1.5472576225479535,2.2013473195352593,1.5611367272634118
2022-04-08,1.8106473750683238,1.5484754904092906,2.204094088269516,1.5611367272634118
2022-04-11,1.8171681975227747,1.5474750989517636,2.226826779426912,1.5611367272634118
2022-04-12,1.8144123060295385,1.532425731808099,2.217219275064287,1.5611367272634118
2022-04-13,1.8157221867058464,1.5614805793571398,2.2217857408859754,1.5611367272634118
2022-04-14,1.8155039391614975,1.5544343438736896,2.2210248929935212,1.5611367272634118
2022-04-15,1.8104214220421264,1.5390370144839285,2.2033063777626736,1.5611367272634118
2022-04-18,1.810527465092805,1.538123613587926,2.20367606179215,1.5611367272634118
2022-04-19,1.8199742337337734,1.5543473533121657,2.236609096765971,1.5611367272634118
2022-04-20,1.8211746853374011,1.5550432778043581,2.240794074312176,1.5611367272634118
2022-04-21,1.8265537759245214,1.5615675699186637,2.259704058087016,1.5611367272634118
2022-04-22,1.828967386887439,1.5459527641250925,2.2681890135657037,1.5611367272634118
2022-04-25,1.820293283750295,1.5178983080335784,2.237695541308995,1.5611367272634118
2022-04-26,1.8156847914400502,1.5252490104823628,2.221494565809184,1.5611367272634118
2022-04-27,1.804156947608399,1.505850115262494,2.1809688791183204,1.5611367272634118
2022-04-28,1.818757407168446,1.5230307511634988,2.232296226913275,1.5611367272634118
2022-04-29,1.814340653814181,1.544430429298421,2.216769302256791,1.5611367272634118
2022-05-02,1.8124432162011042,1.5398199295376451,2.2100989341163166,1.5611367272634118
2022-05-03,1.8133761979061656,1.5367752598843025,2.2133787950183015,1.5611367272634118
2022-05-04,1.8215739488633096,1.5390805097646907,2.2421976697107913,1.5611367272634118
2022-05-06,1.8191332179311517,1.5179852985951023,2.23361737503489,1.5611367272634118
2022-05-10,1.8089439359164734,1.4948023139489366,2.197797350357079,1.5611367272634118
2022-05-11,1.7961496991022874,1.4938019224914096,2.1528197083841016,1.5611367272634118
2022-05-12,1.8011170189777417,1.4698795180722892,2.17028212823518,1.5611367272634118
2022-05-13,1.8156152046054472,1.5027619503283893,2.2212499359982565,1.5611367272634118
2022-05-16,1.8167241229229671,1.4959766865295117,2.225148295219448,1.5611367272634118
2022-05-17,1.8181394099679022,1.5115914923230829,2.230123681787681,1.5611367272634118
2022-05-18,1.8078091843588138,1.5151146100648079,2.1938081753847896,1.5611367272634118
2022-05-19,1.7964583756546981,1.492932016876169,2.153904848800167,1.5611367272634118
2022-05-20,1.8060329337346746,1.5192466617372016,2.187563835391158,1.5611367272634118
2022-05-23,1.8078183699240578,1.5238136662172153,2.193840466882194,1.5611367272634118
2022-05-24,1.8148804356191157,1.49658562046018,2.2183262476590215,1.5611367272634118
2022-05-25,1.8169401197746229,1.5031969031360097,2.2254676389854358,1.5611367272634118
2022-05-26,1.818907933741153,1.4973685355138968,2.232290495565168,1.5611367272634118
2022-05-27,1.8232903814742638,1.5138097516419469,2.2474854341415607,1.5611367272634118
2022-05-30,1.823136386556858,1.5331651515810536,2.246951498894968,1.5611367272634118
2022-05-31,1.822900589244092,1.5420816841372713,2.2461339362217423,1.5611367272634118
2022-06-02,1.8115412398073159,1.52455308599017,2.2067484997097417,1.5611367272634118
2022-06-03,1.8129643559342583,1.5310773781044758,2.211682765547663,1.5611367272634118
2022-06-07,1.8081293006491854,1.503501370101344,2.194918534107989,1.5611367272634118
2022-06-08,1.8131397826217945,1.505893610543256,2.212291009593937,1.5611367272634118
2022-06-09,1.8110505232931826,1.5076334217737377,2.2050470744458783,1.5611367272634118
2022-06-10,1.8035050513426767,1.487060153973294,2.178885214727258,1.5611367272634118
2022-06-13,1.7857565931791346,1.434822321778087,2.1173472916202405,1.5611367272634118
2022-06-14,1.793387865212161,1.4276456004523512,2.143806639652047,1.5611367272634118
2022-06-15,1.7870833415475276,1.4014614414336044,2.1219474286194213,1.5611367272634118
2022-06-16,1.7859429577629578,1.4016354225566525,2.1179934598295294,1.5611367272634118
2022-06-17,1.7782321984892937,1.3922404419120524,2.091258511536716,1.5611367272634118
2022-06-20,1.7655390677099132,1.3676656082815015,2.047248553111519,1.5611367272634118
2022-06-21,1.765925419999189,1.3761036927493366,2.0485881239773707,1.5611367272634118
2022-06-22,1.7503564078569105,1.3400026097168456,1.9946068337021514,1.5611367272634118
2022-06-23,1.742656843559153,1.3285633508764298,1.967910700925602,1.5611367272634118
2022-06-24,1.7562850933134477,1.3573572267408986,2.011881620756576,1.5611367272634118
2022-06-27,1.7523363883053416,1.37532077769562,1.9991413060075833,1.5611367272634118
2022-06-28,1.7508768520178144,1.387977904397373,1.9944321794325415,1.5611367272634118
2022-06-29,1.7467184063167351,1.3607933539210997,1.9810151460026992,1.5611367272634118
2022-06-30,1.7448899169179748,1.3361750250097864,1.9751156092159345,1.5611367272634118
2022-07-01,1.7472831520499352,1.3223435257274585,1.9828372720869094,1.5611367272634118
2022-07-04,1.7366111847208479,1.3223000304466965,1.948404661272876,1.5611367272634118
2022-07-05,1.744619422073812,1.344134661389239,1.9742428700658738,1.5611367272634118
2022-07-06,1.7239882262643507,1.314775346874864,1.907677267489573,1.5611367272634118
2022-07-07,1.7242618637120382,1.3410030011743725,1.908560146105092,1.5611367272634118
2022-07-08,1.727988061889936,1.3490061328345873,1.9205825528197207,1.5611367272634118
2022-07-11,1.723177646577294,1.3409160106128486,1.9050619694814819,1.5611367272634118
2022-07-12,1.7196187752974472,1.3267365490844243,1.8935794352928499,1.5611367272634118
2022-07-13,1.7171426219722572,1.3335218128833022,1.8855902406923606,1.5611367272634118
2022-07-14,1.7104392186415314,1.3281283980688097,1.86396201874426,1.5611367272634118
2022-07-15,1.701783754403154,1.3392631899438912,1.8360355622302371,1.5611367272634118
2022-07-18,1.7199830319361578,1.369535905354269,1.8947546925523961,1.5611367272634118
2022-07-19,1.7205797635870648,1.3653168631203514,1.8966800197261489,1.5611367272634118
2022-07-20,1.7295185847726668,1.3745378626419031,1.9255207143730644,1.5611367272634118
2022-07-21,1.7343206275187502,1.390457135400809,1.9410142840111173,1.5611367272634118
2022-07-22,1.7283358386287282,1.3802357444217301,1.9217046384415883,1.5611367272634118
2022-07-25,1.7284476177651307,1.3846287677786957,1.9220597388799987,1.5611367272634118
2022-07-26,1.7256974177992168,1.3901526684354748,1.9133228918704308,1.5611367272634118
2022-07-27,1.7274860545113426,1.3907181070853813,1.9190050406244203,1.5611367272634118
2022-07-28,1.7279310467566118,1.3988952198686444,1.9204186938916545,1.5611367272634118
2022-07-29,1.7334018418531283,1.4062459223174284,1.9377983391434048,1.5611367272634118
2022-08-01,1.7323598512090672,1.4047670827715195,1.9344881388105584,1.5611367272634118
2022-08-02,1.7291301676303052,1.3989822104301683,1.9242280662097715,1.5611367272634118
2022-08-03,1.730419438095102,1.4083771910747687,1.9283238261343196,1.5611367272634118
2022-08-04,1.7306208154113119,1.4156409029620287,1.928963562453398,1.5611367272634118
2022-08-05,1.7388268114648673,1.4244704449567223,1.9550324057991988,1.5611367272634118
2022-08-08,1.7481178785677556,1.4232960723761472,1.9845483074934938,1.5611367272634118
2022-08-09,1.7506081171278562,1.4271236570832067,1.992459307997669,1.5611367272634118
2022-08-10,1.7490890101738197,1.4107694315166805,1.9876334025314906,1.5611367272634118
2022-08-11,1.7577240388848072,1.4349963029011352,2.0150651986576524,1.5611367272634118
2022-08-12,1.7640823042744889,1.4382584489582881,2.035264163330908,1.5611367272634118
2022-08-16,1.7592584010783263,1.443086425122874,2.0199395670338403,1.5611367272634118
2022-08-17,1.757509496600687,1.4349528076203732,2.014383639812233,1.5611367272634118
2022-08-18,1.7505991396964093,1.430124831455787,1.9924307884550678,1.5611367272634118
2022-08-19,1.75233663972608,1.4213822800226177,1.997950485977611,1.5611367272634118
2022-08-22,1.7423099127172759,1.4038971771562785,1.9660975367490559,1.5611367272634118
2022-08-23,1.7355424889139968,1.3861511026053672,1.9445987558782207,1.5611367272634118
2022-08-24,1.7433017846830716,1.391240050454526,1.969438608539219,1.5611367272634118
2022-08-25,1.7478392976172725,1.4076377713018138,1.983964559873893,1.5611367272634118
2022-08-26,1.7494923581568584,1.4088556391631508,1.9892565066516767,1.5611367272634118
2022-08-29,1.7353262394884865,1.3759732069070507,1.943906476059592,1.5611367272634118
2022-08-30,1.7413941507361153,1.3896307250663302,1.9633316952852642,1.5611367272634118
2022-08-31,1.743414005735859,1.4047235874907573,1.9697978620719694,1.5611367272634118
2022-09-01,1.7296809062333836,1.3701883345656996,1.925834056802437,1.5611367272634118
2022-09-02,1.7330133575588949,1.3610543256056717,1.9365022414404764,1.5611367272634118
2022-09-05,1.7348631095716005,1.3590970379713803,1.9424238571157189,1.5611367272634118
2022-09-06,1.7349871269970527,1.3614457831325302,1.9428208744053423,1.5611367272634118
2022-09-07,1.7292848593235182,1.3403505719629423,1.9245661908542013,1.5611367272634118
2022-09-08,1.728790534635709,1.3445261189160975,1.922983708013322,1.5611367272634118
2022-09-13,1.7468333166284649,1.385585663955461,1.9807441104561325,1.5611367272634118
2022-09-14,1.7342426512701643,1.360271410551955,1.9404375824267972,1.5611367272634118
2022-09-15,1.7384912356028464,1.351093906311165,1.9540385859176377,1.5611367272634118
2022-09-16,1.7410723630923506,1.34265582184333,1.962301555708539,1.5611367272634118
2022-09-19,1.7333978836566015,1.3330868600756818,1.9377332257843662,1.5611367272634118
2022-09-20,1.7415658656233888,1.3376538645556957,1.9638814065769223,1.5611367272634118
2022-09-21,1.7363377065407453,1.325170718976991,1.9471444880257933,1.5611367272634118
2022-09-22,1.732130388613856,1.3120351441868556,1.93367559078148,1.5611367272634118
2022-09-23,1.7329353845759266,1.2950284894088993,1.936252626338009,1.5611367272634118
2022-09-26,1.7120774820015714,1.2603627506415553,1.8696667315131166,1.5611367272634118
2022-09-27,1.7075499272866277,1.2622330477143229,1.8552131554170306,1.5611367272634118
2022-09-28,1.6962183789712963,1.2317428559001349,1.8190387950450764,1.5611367272634118
2022-09-29,1.6972971212644579,1.2293941107389847,1.8224825267731135,1.5611367272634118
2022-09-30,1.6884244498390648,1.2237832195206821,1.794157782027521,1.5611367272634118
2022-10-04,1.7056056240008488,1.25383845852725,1.8490062430185743,1.5611367272634118
2022-10-05,1.709085415473968,1.2572310904266886,1.8601149836129693,1.5611367272634118
2022-10-06,1.7065761070401948,1.266843547475099,1.8521043724377175,1.5611367272634118
2022-10-07,1.7149337887090033,1.2631464486103259,1.8787850854478276,1.5611367272634118
2022-10-11,1.7023222282466124,1.2394415205950153,1.8385244678937405,1.5611367272634118
2022-10-12,1.708985980017114,1.2487060153973293,1.8597975500240294,1.5611367272634118
2022-10-13,1.7053246134544726,1.2290461484928887,1.848109156716681,1.5611367272634118
2022-10-14,1.7229601705033062,1.2585794441303118,1.904408170610619,1.5611367272634118
2022-10-17,1.7206611959497486,1.2594928450263145,1.8970690205075542,1.5611367272634118
2022-10-18,1.733000480848491,1.2769779478926535,1.9364604369528593,1.5611367272634118
2022-10-19,1.730157456148509,1.2669740333173851,1.9273844839425929,1.5611367272634118
2022-10-20,1.7291472247579858,1.255317298073159,1.924159463551478,1.5611367272634118
2022-10-21,1.7182565560206045,1.2551433169501107,1.889392548683844,1.5611367272634118
2022-10-24,1.7160011361099619,1.2677569483711018,1.882192440599119,1.5611367272634118
2022-10-25,1.717361241870179,1.2682353964594841,1.8865343852782501,1.5611367272634118
2022-10-26,1.715691065551874,1.2781088251924668,1.8812025843326259,1.5611367272634118
2022-10-27,1.7346152742192507,1.2997259797311993,1.9404877667898555,1.5611367272634118
2022-10-28,1.7342632113160446,1.2833717541646732,1.9393848348881917,1.5611367272634118
2022-10-31,1.7282738277418759,1.303031621069114,1.9206214771044101,1.5611367272634118
2022-11-01,1.7329491019059595,1.32173459179679,1.935268033096635,1.5611367272634118
2022-11-02,1.730858735416329,1.321691096516028,1.9287193968541132,1.5611367272634118
2022-11-03,1.7275757188044243,1.3120786394676178,1.9184344627642447,1.5611367272634118
2022-11-04,1.7294691880372821,1.3236918794310815,1.9243662652993034,1.5611367272634118
2022-11-07,1.7368934068286317,1.339089208820843,1.947624630992889,1.5611367272634118
2022-11-08,1.7387970997996343,1.3570962550563264,1.9535884621422992,1.5611367272634118
2022-11-09,1.7434763436061567,1.3711017354617026,1.968247454109016,1.5611367272634118
2022-11-10,1.740601746207184,1.3532686703492671,1.9592420032452789,1.5611367272634118
2022-11-11,1.7499433019629183,1.4052890261406636,1.9885069435736848,1.5611367272634118
2022-11-14,1.7493699313449493,1.3985037623417857,1.986710705627921,1.5611367272634118
2022-11-15,1.7528687598106114,1.4018963942412248,1.9976717284965233,1.5611367272634118
2022-11-16,1.7601835711165532,1.4003740594145533,2.020587345764079,1.5611367272634118
2022-11-17,1.7523604110703435,1.377713018137532,1.996079189101698,1.5611367272634118
2022-11-18,1.7536827880400554,1.3793223435257274,2.0002218912513396,1.5611367272634118
2022-11-21,1.7568127967496032,1.3686659997390285,2.0100274868616936,1.5611367272634118
2022-11-22,1.767739990756469,1.3571397503370883,2.044259866235071,1.5611367272634118
2022-11-23,1.770197695173107,1.3662302640163544,2.0519592875069113,1.5611367272634118
2022-11-24,1.7775442448358945,1.3801052585794442,2.074974333728647,1.5611367272634118
2022-11-25,1.7773613322023556,1.3747553390457135,2.074364280165768,1.5611367272634118
2022-11-28,1.76735714643516,1.357966160671567,2.040998136707549,1.5611367272634118
2022-11-29,1.7799438717272116,1.3726240702883736,2.082977613252347,1.5611367272634118
2022-11-30,1.7921001672254122,1.3961985124613978,2.1235215124713607,1.5611367272634118
2022-12-01,1.7967268961420855,1.4006350310991256,2.138952663428415,1.5611367272634118
2022-12-02,1.7877934475157387,1.3701883345656996,2.109157662078008,1.5611367272634118
2022-12-05,1.7872378790756738,1.3653603584011136,2.107304720049198,1.5611367272634118
2022-12-06,1.7827637106831475,1.3489626375538253,2.092382391744302,1.5611367272634118
2022-12-07,1.7725873060420765,1.3408290200513242,2.0584418607461408,1.5611367272634118
2022-12-08,1.772701565535837,1.3406985342090385,2.0588229411008037,1.5611367272634118
2022-12-09,1.7861863927551114,1.355443434387369,2.103797783629517,1.5611367272634118
2022-12-12,1.7843042286092063,1.3467878735157235,2.0975203553244457,1.5611367272634118
2022-12-13,1.7823201654947507,1.3464399112696273,2.0909030717146027,1.5611367272634118
2022-12-14,1.782215137633431,1.362402679309295,2.090552780869405,1.5611367272634118
2022-12-15,1.7724720801540457,1.3384802748901743,2.058057557255622,1.5611367272634118
2022-12-16,1.771384209123688,1.3373928928711234,2.0544292698859503,1.5611367272634118
2022-12-19,1.7727357697293322,1.3343047279370188,2.058937019552923,1.5611367272634118
2022-12-20,1.7728794160236732,1.3224740115697449,2.059416111302692,1.5611367272634118
2022-12-21,1.776221822833921,1.3189073985472577,2.070563767665907,1.5611367272634118
2022-12-22,1.7768220363092213,1.3373928928711234,2.072565610633287,1.5611367272634118
2022-12-23,1.7729666276903235,1.3138619459788612,2.059706981249372,1.5611367272634118
2022-12-26,1.7712761509164872,1.3147318515941018,2.054095906635252,1.5611367272634118
2022-12-27,1.7776007027285634,1.3232134313426995,2.075088524024425,1.5611367272634118
2022-12-28,1.7690071305466666,1.2922012961593665,2.0465645150225,1.5611367272634118
2022-12-29,1.7589807894186789,1.2661476229829065,2.0132848219521873,1.5611367272634118
2023-01-02,1.7418401653307916,1.2604497412030797,1.9563912152618903,1.5611367272634118
2023-01-03,1.7485703398096242,1.2595363403070765,1.978730185989704,1.5611367272634118
2023-01-04,1.7674765291051988,1.2873733199947808,2.0414841027829,1.5611367272634118
2023-01-05,1.785996213064041,1.2955939280588056,2.1029551209780637,1.5611367272634118
2023-01-06,1.80077503549885,1.311513200817711,2.1520093739994546,1.5611367272634118
2023-01-09,1.7996785122603418,1.3470053499195338,2.1483697654566973,1.5611367272634118
2023-01-10,1.8071826281450987,1.3464834065503892,2.1732776226920407,1.5611367272634118
2023-01-11,1.7953987598740442,1.3500065242921142,2.13416429967264,1.5611367272634118
2023-01-12,1.7963489952127871,1.3513983732764994,2.1373183456016833,1.5611367272634118
2023-01-13,1.8099197029614644,1.3647514244704448,2.182362592835821,1.5611367272634118
2023-01-16,1.8274215786444805,1.3746248532034278,2.2404552752461218,1.5611367272634118
2023-01-17,1.8203992363733947,1.364664433908921,2.217146533559281,1.5611367272634118
2023-01-18,1.8176137707355553,1.356661302248706,2.207900943338295,1.5611367272634118
2023-01-19,1.8151402910763825,1.3649254055934932,2.1996909051177576,1.5611367272634118
2023-01-20,1.8241074340407577,1.3726240702883736,2.2294548800077587,1.5611367272634118
2023-01-25,1.8284129385701067,1.3951546257231089,2.2437458229769343,1.5611367272634118
2023-01-26,1.8378221497085439,1.4160758557696491,2.274977122084328,1.5611367272634118
2023-01-27,1.8385139434252245,1.4265582184332999,2.277423829966107,1.5611367272634118
2023-01-30,1.8288381282324844,1.4034622243486583,2.2432028003095956,1.5611367272634118
2023-01-31,1.796502567895388,1.379931277456396,2.1996768461557363,1.5349621535673907
2023-02-01,1.8129900171020088,1.3970249227958764,2.206530582565798,1.5539762154205075
2023-02-02,1.8133185334260427,1.408942629724675,2.171815614516925,1.5672328386972354
2023-02-03,1.819183638475585,1.4173372189117484,2.1672881587693604,1.5765705331950766
2023-02-06,1.7830611695879406,1.386760036536036,2.1315806814101887,1.5425581019412822
2023-02-07,1.7892943426048713,1.3942412248271063,2.1311046791579566,1.5508797778668193
2023-02-08,1.82079230717834,1.4163368274542212,2.175989193316526,1.57545775094922
2023-02-09,1.8085260988194332,1.4131616719585924,2.142164997626902,1.571925876864544
2023-02-10,1.8103019155037812,1.407898742986386,2.164289060853207,1.5660716746146024
2023-02-13,1.8079109646692992,1.3994606585185507,2.1812347013473348,1.5566855982799848
2023-02-14,1.8030371665130933,1.4069418468096213,2.1414760151724996,1.5650072742055219
2023-02-15,1.7658446084604937,1.3831064329520248,2.081688590925988,1.5384940276520664
2023-02-16,1.7884288992089126,1.4096820494976294,2.081561032458972,1.5680553299224336
2023-02-17,1.7841134831920793,1.395241616284633,2.109769665789181,1.5519925601126758
2023-02-20,1.7880225324005217,1.3996346396415988,2.110370353312407,1.5568791256270904
2023-02-21,1.7920382058236446,1.3986342481840721,2.1275843842612483,1.5557663433812337
2023-02-22,1.760126679572755,1.3741899003958071,2.088307822295609,1.5285757511129088
2023-02-23,1.7772170828459262,1.3894132486625201,2.10292437089455,1.5455093939846412
2023-02-24,1.7665434523104233,1.3785394284720107,2.0979086618206493,1.5334139347905462
2023-02-27,1.751814255568527,1.3654908442433997,2.0848100477806866,1.5188993837576328
2023-02-28,1.7549028165161171,1.3692314383889348,2.0847178789360834,1.5230602217204012
2023-03-02,1.7564515521446171,1.3755817493801923,2.0720252100438503,1.5301239698897524
2023-03-03,1.7495627984029891,1.3760167021878127,2.0474218203086383,1.5306077882575166
2023-03-06,1.7636343917322181,1.3959375407768255,2.038866329069623,1.5527666695010975
2023-03-07,1.760969283459993,1.3909790787699536,2.0438373229273745,1.5472511401085907
2023-03-08,1.7401665446737544,1.371754164673133,2.0275866272571283,1.5258663682534312
2023-03-09,1.7356299764415821,1.3659257970510201,2.028666188926004,1.5193832021253966
2023-03-10,1.716886387843933,1.3511808968726893,2.006740655145482,1.5029817594582038
2023-03-13,1.7253480872247866,1.3623156887477708,2.0039820260033263,1.5153675096729569
2023-03-14,1.680416122027368,1.3291287895263364,1.9453191675786399,1.47845216821258
2023-03-15,1.7010393289213173,1.3444391283545736,1.9720243194058484,1.4954825747578653
2023-03-16,1.6900725415377122,1.3413509634204688,1.9435410919824292,1.4920474643467423
2023-03-17,1.6994275075814511,1.3573572267408986,1.9752832480613434,1.4920474643467423
2023-03-20,1.6934764768439252,1.3461354443042932,1.9550909196640223,1.4920474643467423
2023-03-21,1.6989690150576875,1.3499195337305903,1.9737275458618615,1.4920474643467423
2023-03-22,1.697044980326319,1.3662302640163544,1.9671991404717397,1.4920474643467423
2023-03-23,1.6980062528395239,1.3733634900613285,1.9704608158221217,1.4920474643467423
2023-03-24,1.6883819882206175,1.367056674350833,1.9378049079064998,1.4920474643467423
2023-03-27,1.6860517445293195,1.3607498586403377,1.9298982026757963,1.4920474643467423
2023-03-28,1.6940131254220439,1.3760167021878127,1.9569118116743753,1.4920474643467423
2023-03-29,1.6974275183416394,1.3788438954373452,1.96818118941714,1.4920474643467423
2023-03-30,1.6991335148504354,1.3833674046365971,1.9738119177891211,1.4920474643467423
2023-03-31,1.7199913240416296,1.4006785263798875,1.9971758776486523,1.5107185818065756
2023-04-03,1.7119738492588534,1.3935018050541517,1.9895678635865925,1.5029780431611672
2023-04-04,1.7203123078370508,1.3994606585185507,2.0014347795308844,1.5094050358546278
2023-04-05,1.7253421772834294,1.4073333043364795,1.9973537765690754,1.5178961721868636
2023-04-06,1.6968245258839185,1.3823670131790702,1.9688191251639546,1.4909684801719276
2023-04-07,1.7262851168461615,1.4064633987212387,2.0027513384216418,1.5169579250783287
2023-04-10,1.7312975352114286,1.419598973511374,1.9847864194042688,1.5311254564171974
2023-04-11,1.7529585430262729,1.4391283545735287,2.0049737556489293,1.5521891040037934
2023-04-12,1.7612622644128515,1.444434778826497,2.0184400260709023,1.5579124113658527
2023-04-13,1.762746398958058,1.448784306902701,2.011911778745196,1.5626036469085245
2023-04-14,1.7743640802729637,1.451350528467661,2.043514769368114,1.5653714758787007
2023-04-17,1.7727235185165218,1.45239441520595,2.035357601572463,1.5664973724089417
2023-04-18,1.7738771022972493,1.4505676134139447,2.043964281372655,1.5645270534810196
2023-04-19,1.7771913399055852,1.4517419859945195,2.0518178799828948,1.565793687077541
2023-04-20,1.7740352828712402,1.4469140098299336,2.0540847999625536,1.5605864156251756
2023-04-21,1.768186009266188,1.439432821538863,2.0544329139536504,1.55251749049178
2023-04-24,1.753346422526088,1.4296898786481667,2.0310499301950458,1.5420091228761952
2023-04-25,1.7440435831384749,1.411334870166587,2.0485661468797765,1.522212108886121
2023-04-26,1.7397386620488813,1.409116610847723,2.0401851571360425,1.5198195787593582
2023-04-27,1.7404388080194018,1.413988082293071,2.0294323410923245,1.5250737625671507
2023-04-28,1.7521491598054009,1.41994693575747,2.0526460743880808,1.5315007552606108
2023-05-02,1.7633189854503648,1.431386194597886,2.0593127068685533,1.5438387047378375
2023-05-03,1.7476113908274966,1.4202079074420424,2.0367402868325177,1.531782229393171
2023-05-04,1.7495992875142634,1.4186855726153713,2.047494198935105,1.530140296953236
2023-05-08,1.766171569022434,1.4305597842634075,2.0710925625521757,1.5429473699847296
2023-05-09,1.763962772997433,1.4276021051715888,2.0716446376211635,1.5397573298157128
2023-05-10,1.750895909698805,1.4181201339654648,2.0533589951782174,1.5295304363326883
2023-05-11,1.753550037924208,1.4148144926275499,2.0711402156839975,1.5259650973202579
2023-05-12,1.7417079118277505,1.4075507807402896,2.0509935442958707,1.5181307339639962
2023-05-15,1.7461783704867948,1.4112478796050627,2.0560311125606274,1.522118284175267
2023-05-16,1.7460026601434167,1.414944978469836,2.045501408332819,1.526105834386538
2023-05-17,1.748634580528649,1.420599364968901,2.0391159723736627,1.5322044405920114
2023-05-18,1.7657962481938592,1.4346483406550388,2.0588414772941226,1.547357131394841
2023-05-19,1.7861739894901811,1.4537427689095734,2.0757761245433994,1.5679516554271702
2023-05-22,1.7961048484281128,1.4626158061850287,2.085191730417078,1.5775217759342204
2023-05-23,1.7999922867127718,1.466182419207516,2.088626711350924,1.581368589079211
2023-05-24,1.799076929159289,1.463572702361794,2.092576909600612,1.578553847753608
2023-05-25,1.789841920879401,1.4586142403549216,2.0749670544736807,1.5732058392349622
2023-05-26,1.7924006998202406,1.46626940976904,2.062956731334632,1.5814624137900646
2023-05-30,1.8136037734939237,1.4853638380235743,2.082656705029981,1.6020569378223934
2023-05-31,1.8033211872416324,1.4750119612022095,2.0758750769232392,1.5908917972308347
2023-06-01,1.796147949662483,1.4704884520029575,2.0641185543973233,1.5860129122664561
2023-06-02,1.8178017532834552,1.490452785872733,2.083179018651145,1.6075456834073196
2023-06-05,1.8263191900669575,1.4958462006872255,2.097080691197018,1.6133628154802326
2023-06-07,1.8242644909998622,1.492845026314645,2.0981540712512796,1.6101258629557893
2023-06-08,1.8237057795143838,1.490800748118829,2.1016441023660097,1.6079209822507332
2023-06-09,1.8424597930706468,1.5083728415466924,2.117419572273448,1.6268735738431275
2023-06-12,1.8312493376394317,1.4987168892175198,2.1057814561497854,1.616459030938396
2023-06-13,1.8343854113744644,1.5066330303162105,2.0954578202394716,1.6249970796260584
2023-06-14,1.8250837384208014,1.499064851463616,2.0846460072721826,1.6168343297818097
2023-06-15,1.817894206918541,1.4927145404723587,2.0775928975550904,1.609985125889509
2023-06-16,1.8298052872413368,1.5013266060632422,2.0942479825699336,1.6192737722639994
2023-06-19,1.8221663405080535,1.4924535687877865,2.0922893535744413,1.609703651756949
2023-06-20,1.8187510739576362,1.4900613283458743,2.0873130769709376,1.6071234722084795
2023-06-21,1.80416900678933,1.4764038101865946,2.075032494871509,1.5923929926044902
2023-06-22,1.8136455279022954,1.483711017354617,2.0870975393026105,1.6002742683161788
2023-06-23,1.796240499706275,1.472097777391153,2.060231632938273,1.5877486694172451
2023-06-26,1.8026433623988485,1.4804923665782264,2.05938050859369,1.5968027540146017
2023-06-27,1.8051301983703312,1.480231394893654,2.068219389595034,1.5965212798820414
2023-06-28,1.7992570620898272,1.4719237962681049,2.0705820325372413,1.5875610199955383
2023-06-29,1.7823878290479884,1.4631377495541733,2.038112246418303,1.5780847241993414
2023-06-30,1.7944984537296538,1.4699230133530512,2.060125306253686,1.5854030516459094
2023-07-03,1.819834895888245,1.4922360923839764,2.08517828208008,1.6094690899798156
2023-07-04,1.806644901841354,1.4857552955504327,2.058851210684505,1.6024791490212345
2023-07-05,1.7908456136414268,1.4746639989561134,2.03592654105538,1.590516498387422
2023-07-06,1.767478358741099,1.4623113392196947,1.991539912833468,1.5771933894462342
2023-07-07,1.7458424992922097,1.4421730242268715,1.9729509753304335,1.5554729688836642
2023-07-10,1.7445157666346631,1.4389978687312426,1.9768304243363384,1.5520483669375138
2023-07-11,1.7696268622188644,1.4658779522421819,1.9893325615287762,1.5810402025912251
2023-07-12,1.78065803685671,1.4764908007481188,1.997917213410399,1.5924868173153441
2023-07-13,1.7869814281002652,1.483754512635379,1.9997852805953023,1.6003211806716058
2023-07-14,1.8144719242804943,1.5089817754773607,2.024336841480058,1.6275303468191018
2023-07-17,1.8098699454590106,1.5038493323474404,2.022579253741374,1.6219946888787493
2023-07-18,1.795721062250235,1.4935409508068374,2.0030212025312526,1.610876460642617
2023-07-19,1.7928334012304417,1.4923665782262625,1.9966250690061491,1.609609827046096
2023-07-20,1.789655112354081,1.4861032577965292,2.0024442937324745,1.6028544478646485
2023-07-21,1.7950444589187096,1.4892349180113957,2.0119501907639936,1.6062321374553719
2023-07-24,1.7947396026868079,1.4976295071984689,1.9892378149497882,1.6152862220527286
2023-07-25,1.7970508794362086,1.5002392240441913,1.9900376980705479,1.6181009633783316
2023-07-26,1.7826562540250368,1.481275281631943,1.9920683024551034,1.5976471764122828
2023-07-27,1.813002848678039,1.4995432995519986,2.0439541495321203,1.6173503656915038
2023-07-28,1.7971139203994535,1.4963681440563696,2.0002579511055094,1.6139257637453535
2023-07-31,1.8050791967554765,1.5032838936975337,2.0084199273093426,1.6213848282582017
2023-08-01,1.8279121796792805,1.52668435474751,2.022939232830038,1.6466236754777757
2023-08-02,1.7990390811476487,1.495367752598843,2.00886366943483,1.6128467795705392
2023-08-03,1.786199268624709,1.4855378191466226,1.9924346459020834,1.6022445872441011
2023-08-04,1.7879713371584998,1.4842764560045234,2.0012013815007244,1.6008841289367262
2023-08-07,1.78107529952686,1.4774476969248835,1.9962237478412486,1.5935188891347314
2023-08-08,1.7766979009714083,1.4699230133530512,2.0009833142725952,1.5854030516459094
2023-08-09,1.7858665616003109,1.485842286111957,1.9906207549360162,1.602572973732088
2023-08-10,1.7814076691314216,1.4808403288243224,1.9888584416244177,1.5971780528580153
2023-08-11,1.7787597524159278,1.4744030272715412,1.9964185049342373,1.5902350242548613
2023-08-14,1.769465249213007,1.462876777869601,1.995475099799882,1.5778032500667811
2023-08-16,1.7468819599657652,1.4409116610847723,1.9781865762926603,1.554112510576289
2023-08-17,1.7435062644862276,1.4363446566047586,1.9787891709154966,1.549186713256484
2023-08-18,1.7364125795357026,1.4284720107868298,1.9757744670846187,1.540695576924248
2023-08-21,1.7389707373575112,1.4302988125788352,1.979374621186085,1.54266589585217
2023-08-22,1.7414365439536212,1.4340394067243705,1.977930059117088,1.5467003584188677
2023-08-23,1.7449169494177688,1.4316471662824584,1.9949369229132714,1.5441201788703982
2023-08-24,1.7603089271260377,1.4519594623983298,1.9934594349905084,1.5660282488546753
2023-08-25,1.7495841287726805,1.4364316471662826,1.9979015014106905,1.5492805379673373
2023-08-28,1.7642162765909664,1.446348571180027,2.019814395237845,1.5599765550046287
2023-08-29,1.772046847959425,1.4516984907137576,2.031435200078624,1.5657467747221148
2023-08-30,1.7736225821728755,1.4568309338436778,2.0232581425123657,1.5712824326624675
2023-08-31,1.7790190264073051,1.4560045235091992,2.0430811383843612,1.5703910979093598
2023-09-01,1.7892811965747195,1.4713583576181983,2.036792040961229,1.5869511593749908
2023-09-04,1.8036542201399035,1.4832760645469967,2.0528972764869144,1.5998051447619117
2023-09-05,1.7983361113731466,1.480100909051368,2.0437301032707995,1.5963805428157611
2023-09-06,1.790157331295981,1.4694880605454308,2.044522219002077,1.5849339280916424
2023-09-07,1.7879157595646564,1.4646600843808448,2.049727168604079,1.5797266566392767
2023-09-08,1.7897350396796063,1.4631812448349353,2.059529174758326,1.5781316365547682
2023-09-11,1.8002571353777663,1.4683136879648557,2.0806547182307544,1.5836672944951207
2023-09-12,1.7897445556295026,1.4594406506894002,2.0692813767049056,1.5740971739880703
2023-09-13,1.798315692534434,1.4613979383236921,2.0922683927945402,1.5762082299822726
2023-09-14,1.8218773158190724,1.4840154843199511,2.110662970147646,1.6006026548041656
2023-09-15,1.8471238912246166,1.5005001957287636,2.1505143549497987,1.6183824375108915
2023-09-18,1.8322377715921934,1.4817537297203256,2.1504750807542763,1.5981632123219764
2023-09-19,1.825517056060038,1.4737071027793485,2.149373809066296,1.5894844265680335
2023-09-20,1.8253275885043636,1.4734026358140142,2.1495444805606088,1.5891560400800464
2023-09-21,1.8037671786798342,1.448566830498891,2.1434694072003895,1.5623690851313912
2023-09-22,1.7987742697164677,1.444130311861163,2.138645405105901,1.5575840248778658
2023-09-25,1.7946332285328206,1.4422165195076333,2.1300555350811283,1.5555198812390902
2023-09-26,1.7703480230168753,1.421860728111,2.103413127319403,1.5335648988993866
2023-09-27,1.7717248196562663,1.4210343177765212,2.110070309358048,1.532673564146279
2023-10-04,1.7367254831798342,1.3894567439432821,2.078055213584937,1.498615194106482
2023-10-05,1.7308652838936573,1.3856726545169848,2.0685494612741615,1.4945338191843576
2023-10-06,1.745876046007997,1.3872384846244181,2.1153096376150837,1.4962226639797194
2023-10-10,1.7459577154504002,1.387977904397373,2.1155875399550363,1.4962226639797194
2023-10-11,1.746834119048213,1.4124657474664,2.1185697399481778,1.4962226639797194
2023-10-12,1.7562966930267832,1.4303423078595974,2.15076870412908,1.4962226639797194
2023-10-13,1.7572570905622606,1.4169457613848897,2.1540367161852396,1.4962226639797194
2023-10-16,1.7618342144006416,1.4061589317559045,2.169611616509121,1.4962226639797194
2023-10-17,1.7601689875956925,1.4238180157452918,2.1639452324610735,1.4962226639797194
2023-10-18,1.7695291275124085,1.430211822017311,2.1957956370749905,1.4962226639797194
2023-10-19,1.7666829214570288,1.4038536818755163,2.1861106520977325,1.4962226639797194
2023-10-20,1.7678432745611008,1.3829759471097385,2.1900590669920126,1.4962226639797194
2023-10-23,1.7568433893956488,1.3722761080422776,2.1526289862086494,1.4962226639797194
2023-10-24,1.7563161526125413,1.3850202253055544,2.150834920626433,1.4962226639797194
2023-10-25,1.7619393508931975,1.3765821408377192,2.1699693718266047,1.4962226639797194
2023-10-26,1.7545107780137177,1.3385672654516985,2.1446916458502168,1.4962226639797194
2023-10-27,1.7503876574963206,1.3419598973511373,2.130661614470396,1.4962226639797194
2023-10-30,1.7400099844493075,1.343786699143143,2.095348778504342,1.4962226639797194
2023-10-31,1.7394443306335463,1.3290417989648124,2.0934239885905477,1.4962226639797194
2023-11-01,1.744475793961895,1.3470923404810577,2.11054490176427,1.4962226639797194
2023-11-02,1.7409281575096198,1.3707972684963683,2.098473110377236,1.4962226639797194
2023-11-03,1.7505948871190002,1.3841938149710757,2.1317646657435425,1.4962226639797194
2023-11-06,1.7683559810327676,1.4534383019442392,2.192932657948741,1.4962226639797194
2023-11-07,1.7620391841297112,1.4235570440607195,2.1711780416168907,1.4962226639797194
2023-11-08,1.7583401658154711,1.4092470966900092,2.1584388756335984,1.4962226639797194
2023-11-09,1.7594889437719532,1.414857987908312,2.162395188315055,1.4962226639797194
2023-11-10,1.7620663485699097,1.4081597146709584,2.1712715940903125,1.4962226639797194
2023-11-13,1.7639348468750498,1.4062459223174284,2.177706574408481,1.4962226639797194
2023-11-14,1.7657625833956816,1.4204253838458527,2.184001173929769,1.4962226639797194
2023-11-15,1.7688954966007833,1.4525683963289981,2.1947907126507307,1.4962226639797194
2023-11-16,1.7695057559057572,1.4540907311556697,2.19689240394244,1.4962226639797194
2023-11-17,1.7678952981665512,1.4443042929842114,2.1913460976779255,1.4962226639797194
2023-11-20,1.766713704815449,1.4537427689095734,2.187276771022663,1.4962226639797194
2023-11-21,1.773077075779105,1.46392066460789,2.2091917852325684,1.4962226639797194
2023-11-22,1.7721496725446402,1.4649645513461789,2.2059978719470332,1.4962226639797194
2023-11-23,1.7751025746966929,1.4653995041537995,2.2150103839678064,1.4966668974240886
2023-11-24,1.7660388943300538,1.4527423774520465,2.2174667445784846,1.4837397041929463
2023-11-27,1.766190994399604,1.4513070331868991,2.221808933946304,1.4822737338265282
2023-11-28,1.7809627184390076,1.4680527162802837,2.228134124263512,1.49937672143474
2023-11-29,1.774607864852964,1.4641381410117003,2.21666217186973,1.4953786204354178
2023-11-30,1.7861918075690353,1.472010786829629,2.2356133128018274,1.5034192457784994
2023-12-01,1.7725729142962878,1.4562219999130095,2.2307128146769224,1.4872935717478994
2023-12-04,1.7770450903410708,1.4620503675351224,2.2302120674148833,1.4932462999024458
2023-12-05,1.7655012939376769,1.4477404201644124,2.229415022535451,1.478631019582701
2023-12-06,1.7681761154652182,1.4503501370101344,2.231608326457599,1.4812964202489158
2023-12-07,1.7631303550695125,1.4469575051106955,2.2231173582675097,1.4778313993828367
2023-12-08,1.7763911880942542,1.4640511504501763,2.222168942078621,1.495289773746544
2023-12-11,1.7802659669229421,1.4698360227915273,2.219643930830938,1.5011980785566534
2023-12-12,1.790923313659047,1.477839154451742,2.2351956841667,1.5093719739330453
2023-12-13,1.7780545896963211,1.4643991126962725,2.227159965782225,1.4956451605020389
2023-12-14,1.7952582370275794,1.4846244182506199,2.2314791923120407,1.5163020156652043
2023-12-15,1.8075047322948117,1.496194162933322,2.2425983637964753,1.5281186252854237
2023-12-18,1.7998561931897776,1.4940628941759817,2.2211604359441695,1.5259418814080146
2023-12-19,1.7982047497584,1.4960201818102736,2.2096542885145682,1.5279409319076758
2023-12-20,1.8264521225077803,1.5228132747596885,2.234997890079142,1.5553057120808151
2023-12-21,1.8208205014695173,1.5170284024183376,2.231205997481803,1.5493974072707057
2023-12-22,1.8220229490973932,1.518637727806533,2.230951208974573,1.5510410710148712
2023-12-26,1.8264137061620815,1.524205123744074,2.2309001402753537,1.5567272591027967
2023-12-27,1.8290908854491017,1.5330346657387672,2.215407370119591,1.5657451980234902
2023-12-28,1.8530029493998768,1.557087556000174,2.2329584322134752,1.590311307497104
2024-01-02,1.8540956041266283,1.5682223478752557,2.205210223210225,1.6016836836729542
2024-01-03,1.8218358561765347,1.5275542603627505,2.20491218216681,1.560147856624439
2024-01-04,1.8043907767979253,1.513940237484233,2.1809166675423857,1.5462433498156847
2024-01-05,1.802220595283679,1.51024313861946,2.183313194727075,1.542467365538547
2024-01-08,1.7971909124873686,1.5031099125744856,2.1850276049652244,1.5351819370508928
2024-01-09,1.7987328516338166,1.495411247879605,2.210948846096497,1.5273190050855592
2024-01-10,1.7912821596037394,1.4817102344395636,2.2218735968995738,1.5133256515879312
2024-01-11,1.7895115819268412,1.4800574137706057,2.2201809981793197,1.511637564499328
2024-01-12,1.7823377501956241,1.4710973859336263,2.2193781929802996,1.5024863555453238
2024-01-15,1.7889341836201211,1.475533904571354,2.2302888727935626,1.507017536677889
2024-01-16,1.7688323204292709,1.4559175329476752,2.213350191557084,1.4869826083368405
2024-01-17,1.734627483290148,1.4184246009307993,2.195534534357458,1.4486896854322204
2024-01-18,1.7346516384864459,1.4228611195685268,2.1837488459308294,1.4532208665647854
2024-01-19,1.7583210242508525,1.4483493540950807,2.197298317264399,1.4792529464048176
2024-01-22,1.7551369331820208,1.4467835239876472,2.190491636416375,1.477653706005089
2024-01-23,1.7725332897765798,1.4569614196859644,2.223338198581328,1.4880487686033272
2024-01-24,1.7725280387380475,1.4495672219564177,2.243101906150258,1.4804968000490515
2024-01-25,1.7772066906677932,1.4518724718368057,2.253091642627254,1.482851237304208
2024-01-26,1.7873934099712159,1.453655778348049,2.2834990214749897,1.4846725944261214
2024-01-29,1.8179234427977364,1.4694445652646686,2.3466898203263704,1.5007982684567214
2024-01-30,1.8187772316395032,1.4678787351572355,2.3538273466736843,1.4991990280569927
2024-01-31,1.828170341381826,1.462485320342743,2.4006941373796775,1.4936905333468153
2024-02-01,1.8798541222997884,1.48932190857292,2.5073798058630206,1.5210997368643917
2024-02-02,1.9242851771633847,1.537253707972685,2.5325828531068373,1.5700542624338718
2024-02-05,1.9041573001324368,1.518637727806533,2.51385264625606,1.5510410710148723
2024-02-06,1.8879051295568468,1.512765864903658,2.4707045911611396,1.5450439195158887
2024-02-07,1.9114582321531894,1.5321212648427647,2.500052460753954,1.5648123077903158
2024-02-08,1.9225869809879736,1.5366447740420166,2.52806016078221,1.5694323356117548
2024-02-13,1.9333976142562435,1.5544343438736896,2.5142829162563896,1.5876014834864527
2024-02-14,1.901200859421778,1.5340350571962942,2.4556259119347787,1.5667669349455398
2024-02-15,1.8969210491025328,1.5275977556435127,2.459227916686297,1.5601922799688765
2024-02-16,1.9305645428374885,1.5463442216519507,2.528382095331447,1.579338741421187
2024-02-19,1.9663862389881428,1.5696576921404026,2.5917538706605336,1.6031496540393733
2024-02-20,1.9361727025395066,1.5524335609586362,2.5308397474684705,1.5855580096423554
2024-02-21,1.936300999850205,1.5486059762515767,2.5430330330246917,1.5816487553319065
2024-02-22,1.9419110534402384,1.5556957070157889,2.5424370177539717,1.5888897604751235
2024-02-23,1.9531655991425851,1.559610282284372,2.5727808447511866,1.5928878614744457
2024-02-26,1.9227970599161162,1.5461702405289026,2.4997060923669467,1.579161048043439
2024-02-27,1.9177518292199873,1.5343395241616284,2.5169315077713312,1.5670778983565983
2024-02-28,1.9428023729904367,1.5518681223087296,2.557499520206535,1.5849805061646751
2024-02-29,1.9430392132286194,1.546561698055761,2.574625607890077,1.5795608581433715
2024-03-04,1.970113822459274,1.5706145883171678,2.6028431105670466,1.6041269676169854
2024-03-05,1.9519306493442632,1.5553477447696924,2.5811786465145627,1.5885343737196282
2024-03-06,1.9459409595070007,1.5495193771475795,2.5764878477147057,1.5825816455650819
2024-03-07,1.9510121487735286,1.5519986081510155,2.5879717689297803,1.5851137761979857
2024-03-08,1.9678931371834643,1.5732678004436518,2.5860830921773577,1.606836791627637
2024-03-11,1.9531931131856672,1.558609890826845,2.5757636404127067,1.5918661245523966
2024-03-12,1.9666163629809283,1.5706580835979298,2.589325981517822,1.604171390961422
2024-03-13,1.983321362546678,1.579052672785003,2.6266404229031375,1.6127450964377463
2024-03-14,2.0247435582498534,1.5948849549823845,2.7345983112900467,1.628915193812783
2024-03-15,1.9881102801812083,1.5631768953068592,2.693954247777586,1.5965305757182724
2024-03-18,1.9872733651729573,1.5715279892131704,2.6649207069783296,1.6050598578501598
2024-03-19,1.9670691298838263,1.5542168674698795,2.6419571381125846,1.587379366764268
2024-03-20,1.992673708364133,1.5802705406463398,2.6583136893122523,1.61398895008198
2024-03-21,2.048726676342491,1.6252446609542865,2.7314747030380233,1.6599226882297498
2024-03-22,2.045562871373625,1.6208516375973205,2.733088420663121,1.655435930441621
2024-03-25,2.0313734344834278,1.6125005436910098,2.705173096627364,1.6469066483097339
2024-03-26,2.0428792123348622,1.629333217345918,2.6966517550851803,1.6640984826068195
2024-03-27,2.02345433398456,1.627071462746292,2.6300369777787647,1.6617884686961
2024-03-28,2.0252839003028473,1.623330868600757,2.648554792868705,1.6579680610745258
2024-03-29,2.0160981767887787,1.629463703188204,2.594749339535615,1.6642317526401305
2024-04-01,2.0100827971126227,1.6279413683615327,2.576665824842213,1.6626769355848383
2024-04-02,2.014129821260368,1.6369013961985124,2.5642563373753626,1.671828144538843
2024-04-03,1.9844750310168306,1.608107520334044,2.5410356222603454,1.6424198905216059
2024-04-04,2.0121641206700933,1.6337262407028839,2.566639293827078,1.6685852403949486
2024-04-05,1.9968072259370007,1.6161541472750205,2.562854998005852,1.650638209242435
2024-04-08,2.006124027703889,1.6202427036666522,2.584979579768546,1.654814003619505
2024-04-09,1.9944717522703241,1.6104997607759557,2.5709428565829917,1.644863174465636
2024-04-11,1.9898161906895115,1.6124570484102476,2.5481063318784276,1.6468622249652973
2024-04-12,1.955815464030296,1.5973641859858205,2.4678717098020853,1.631447324445688
2024-04-15,1.9548110209120948,1.5889261015179852,2.489038572331915,1.6228291956249266
2024-04-16,1.9177769159902902,1.5513461789395853,2.4639049085682165,1.5844474260314325
2024-04-17,1.8974103038752026,1.5344700100039148,2.4389194668685055,1.5672111683899097
2024-04-18,1.933603569266877,1.561741551041712,2.4913279808243485,1.5950646053518547
2024-04-19,1.9064223243390088,1.5335566091079116,2.474657199782983,1.5662782781567341
2024-04-22,1.9500808631934046,1.5523030751163498,2.5795478543645567,1.5854247396090442
2024-04-23,1.9549164236995882,1.5483450045670044,2.6089367715980845,1.581382215265285
2024-04-24,1.9756207482057764,1.581488408507677,2.5872534832371605,1.615232803726214
2024-04-25,1.9520325553393305,1.5506502544473924,2.5915724278864434,1.5837366525204415
2024-04-26,1.9839870334513203,1.5702666260710711,2.6509815285852865,1.6037715808614896
2024-04-29,1.9997314459274766,1.5853159932147363,2.6643969622221015,1.6191420580366622
2024-04-30,2.0007709611380085,1.5881431864642686,2.6598828345622887,1.6220295754250618
2024-05-02,1.9855770141268834,1.5845765734417816,2.614669189771393,1.618386861181235
2024-05-03,1.985306623721689,1.5814014179461529,2.6230285079646163,1.6151439570373403
2024-05-07,2.019554202979736,1.6215040668087515,2.6305143211555895,1.6561022806081753
2024-05-08,2.035615518263292,1.627114958027054,2.6728882540297967,1.6618328920405372
2024-05-09,2.009045010215944,1.6042364403462224,2.642829626208405,1.6384662128667202
2024-05-10,2.032054821425752,1.6140228785176807,2.6993700772401716,1.648461465365026
2024-05-13,2.03715223312609,1.6136314209908227,2.7197262146969634,1.6480616552650942
2024-05-14,2.0277333505991257,1.6138488973946328,2.6836602349456222,1.648283771987279
2024-05-16,2.0574830296458426,1.629333217345918,2.7480998040171696,1.6640984826068201
2024-05-17,2.032289643827547,1.6118481144795789,2.7069062747810304,1.6462402981431805
2024-05-20,2.0513569763523307,1.6253316515158105,2.7373178648800955,1.6600115349186242
2024-05-21,2.0398857769504164,1.6160671567134965,2.7225481071456787,1.6505493625535612
2024-05-22,2.03099562861521,1.6154582227828282,2.6909977377334227,1.6499274357314446
2024-05-23,2.0214816777009545,1.6163716236788308,2.652445286368846,1.6508603259646197
2024-05-24,1.9976946383756389,1.592275238136662,2.636764489187274,1.6262497931465691
2024-05-27,2.012379641531135,1.6143708407637773,2.6243568614715302,1.648816852120522
2024-05-28,2.0105463044419074,1.6151102605367316,2.6152040810848614,1.6495720489759491
2024-05-29,1.9872545453841135,1.5874037666913139,2.6124297970825396,1.6212743785696344
2024-05-30,1.9588435380897473,1.5601757209342786,2.5889511586339724,1.593465364952126
2024-05-31,1.968126421355478,1.5580444521769388,2.6303611777899736,1.5912886210747172
2024-06-03,1.9960053128474353,1.58966552129094,2.638399553106372,1.6235843924803546
2024-06-04,1.9730223005096685,1.5767909181853768,2.5914079707714404,1.6104350825270275
2024-06-05,1.982270268942507,1.5938410682440955,2.5740018011819368,1.627849033546298
2024-06-07,2.008316488121415,1.6153712322213039,2.606024941386027,1.6498385890425709
2024-06-10,1.987378290879943,1.5982775868818233,2.579626772002059,1.6323802146788635
2024-06-11,1.9852751484397506,1.5993649689008742,2.5683953556252024,1.6334907982897866
2024-06-12,1.999412900778955,1.614196859640729,2.5764194499942077,1.6486391587427747
2024-06-13,2.0050210506444777,1.6299856465573486,2.5500613395896905,1.6647648327733748
2024-06-14,2.0107136225488977,1.635422556652603,2.5548882734837104,1.6703177508279892
2024-06-17,2.0000251302771823,1.6261145665695271,2.543139609668086,1.6608111551184896
2024-06-18,2.020209321550309,1.6429472402244358,2.5675464119142237,1.6780029894155757
2024-06-19,2.044487601358467,1.6659127484667913,2.588796098344455,1.7014585152782666
2024-06-20,2.0633964202557165,1.6736114131616717,2.63572955178643,1.7093214472436005
2024-06-21,2.0463642662811417,1.6566482536644773,2.623362938987408,1.6919963429132039
2024-06-24,2.041954707310416,1.64581792875473,2.639363558049563,1.680934930148412
2024-06-25,2.054017460346116,1.6521682397459876,2.6650128256234384,1.6874207384362017
2024-06-26,2.060075493172702,1.6659127484667913,2.6464144073533524,1.7014585152782664
2024-06-27,2.0600548302476853,1.6626940976904006,2.655937195171393,1.6981711877899348
2024-06-28,2.077669654442468,1.670305771823757,2.6983470277694743,1.705945273066395
2024-07-01,2.071093727481288,1.6716976208081422,2.6698891076257256,1.7073668200883763
2024-07-02,2.074322476531629,1.6580401026488625,2.7225552882277717,1.693417889935185
2024-07-03,2.0891142880271185,1.6668696446435562,2.75089816033831,1.702435828855879
2024-07-04,2.1170275116551047,1.6899221434474359,2.7853244356485014,1.7259802014074432
2024-07-05,2.140634880353039,1.72010786829629,2.7825609370391007,1.7568100024466624
2024-07-08,2.1246774084840494,1.7157583402200862,2.7365483755761457,1.752367668002971
2024-07-09,2.1219860242209085,1.7214997172806752,2.709477241203281,1.7582315494686436
2024-07-10,2.1204040063728744,1.7206733069461966,2.7060941995443977,1.7573875059243422
2024-07-11,2.14276431761798,1.7333739289287111,2.750532375583327,1.7703591224999213
2024-07-12,2.1199742275972495,1.706276369013962,2.7465764959060754,1.7426833789157237
2024-07-15,2.117689330196871,1.7130181375320777,2.7185541880573285,1.7495689973034452
2024-07-16,2.1242252455191757,1.7194119438040973,2.7237117949515306,1.7560992289356716
2024-07-17,2.113811732316551,1.7030577182375712,2.7335067650630664,1.7393960514273918
2024-07-18,2.1072074155668803,1.6919664216432517,2.7418197938685003,1.7280680985959784
2024-07-19,2.089939167630056,1.6697403331738507,2.7437701855479344,1.705367769588715
2024-07-22,2.0740654871524105,1.6521247444652254,2.7373396586250998,1.6873763150917644
2024-07-23,2.0778565989919087,1.6599973902831542,2.728169524787625,1.695416940434846
2024-07-24,2.06081270093738,1.6469923013353052,2.704006020627459,1.6821343604482086
2024-07-25,2.0286100467664636,1.6148057935713973,2.680592191379396,1.6492610855648915
2024-07-26,2.0748202895118557,1.6275934061154365,2.811741069074063,1.6623215488293444
2024-07-29,2.1008057949851437,1.6472967683006396,2.84894487052956,1.682445323859267
2024-07-30,2.0792914988849205,1.6305075899264931,2.8195330719097416,1.6652979129066179
2024-07-31,2.1076006778179406,1.6549519377147581,2.8513626715237317,1.6902638324801642
2024-08-01,2.108533366859575,1.6551694141185682,2.854128378242407,1.6904859492023487
2024-08-02,2.029094960456468,1.588317167587317,2.7597261855587036,1.622207268802811
2024-08-05,1.8583942968169773,1.4434343873689703,2.5604567480423346,1.4742331084834486
2024-08-06,1.9046725184216133,1.4863642294811013,2.6038165115148093,1.5180789494426832
2024-08-07,1.9448208323444947,1.5183767561219608,2.6567110069204825,1.5507745309482523
2024-08-08,1.950251610401281,1.5079813840198337,2.676513428607661,1.5507745309482523
2024-08-09,1.958760805265455,1.528946109347136,2.7098790491535802,1.5507745309482523
2024-08-12,1.9623581099018899,1.5467356791788092,2.7239845319170195,1.5507745309482523
2024-08-13,1.9734683300799287,1.5528685137662561,2.767549099018757,1.5507745309482523
2024-08-14,1.9717499767303104,1.5675264233830628,2.760811219966466,1.5507745309482523
2024-08-16,1.973465779921401,1.6054543082075596,2.767539099527251,1.5507745309482523
2024-08-19,1.9927024092302796,1.5898395024139882,2.8429683362938083,1.5507745309482523
2024-08-20,2.0088606875672403,1.604932364838415,2.9063269727185386,1.5507745309482523
2024-08-21,2.0068469028451843,1.6015832282197382,2.908803347509093,1.5475384096744234
2024-08-22,2.0125958821105763,1.6054108129267977,2.9194913280601336,1.551236833987371
2024-08-23,2.009762469458102,1.600234874516115,2.9244116629033736,1.5462355556550897
2024-08-26,2.013883456946008,1.5932756295941892,2.9621241870262724,1.5395111478133672
2024-08-27,1.9986510760165577,1.5856639554608325,2.9259703771185173,1.5321563267364833
2024-08-28,1.9849678134816378,1.5887956156756993,2.862617461304644,1.5351823102652582
2024-08-29,1.9646381196093277,1.566265060240964,2.8526820104774306,1.5134120398776816
2024-08-30,1.9681800996699839,1.5725718759514593,2.847037594861461,1.5195060344842426
2024-09-02,1.9747619967055394,1.5749206211126092,2.865571693709873,1.521775522130824
2024-09-03,1.968211412863384,1.5606106737418992,2.884205653950368,1.5079484585062821
2024-09-04,1.9138023927326158,1.5078074028967858,2.8343991157231994,1.4569270140072126
2024-09-05,1.9142452617716859,1.504588752120395,2.8461042078147396,1.4538169753804155
2024-09-06,1.9003616622470076,1.4891479274498718,2.8394869561033484,1.4388971954815937
2024-09-09,1.888016115520129,1.4796224609629856,2.79107851863117,1.4388971954815937
2024-09-10,1.889590303402613,1.4722282632334394,2.7977274963551158,1.4388971954815937
2024-09-11,1.8584825066919266,1.4599190987777826,2.6663359072876025,1.4388971954815937
2024-09-12,1.8700326662525644,1.4955852290026532,2.715120905877175,1.4388971954815937
2024-09-13,1.8853631839580003,1.4948893045104608,2.779873196155994,1.4388971954815937
2024-09-19,1.897966692693526,1.493105997999217,2.8331072794306262,1.4388971954815937
2024-09-20,1.8930142383138389,1.4991518420251404,2.812189345036774,1.4388971954815937
2024-09-23,1.8892572742219575,1.5039798181897264,2.7963208640031327,1.4388971954815937
2024-09-24,1.8902659297772835,1.5206385107215867,2.8005811739655715,1.4388971954815937
2024-09-25,1.8697352945673256,1.4986733939367578,2.713864881908953,1.4388971954815937
2024-09-26,1.888646541654443,1.5503457874820583,2.79374128167889,1.4388971954815937
2024-09-27,1.8876231680533102,1.5394284720107867,2.7894188063549987,1.4388971954815937
2024-09-30,1.8754905112953355,1.4995432995519986,2.738173484615662,1.4388971954815937
2024-10-02,1.8720844382628443,1.4819712061241357,2.7237870800630937,1.4388971954815937
2024-10-04,1.8763426185852545,1.4864077247618632,2.7417725736774736,1.4388971954815937
2024-10-07,1.8940846599938963,1.5107650819886043,2.8167105397334953,1.4388971954815937
2024-10-08,1.8900803583869747,1.4972380496716107,2.7997973666106217,1.4388971954815937
2024-10-10,1.8895982709510402,1.5015005871862903,2.7977611492961634,1.4388971954815937
2024-10-11,1.890824709308152,1.5025444739245792,2.802941319596651,1.4388971954815937
2024-10-14,1.8984772773503527,1.521203949371493,2.8352638619117934,1.4388971954815937
2024-10-15,1.9092098609650767,1.526988821712844,2.8805956232401084,1.4388971954815937
2024-10-16,1.9155326242038875,1.5104171197425078,2.907301401118604,1.4388971954815937
2024-10-17,1.9132950584468424,1.5124613979383237,2.8975983511628978,1.4388971954815937
2024-10-18,1.9149138207213414,1.502413988082293,2.9046180023916595,1.4388971954815937
2024-10-21,1.9100608314037433,1.5076334217737377,2.88357334811283,1.4388971954815937
2024-10-22,1.9126236885907162,1.4879300595885345,2.8946870019736113,1.4388971954815937
2024-10-23,1.9097236433280695,1.5061110869470662,2.882111155221993,1.4388971954815937
2024-10-24,1.906760362689658,1.4913661867687356,2.86926109261411,1.4388971954815937
2024-10-25,1.9250359423891528,1.4934974555260754,2.948511886578647,1.4388971954815937
2024-10-28,1.9104962613256469,1.51046061502327,2.8854615600105737,1.4388971954815937
2024-10-29,1.9125030791678579,1.5148536383802356,2.8941639875095944,1.4388971954815937
2024-10-30,1.8997651212027775,1.5005871862902875,2.8389267091951105,1.4388971954815937
2024-10-31,1.8878857450814817,1.4758818668174505,2.787412611973774,1.4388971954815937
2024-11-01,1.8967645561209836,1.4679222304379975,2.8259149651637565,1.4388971954815937
2024-11-04,1.8920590407848543,1.4944978469836023,2.8055098216590144,1.4388971954815937
2024-11-05,1.89271274959752,1.4852333521812884,2.8083445849484536,1.4388971954815937
2024-11-06,1.9055746044761337,1.4814927580357533,2.8641191337040794,1.4388971954815937
2024-11-07,1.9022994727488323,1.4826236353355662,2.849916750305306,1.4388971954815937
2024-11-08,1.8992038847920802,1.4775781827671697,2.8364929461144897,1.4388971954815937
2024-11-11,1.8985038502188978,1.4555260754208168,2.8334572943518888,1.4388971954815937
2024-11-12,1.8951261577081744,1.4236440346222434,2.818810163172225,1.4388971954815937
2024-11-13,1.888813210477554,1.386803531816798,2.7914345018520685,1.4388971954815937
2024-11-14,1.8773075311512166,1.3818450698099256,2.741540915070862,1.4388971954815937
2024-11-15,1.8746205597130055,1.3941542342655822,2.730329657894984,1.4388971954815937
2024-11-18,1.8850088888913001,1.4285590013483538,2.7736744543410095,1.4388971954815937
2024-11-19,1.8856023665870754,1.4271236570832067,2.7761507110592105,1.4388971954815937
2024-11-20,1.898409310553848,1.4310817276325518,2.8295870596584893,1.4388971954815937
2024-11-21,1.9059649300356711,1.4331260058283677,2.8611125131594743,1.4388971954815937
2024-11-22,1.9094583516242079,1.4456091514070726,2.875688644225061,1.4388971954815937
2024-11-25,1.9104815412182963,1.4641816362924622,2.8799578528648984,1.4388971954815937
2024-11-26,1.9051544773004285,1.4597016223739725,2.8577309386795657,1.4388971954815937
2024-11-27,1.9166580051428026,1.4454351702840242,2.9057288471190383,1.4388971954815937
2024-11-28,1.9218736199453388,1.441651080857727,2.9274907453104397,1.4388971954815937
2024-11-29,1.9149926200484186,1.4155539124005045,2.898780109099537,1.4388971954815937
2024-12-02,1.9230319400440958,1.415075464312122,2.9323237793853387,1.4388971954815937
2024-12-03,1.9476731554552964,1.441607585576965,3.0351380479601913,1.4388971954815937
2024-12-04,1.9210757042978615,1.4205123744073769,2.9241614812173005,1.4388971954815937
2024-12-05,1.8981425471022333,1.4086816580401027,2.82847400217725,1.4388971954815937
2024-12-06,1.9054529026786151,1.4008525075029359,2.85897610400402,1.4388971954815937
2024-12-09,1.8790949297946709,1.364620938628159,2.748998748668425,1.4388971954815937
2024-12-10,1.88502142718928,1.3952851115653953,2.7737267697773405,1.4388971954815937
2024-12-11,1.8968585860960037,1.4086381627593407,2.8231167375484074,1.4388971954815937
2024-12-12,1.9040477195106624,1.431168718194076,2.8531130458221945,1.4388971954815937
2024-12-13,1.9024030205186135,1.4374755339045715,2.8462506195550046,1.4388971954815937
2024-12-16,1.8971983934184742,1.433647949197512,2.8240025575760237,1.4388971954815937
2024-12-17,1.87980550529999,1.4146840067852637,2.7496537050245795,1.4388971954815937
2024-12-18,1.8916325112277184,1.4341263972858946,2.8002102493923453,1.4388971954815937
2024-12-19,1.8827531188440956,1.402200861206559,2.762253779450197,1.4388971954815937
2024-12-20,1.8756687739450393,1.3845852724979337,2.731970544674268,1.4388971954815937
2024-12-23,1.889777813073771,1.4048105780522815,2.7922820273146836,1.4388971954815937
2024-12-24,1.8924957021007132,1.4065938845635249,2.80390010529798,1.4388971954815937
2024-12-26,1.8872128052424675,1.3981558000956897,2.781317465952374,1.4388971954815937
2024-12-27,1.8784940840961162,1.3876299421512766,2.7440478124864645,1.4388971954815937
2024-12-30,1.8729235139067835,1.3823670131790702,2.7202354646571227,1.4388971954815937
2025-01-02,1.8740266265214498,1.3821495367752599,2.724950906772127,1.4388971954815937
2025-01-03,1.8756650482822845,1.4092470966900092,2.731954618696424,1.4388971954815937
2025-01-06,1.8792782165041646,1.4419555478230612,2.7473997195642106,1.4388971954815937
2025-01-07,1.8807811400242218,1.4392153451350527,2.753824221258675,1.4388971954815937
2025-01-08,1.8796712490286378,1.4568744291244398,2.749079803803868,1.4388971954815937
2025-01-09,1.8815375494439266,1.4588317167587317,2.757057621717015,1.4388971954815937
2025-01-10,1.885017605175996,1.4551346178939586,2.7719337106524375,1.4388971954815937
2025-01-13,1.890750592038232,1.4366926188508546,2.7964403361188994,1.4388971954815937
2025-01-14,1.8920254139534725,1.4385629159236224,2.801889778785344,1.4388971954815937
2025-01-15,1.8957905591270825,1.4395633073811493,2.817984530930045,1.4388971954815937
2025-01-16,1.8980242252008712,1.4602670610238788,2.8275327157075223,1.4388971954815937
2025-01-17,1.8931819893179282,1.4574833630551085,2.806922440793512,1.4388971954815937
2025-01-20,1.8959825968221162,1.4524814057674742,2.8188428205484266,1.4388971954815937
2025-01-21,1.9004134032773492,1.454656169805576,2.8377019057604467,1.4388971954815937
2025-01-22,1.9073429952199628,1.4734461310947762,2.867196709076879,1.4388971954815937
2025-01-23,1.9067857004624926,1.4549171414901483,2.8648246647491624,1.4388971954815937
2025-01-24,1.9072477942926183,1.4646600843808448,2.8667915001337225,1.4388971954815937
2025-01-31,1.9211164781092165,1.4499586794832762,2.925821541846983,1.4388971954815937
2025-02-03,1.9080678470706784,1.4116393371319214,2.8702819358763003,1.4388971954815937
2025-02-04,1.9132431357457045,1.429776869209691,2.8923098017073268,1.4388971954815937
2025-02-05,1.9152230995122337,1.446087599495455,2.90073723038582,1.4388971954815937
2025-02-06,1.9110956231158776,1.4637466834848418,2.8831692255867067,1.4388971954815937
2025-02-07,1.907729118406774,1.452263929363664,2.868840186433875,1.4388971954815937
2025-02-10,1.913491703460469,1.4549171414901483,2.8933677941430296,1.4388971954815937
2025-02-11,1.9089976458302602,1.4643556174155106,2.874239489476114,1.4388971954815937
2025-02-12,1.9165014835956211,1.4667913531381847,2.9061784868717178,1.4388971954815937
2025-02-13,1.926993902736121,1.4834500456700448,2.950837947547824,1.4388971954815937
2025-02-14,1.924890970721489,1.490844243399591,2.9418871223516136,1.4388971954815937
2025-02-17,1.9346369344294412,1.50106563437867,2.9833694037147387,1.4388971954815937
2025-02-18,1.942056955762387,1.512939846026706,3.0149516486191077,1.4388971954815937
2025-02-19,1.9438575638589808,1.542038188856509,3.0226156758950027,1.4388971954815937
2025-02-20,1.9421782568363901,1.531686312035144,3.0154679490520078,1.4388971954815937
2025-02-21,1.9352242345376076,1.5306859205776173,2.984619476599331,1.4388971954815937
2025-02-24,1.9371097311241143,1.5218998738636857,2.992983655920219,1.4388971954815937
2025-02-25,1.9327327779874968,1.511634987603845,2.9735672214510287,1.4388971954815937
2025-02-26,1.9376649932100243,1.5193336522987255,2.995446832830683,1.4388971954815937
2025-02-27,1.9495915085896462,1.5068940020007828,3.0483535917303635,1.4388971954815937
2025-02-28,1.9328554717361364,1.4539167500326213,2.9741114984985275,1.4388971954815937
2025-03-04,1.9217074473423703,1.4528293680135704,2.9246581736978485,1.4388971954815937
2025-03-05,1.9110150928911525,1.466138923926754,2.8772262289080834,1.4388971954815937
2025-03-06,1.9194638006523217,1.480187899612892,2.914705218395473,1.4388971954815937
2025-03-07,1.912053041670605,1.471967291548867,2.8818306338056394,1.4388971954815937
2025-03-10,1.9190380208840065,1.4735766169370625,2.9128164330437096,1.4388971954815937
2025-03-11,1.9125157191813433,1.456917924405202,2.883883099821888,1.4388971954815937
2025-03-12,1.9243399235154417,1.48271062589709,2.9363360006040895,1.4388971954815937
2025-03-13,1.928205238029738,1.4850158757774783,2.9534827745418255,1.4388971954815937
2025-03-14,1.923296345283115,1.482319168370232,2.931706623105863,1.4388971954815937
2025-03-17,1.9359966052311384,1.5144621808533774,2.9880457607035407,1.4388971954815937
2025-03-18,1.937148347564531,1.512939846026706,2.9931549608351635,1.4388971954815937
2025-03-19,1.9430202990320369,1.5260319255360795,3.019203300243066,1.4388971954815937
2025-03-20,1.9417435629097024,1.5375581749380192,3.0135396199430953,1.4388971954815937
2025-03-21,1.9366569426065734,1.5448653821060414,2.990975058088617,1.4388971954815937
2025-03-24,1.9414879575874568,1.5364272976382063,3.0124057389454126,1.4388971954815937
2025-03-25,1.9390949353716884,1.5270758122743682,3.001797154169666,1.4388971954815937
2025-03-26,1.931076429024433,1.5440824670523248,2.966250052350388,1.4388971954815937
2025-03-27,1.9253656051076815,1.523465703971119,2.9409332127234893,1.4388971954815937
2025-03-28,1.9251317761089202,1.491714149014832,2.9398966177683556,1.4388971954815937
2025-03-31,1.9155210781295076,1.4457831325301203,2.8972911193334197,1.4388971954815937
2025-04-01,1.9293458595433992,1.4710973859336263,2.9585782083830003,1.4388971954815937
2025-04-02,1.9246046282099392,1.4625723109042668,2.9375597012370975,1.4388971954815937
2025-04-03,1.9121155470661653,1.4480448871297464,2.882193948586802,1.4388971954815937
2025-04-04,1.9090377042505717,1.4295593928058807,2.8685494632909734,1.4388971954815937
2025-04-07,1.880215939935535,1.3466138923926754,2.740778760575432,1.4388971954815937
2025-04-08,1.8722707765285174,1.3484841894654427,2.7055567977348436,1.4388971954815937
2025-04-09,1.8672388238670448,1.3245617850463225,2.6832494843948242,1.4388971954815937
2025-04-10,1.8916710577733067,1.4139445870123093,2.7915608167959745,1.4388971954815937
2025-04-11,1.8873643027969371,1.4019398895219868,2.772468400948715,1.4388971954815937
2025-04-14,1.8918811867119847,1.4150319690313602,2.7924923462423443,1.4388971954815937
2025-04-15,1.9051866295160966,1.4272541429254926,2.8514771383751385,1.4388971954815937
2025-04-16,1.9071712633843902,1.4072028184941932,2.8602752834579026,1.4388971954815937
2025-04-17,1.907233138403913,1.4192510112652779,2.860549583623519,1.4388971954815937
2025-04-18,1.9159288601885145,1.4281675438214956,2.899098871269235,1.4388971954815937
2025-04-21,1.9230017130067778,1.4323430907746508,2.93045376560933,1.4388971954815937
2025-04-22,1.925744636345973,1.4292984211213084,2.9426135084589715,1.4388971954815937
2025-04-23,1.9291580274450695,1.4524814057674742,2.9575157821313134,1.4388971954815937
2025-04-24,1.9345328058728577,1.4515245095907094,2.9809811327851827,1.4388971954815937
2025-04-25,1.9380025292569676,1.4652255230307512,2.996129343446134,1.4388971954815937
2025-04-28,1.9271553709717082,1.466138923926754,2.9487725312200377,1.4388971954815937
2025-04-29,1.9393734096736281,1.4747509895176374,3.002114369640916,1.4388971954815937
2025-04-30,1.9524696549266132,1.4733591405332522,3.059290305586769,1.4388971954815937
2025-05-02,1.951639643230205,1.4735766169370625,3.055666618440461,1.4388971954815937
2025-05-07,1.954373663349963,1.4845374276890957,3.0676028762168137,1.4388971954815937
2025-05-08,1.95184829977033,1.4852333521812884,3.0565775767145626,1.4388971954815937
2025-05-09,1.9546626904162658,1.4853203427428123,3.068864718272327,1.4388971954815937
2025-05-12,1.9631836448792408,1.5096342046887914,3.1060657279633714,1.4388971954815937
2025-05-13,1.9641265189540298,1.5100256622156496,3.110182152683873,1.4388971954815937
2025-05-14,1.967530315073511,1.530120481927711,3.1250425363389396,1.4388971954815937
2025-05-15,1.9569667487134188,1.5186812230872953,3.1197793622342163,1.4281399265878887
2025-05-16,1.9607924529131961,1.5242921143055979,3.116442321439445,1.4334163056270062
2025-05-19,1.942571532740573,1.5074159453699274,3.097166493505312,1.4175462663465588
2025-05-20,1.9470094217138194,1.509373233004219,3.10955105819315,1.419386863685786
2025-05-21,1.9579985152006443,1.5196381192640598,3.120866303384634,1.4290397741759548
2025-05-22,1.9362332395456845,1.499717280675047,3.096990528082612,1.4103065834789321
2025-05-23,1.9462185102397636,1.5018050541516246,3.133127966869148,1.4122698873074409
2025-05-26,1.9896360793178158,1.531512330912096,3.2165814555492074,1.4402060647005994
2025-05-27,1.985899952014048,1.5279022226088468,3.213405286645388,1.4368111851638026
2025-05-28,2.006598984960057,1.549997825235962,3.222831481782868,1.4575894840155226
2025-05-29,2.0588700059186573,1.5792266539080508,3.3502672451321738,1.4850757376146477
2025-05-30,2.043594116609401,1.564177286764386,3.338407049391526,1.4709235891841457
2025-06-02,2.0267412773019986,1.5644817537297202,3.259375335531644,1.471209904325803
2025-06-04,2.101379916585247,1.6088904353877604,3.4309194015364226,1.512971012844712
2025-06-05,2.127542284541449,1.6377713018137532,3.439115160032388,1.5401300491390861
2025-06-09,2.169043311803325,1.6658257579052673,3.5213843918831924,1.566511944334675
2025-06-10,2.1794330204699914,1.673654908442434,3.5388374602203894,1.5738743336915835
2025-06-11,2.2006239616209986,1.6954025488234528,3.5518930288745403,1.594325415238552
2025-06-12,2.208507604140154,1.699012657126702,3.5742267866849087,1.5977202947753484
2025-06-13,2.2023227704888857,1.6845722239137055,3.601983508964809,1.5841407766281614
2025-06-16,2.237221303789872,1.714409986516463,3.646799704746847,1.6121996605106017
2025-06-17,2.239661500950199,1.7188465051541908,3.6407664980616405,1.6163716811461832
2025-06-18,2.2469784878841117,1.7348527684746207,3.6121317433104867,1.631423677164752
2025-06-19,2.2498125978872148,1.7367230655473884,3.61792756672093,1.6331824701777913
2025-06-20,2.278024212407268,1.7629507198468966,3.645937734000625,1.6578464745234345
2025-06-23,2.278088188570539,1.758601191770693,3.663198541788674,1.653756258214041
2025-06-24,2.352163063308635,1.817058849114871,3.7773406356454386,1.7087287654122916
2025-06-25,2.374728812127318,1.8246705232482274,3.8518837328650504,1.7158866439537304
2025-06-26,2.353013684335823,1.8079248401548433,3.8168968254636373,1.7001393111625651
2025-06-27,2.3427405782917923,1.7951372276108044,3.8194222158090736,1.6881140752129478
2025-06-30,2.352723307630124,1.8033143403940672,3.8336279034435705,1.6958036818746076
2025-07-01,2.374931457717744,1.8105345570005655,3.9082460696505135,1.7025934409482013
2025-07-02,2.360300278653786,1.8025749206211126,3.871643713036624,1.6951083451020108
2025-07-03,2.3977663320585236,1.830890348397199,3.9342668486909576,1.7217356532761634
2025-07-04,2.3602496147979446,1.7952242181723284,3.9002295819999584,1.6881958795391352
2025-07-07,2.374326900733795,1.7964420860336652,3.960697998915409,1.6893411401057656
2025-07-08,2.462925822677308,1.832108216258536,4.231483940222457,1.7228809138427936
2025-07-09,2.4747465880201513,1.835587838719499,4.272626249203664,1.7261530868903086
2025-07-10,2.522454982539428,1.8634248184072029,4.384595060478111,1.7523304712704277
2025-07-11,2.536434640862254,1.8619024835805313,4.455354809869692,1.7508988955621398
2025-07-14,2.5812352887702588,1.881127397677352,4.587613441865641,1.7689776516496598
2025-07-15,2.590405451046541,1.8910878169718583,4.591061158078204,1.778344246998171
2025-07-16,2.530240222083205,1.8753425253360012,4.373949984827561,1.7635376639581661
2025-07-17,2.5370692633152245,1.8774302988125788,4.397414517347318,1.7655009677866749
2025-07-18,2.522807008585581,1.875081553651429,4.340522783449951,1.7632922509796025
2025-07-21,2.529564661386958,1.8901309207950936,4.312836559788215,1.7774443994101046
2025-07-22,2.502355100555876,1.8618154930190076,4.297748784796056,1.7508170912359522
2025-07-23,2.5077963966848835,1.870471053890653,4.289030569305284,1.7589566216916457
2025-07-24,2.5088613671861433,1.8704275586098909,4.2941368825466455,1.7589157195285516
2025-07-25,2.5104237416862922,1.8736897046670435,4.288587715835962,1.7619833817605965
2025-07-28,2.476286139730976,1.8849549823844114,4.07408027973945,1.7725770420019265
2025-07-29,2.491815034331349,1.8956983167326342,4.10420829352278,1.7826798762861282
2025-07-30,2.5126077004555465,1.9129659431951633,4.132295305630942,1.7989180350344214
2025-07-31,2.5034496396648245,1.907703014222957,4.10996700641367,1.7939688733000552
2025-08-01,2.400095760565358,1.8299334522204342,3.9360840667957793,1.7208358056880966
2025-08-04,2.4264256832114253,1.8476360314905833,3.989348971074386,1.7374829860673286
2025-08-05,2.467632504538263,1.8757339828628594,4.071038655485689,1.7639057834260115
2025-08-06,2.4721335898117727,1.8732547518594231,4.103546470906161,1.7615743601296567
2025-08-07,2.4971709819933814,1.8935670479752946,4.139409511967762,1.7806756702945252
2025-08-08,2.488359230134642,1.8853899351920318,4.1311588727845,1.772986063632865
2025-08-11,2.4791750336095477,1.884607020138315,4.089659747626886,1.7722498246971743
2025-08-12,2.4791451219214715,1.8773868035318169,4.120204831506353,1.7654600656235808
2025-08-13,2.500908481285635,1.9003958070549345,4.128624737849575,1.7870973099002734
2025-08-14,2.496925513683371,1.8988734722282632,4.115655312948346,1.7856657341919853
2025-08-18,2.4524361821622818,1.8667739550258797,4.034953564001021,1.7554799378286605
2025-08-19,2.440977326938067,1.8536818755165065,4.034674818997598,1.7431683867373855
2025-08-20,2.430359443599006,1.8427210647644734,4.029441352078024,1.7328610416377137
2025-08-21,2.432687066613157,1.845983210821626,4.026935777556018,1.7359287038697586
2025-08-22,2.4460271790944867,1.863772780653299,4.016429046160994,1.7526576885751786
2025-08-25,2.470905621076371,1.8872167369840371,4.03820447486233,1.7747039544828103
2025-08-26,2.445652835539449,1.8677308512026445,3.9977772876315663,1.7563797854167267
2025-08-27,2.4576017907159597,1.871645426471228,4.038023018018256,1.760060980095181
2025-08-28,2.467091937854823,1.8781697185855335,4.056411164652305,1.7661963045592715
2025-08-29,2.452859590665718,1.8708190161367493,4.019160037440143,1.7592838389963963
2025-09-01,2.4240837478691843,1.8412857204993258,4.0021630502008945,1.7315112702556135
2025-09-02,2.4489560006813846,1.8622504458266278,4.034989686835533,1.7512261128668911
2025-09-03,2.4570324433470945,1.8719063981558002,4.034326535601804,1.7603063930737448
2025-09-04,2.4564840284907605,1.8803879779043973,3.9980499604534097,1.7682823148770621
2025-09-05,2.4563886687450887,1.8827367230655474,3.9882680602133744,1.7704910316841351
2025-09-08,2.464912119850325,1.8913922839371928,3.9936692955496795,1.7786305621398286
2025-09-09,2.507836130979707,1.9193597494671826,4.08296849524657,1.8049306530092297
2025-09-10,2.5717270821052782,1.9575051106954897,4.2297337688728796,1.8408018500426122
2025-09-11,2.583434865878219,1.9746857465964942,4.2161190212659525,1.8569582044647168
2025-09-12,2.622638517609922,2.012700621982515,4.2481029856133725,1.8927066950088172
2025-09-15,2.6509953700038302,2.021008220608064,4.347517683368079,1.900519008159759
2025-09-16,2.6770529077819507,2.056674350832935,4.3274403319433805,1.934058781896787
2025-09-17,2.6426996293648797,2.031186116306381,4.26831480936042,1.91009011432374
2025-09-18,2.672380220362676,2.067504675742682,4.2625651499472506,1.944243420507177
2025-09-22,2.680115397411913,2.080335783567483,4.24768653978619,1.9563095586198884
2025-09-23,2.6886249913206934,2.094471749815145,4.231237818681547,1.9696027616254177
2025-09-24,2.6795760139855505,2.0894697925275105,4.208858664530349,1.9648990128696149
2025-09-25,2.6781562701868538,2.0905136792657997,4.198078298599715,1.9658806647838696
2025-09-26,2.6188942923186893,2.0357096255056324,4.137053034497596,1.9143439392855095
2025-09-29,2.6560650968474744,2.0669827323735377,4.18689688475971,1.94375259455005
2025-09-30,2.642612089018085,2.061806793962855,4.145948963934727,1.9388852371418712
2025-10-01,2.657918087539586,2.085033273889783,4.127877482181571,1.9607269922340334
2025-10-02,2.723154510561076,2.1461006480796834,4.192301526092743,2.0181536292179207
2025-10-10,2.741724707961223,2.2050802487930063,4.055510354418473,2.0736169623732983
2025-10-13,2.718690750929964,2.182897655604367,4.035077952660612,2.0527568591953904
2025-10-14,2.696488975758828,2.161237005784872,4.016426044550746,2.0323875819746102
2025-10-15,2.766570312092674,2.2206515593058156,4.108712816333129,2.088259936760928
2025-10-16,2.821636816942085,2.2811099995650475,4.129860392190741,2.1451139434615
2025-10-17,2.813291848378432,2.285590013483537,4.075778333299084,2.149326866260175
2025-10-20,2.8696149980670693,2.3282153886303334,4.169061199589593,2.1894109860922324
2025-10-21,2.865325510650465,2.3282153886303334,4.14985011104417,2.1894109860922324
2025-10-22,2.8943745816222632,2.3600104388673833,4.161373052339023,2.219310467313901
2025-10-23,2.859854670528264,2.3329563742333956,4.107666974767583,2.1938693218694723
2025-10-24,2.9086415382564477,2.392283937192815,4.104907820716841,2.2496598723296017
2025-10-27,2.9713074985323455,2.460484537427689,4.131216786144092,2.313794464060894
2025-10-28,2.9469323819802944,2.43360445391675,4.122296784264605,2.288516927268841
2025-10-29,2.9775641817435616,2.4857987908311947,4.064830427860872,2.3375995229815647
2025-10-30,2.9863966688061523,2.501892044713149,4.0443692806978415,2.3527333233263215
2025-10-31,3.0001615489377387,2.520377539037015,4.037076866909605,2.3701167426412444
2025-11-03,3.069541887782267,2.6054978034883214,4.050609141421689,2.450162275816078
2025-11-04,3.0325978860201865,2.531164368666,4.12969467436492,2.380260479088541
2025-11-05,2.971069634171167,2.45922317428559,4.107146653188296,2.3126083013311702
2025-11-06,3.023981264989339,2.472184767952677,4.272015026309605,2.3247971459331627
2025-11-07,2.967507837658582,2.426949675960158,4.189457632022171,2.2822588963154686
2025-11-10,3.0609850186147014,2.5023269975207687,4.324615871919029,2.35314234495726
2025-11-11,3.0677806181737868,2.5288591187856118,4.271816677295504,2.378092664444562
2025-11-12,3.1261867567238193,2.551998608151016,4.427532954836736,2.3998526152105364
2025-11-13,3.1265151032387104,2.5603497020573265,4.403953122574218,2.4077058305245718
2025-11-14,3.031099416267894,2.4506546039754684,4.363427973892615,2.304550575201664
2025-11-17,3.060661631312663,2.5081553651428816,4.306034780860163,2.358623234811848
2025-11-18,2.966164713636111,2.420294898003567,4.204089949803134,2.2760008653620964
2025-11-19,2.9655527786286786,2.4038101865947548,4.2507747599210814,2.2604989455494944
2025-11-20,3.0038829298042256,2.4540037405941457,4.248827947517906,2.3077000417598974
2025-11-21,2.917403763234854,2.3503109912574485,4.224805063062379,2.210189284943952
2025-11-24,2.9088887965752708,2.35226827889174,4.186245791937688,2.212029882283179
2025-11-25,2.9249204497443335,2.3688399808620764,4.198585290298998,2.227613606421969
2025-11-26,2.9964290321080114,2.4329955199860818,4.282664148781093,2.287944296985525
2025-11-27,3.0053571169455466,2.4503501370101346,4.265364112386734,2.304264260060006
2025-11-28,2.982068485425269,2.4096385542168677,4.296933722866838,2.265979835404081
2025-12-01,2.9992802983218523,2.4094645730938193,4.36362428791311,2.2658162267517055
2025-12-02,3.076846749685403,2.460615023269975,4.514017942753221,2.3139171705501744
2025-12-03,3.0831602983864217,2.482667130616328,4.466093326201331,2.3346545672388
2025-12-04,3.0722277055950675,2.4781436214170767,4.435862544363038,2.3304007422770314
2025-12-05,3.118547778132336,2.5262494019398893,4.466610608975305,2.3756385346589246
2025-12-08,3.1348860142945103,2.5626114566569527,4.412227545347505,2.4098327430054556
2025-12-09,3.1198725285958053,2.5477795659170983,4.399703885287897,2.3958851053904233
2025-12-10,3.104927212074365,2.546735679178809,4.341089703887945,2.3949034534761693
2025-12-11,3.08313771140664,2.5234222086903566,4.328925827118628,2.3729798940578184
2025-12-12,3.124463751621818,2.5572180418424595,4.38704391640972,2.404760874781807
2025-12-15,3.0736793172553774,2.498760384498282,4.372555248374191,2.3497883675835567
2025-12-16,3.0240460806279543,2.4423470053499194,4.355976289575999,2.296738262050721
2025-12-17,3.081433813518273,2.490626766995781,4.43214557597342,2.3421396630849904
2025-12-18,3.048993083365157,2.460310556304641,4.399259019393612,2.313630855408517
2025-12-19,3.0684123973078714,2.472271758514201,4.439752089414838,2.3248789502593494
2025-12-22,3.1396213527451686,2.534600495846201,4.526122218449473,2.383491749972961
2025-12-23,3.1448719609456735,2.5429080944717497,4.5200067382060105,2.391304063123902
2025-12-24,3.151030131628859,2.5410377973989826,4.551895670554282,2.389545270110863
2025-12-26,3.158853564755182,2.566569527206298,4.498544197041936,2.4135548398470035
2025-12-29,3.2139660532195897,2.6344656604758385,4.499278947735443,2.4774031164366384
2025-12-30,3.2079921293495985,2.6357270236179375,4.470203956235596,2.478589279166362
2026-01-02,3.2669835145326074,2.714844939324083,4.449319834072384,2.5529903138342322
2026-01-05,3.3475080215255097,2.821712844156409,4.437385351397545,2.653486928556035
2026-01-06,3.3969873313135377,2.8682962898525513,4.488133619904718,2.697293145229641
2026-01-07,3.3956412179403603,2.890174416075856,4.416306446846358,2.717866933265891
2026-01-08,3.3728134272783814,2.888869557652994,4.3314514781023306,2.716639868373073
2026-01-09,3.390315198906305,2.906572136923144,4.345673245180798,2.7332870487523055
2026-01-12,3.4099770447185365,2.9266234613544433,4.361151452785999,2.7521429459386098
2026-01-13,3.439685149185393,2.960767256752643,4.372828749565088,2.7842511439673503
2026-01-14,3.4813546270035585,2.982732373537471,4.468117182331972,2.8049067363297877
2026-01-15,3.5097804468068077,3.0289678569875167,4.438002111082005,2.848385735698643
2026-01-16,3.5322550948255786,3.064851463616198,4.416237533992903,2.8821300202511404
2026-01-19,3.556050461689802,3.105389065286417,4.3854469740500495,2.9202508362546897
2026-01-20,3.567581940646493,3.08155365142882,4.502864280645467,2.8978364508792125
2026-01-21,3.5962769683359506,3.1096516028010965,4.529000936888475,2.9242592482378953
2026-01-22,3.630267111214775,3.1416641294419554,4.563827137148314,2.954363240275032
2026-01-23,3.6682957043014506,3.1633682745422123,4.645742624584004,2.974773419658906
2026-01-26,3.646971515202767,3.131834195989735,4.658745400064247,2.945119351415802
2026-01-27,3.760462488185138,3.2409638554216866,4.768204601416201,3.0477428786184886
2026-01-28,3.7975791916110153,3.3000739419772955,4.732721400377301,3.1033289182631485
2026-01-29,3.8417470376535765,3.3299551998608155,4.813637455171622,3.131428704308683
2026-01-30,3.835397965875921,3.34222086903571,4.7515998915834805,3.1429631143011725
2026-02-02,3.6865305432613216,3.1554086381627595,4.740923529487323,2.9672883238127157
2026-02-03,3.930670570774787,3.390631116523857,4.9816283757823445,3.1884872218247238
2026-02-04,4.001422582772807,3.4377800008699055,5.110033900898484,3.2328251666185506
2026-02-05,3.888451965032239,3.292375277282415,5.100668050298354,3.096089235395521
2026-02-06,3.871829965947132,3.253881953808012,5.14700184769831,3.059890821057387
2026-02-09,4.037833818854568,3.3967204558305424,5.358389373493375,3.1942135246578744
2026-02-10,4.090062671732842,3.395937540776826,5.552479509879036,3.1934772857221834
2026-02-11,4.1778742005571345,3.4306902701056936,5.778156303235203,3.2261581140342384
2026-02-12,4.336503493209624,3.5504327780435823,6.026892341480469,3.3387617690318456
2026-02-13,4.347429422471097,3.5430820755947985,6.087548458307273,3.3318493034689705
2026-02-19,4.451724061336891,3.6546474707494236,6.159458238729727,3.4367633518049177
2026-02-20,4.6462075099740385,3.7388108390239663,6.639210821732358,3.515909037391685
2026-02-23,4.607333810016519,3.7644730546735676,6.424770808585853,3.5400413136171074
2026-02-24,4.60576148709277,3.857509460223566,6.1593930593166295,3.627531040475038
2026-02-25,4.655125278914948,3.9312339611152196,6.135057160268859,3.696860206919261
2026-02-26,4.767087166670979,4.1060414944978465,6.058673621923803,3.8612460003937907
2026-02-27,4.676844480727538,4.059588534643991,5.856711262471972,3.817562490209467
2026-03-03,4.402189797977499,3.737984428689487,5.744917412774507,3.5151318962929
2026-03-04,3.892766876855518,3.291679352790222,5.118464266444997,3.095434800786018
2026-03-05,4.233605689240249,3.6154147275020665,5.467492936053914,3.3998696006941875
2026-03-06,4.220832715531111,3.6050193553999392,5.449567257153443,3.3900939837147366
2026-03-09,3.9860722984651176,3.372232612761515,5.23652964765218,3.171185606835988
2026-03-10,4.171335461969595,3.579748597277195,5.333462050260831,3.3663298269571587
2026-03-11,4.267409064670423,3.6277238919577224,5.555716142904076,3.411444912849771
2026-03-12,4.216773973726891,3.5992779783393503,5.44769348524288,3.3846948981863365
2026-03-13,4.138905106767778,3.5358618589882997,5.3382988009186425,3.3250595443953777
2026-03-16,4.173111049142843,3.596320299247532,5.292336465270456,3.3819135510959493
2026-03-17,4.244770358944173,3.6574746639989564,5.384946443822262,3.4394219924060243
2026-03-18,4.459474973910174,3.8648601626723504,5.592762090570985,3.6344435060379134
2026-03-19,4.348508365838393,3.7509025270758123,5.504890482310379,3.5272798387317996
2026-03-20,4.376092491083802,3.751467965725719,5.606795414144276,3.5278115668520216
2026-03-23,4.090649028672637,3.5007611674133354,5.258396966604278,3.292051498778571
2026-03-24,4.182518157342968,3.5998434169892564,5.317485440045099,3.385226626306558
2026-03-25,4.248732371752585,3.64794919751207,5.427287584581319,3.430464418688452
2026-03-26,4.1399026268053785,3.518289765560437,5.3927180685452925,3.3085350705054277
2026-03-27,4.141269779968897,3.5021965116784832,5.444259996184214,3.2934012701606714
2026-03-30,4.0170355573172625,3.3940237484232965,5.289906438877177,3.1916775905460515
2026-03-31,3.873255214261286,3.238528119699013,5.1986591771080795,3.0454523574852286
2026-04-01,4.15697246853897,3.539819929537645,5.394699248326643,3.3287816412369264
2026-04-02,3.9844604317386985,3.369274933669697,5.239009067519399,3.1684042597456017
2026-04-03,4.057815900414217,3.4723152537949633,5.217193042062452,3.265301484115137
2026-04-06,4.116488804320429,3.531120873385238,5.267832635565135,3.3206012086181387
2026-04-07,4.129500494584358,3.5713975033708842,5.200519924056119,3.3584766116431237
2026-04-08,4.399588083614007,3.8398068809534163,5.446482070459019,3.6108838600958046
2026-04-09,4.336513445000995,3.765603931973381,5.42019563034925,3.54110476985755
2026-04-10,4.416158158129994,3.8222782828063155,5.553506430299608,3.594400288368949
2026-04-13,4.384508559328825,3.7874820581966855,5.533725136826765,3.5616785578937997
2026-04-14,4.494632307803815,3.9015266843547476,5.621558481285963,3.668924029526101
2026-04-15,4.572210426511505,3.986777434648341,5.67015434908909,3.749092269190217
2026-04-16,4.662322526005099,4.079291896829194,5.744206348995598,3.836091170091019
2026-04-17,4.637780103733015,4.051193945456918,5.731883757241753,3.8096683727323364
2026-04-20,4.648252390211444,4.070070897307642,5.718515957124845,3.8274199115151055
2026-04-21,4.731651858681943,4.185376886607803,5.706779808761259,3.935851545877131
2026-04-22,4.7141785583994205,4.195206820060023,5.617324944519613,3.945095434736361
2026-04-23,4.755479285147102,4.243486581705885,5.6353691518537135,3.990496835770631
2026-04-24,4.760364552227461,4.227175851420121,5.697056162032068,3.9751585246104053
2026-04-27,4.8088516524609135,4.329215780087861,5.595574843290748,4.07111499922878
2026-04-28,4.841155183590214,4.345309033969814,5.668287423221358,4.0862487995735375
2026-04-29,4.871905103634278,4.378191466225915,5.6900069801219155,4.117170834872554
2026-04-30,4.813950552654054,4.3153842808055325,5.651325971633142,4.058108111364909
2026-05-04,4.991799167326602,4.565525640468009,5.614799064048556,4.293336451318138
2026-05-06,5.245926001046142,4.913357400722022,5.588550299243892,4.620431049580348
2026-05-07,5.315185543643452,5.001348353703622,5.59980423578771,4.70317612551938
2026-05-08,5.3040688426783795,5.00704623548345,5.544395753277023,4.708534308884686
2026-05-11,5.462724530752088,5.269192292636249,5.479146809122324,4.955051645851841
2026-05-12,5.362624380777345,5.147275020660259,5.430904371264318,4.8404028826995384
2026-05-13,5.456278472507161,5.307163672741508,5.381808808402595,4.990759234232849
2026-05-14,5.594974942831918,5.407202818494193,5.590314256975885,5.084834209348903
2026-05-15,5.304359002036889,5.055847940498456,5.444904128141785,4.754426535876084
2026-05-18,5.318094775654789,5.094602235657431,5.40623115674635,4.790870363192782
2026-05-19,5.207638072926622,4.92549258405463,5.42410656043945,4.631842753083556
2026-05-20,5.140573551902301,4.895437345048062,5.285618742834364,4.6035793583856455
2026-05-21,5.476360671225244,5.329128789526337,5.396616156905734,5.011414826595287
2026-05-22,5.526910167079632,5.332651907268062,5.540342157229125,5.0147279018058954
2026-05-26,5.604172359045531,5.48271062589709,5.46250530681423,5.1558403644799755
2026-05-27,5.6800613303113465,5.649428037057979,5.3463094450334445,5.312618355619033
2026-05-28,5.626956175773849,5.622069505458657,5.2439670268898215,5.286890895032947
2026-05-29,5.759704017139354,5.8406332912878955,5.190966430092037,5.492424264579978
2026-06-01,5.917847916875962,6.088947849158367,5.152632751180702,5.7259347136832615
2026-06-02,5.969260650683923,6.120786394676178,5.2407076660667125,5.755875097068022
2026-06-04,5.9106368626174985,6.00043495280762,5.313118470980716,5.642698811787099
2026-06-05,5.682008101154244,5.6414249053977645,5.36858170205661,5.305092357609749
2026-06-08,5.239919935671676,5.160889043538775,5.036438762121978,4.853205259747938
2026-06-09,5.646476342927138,5.625679613761907,5.294841949964869,5.290285774569744
2026-06-10,5.426445274045996,5.337392892871123,5.230544137112999,5.019186237583133
2026-06-11,5.4322827486778245,5.356617806967944,5.211631853665977,5.037264993670652
2026-06-12,5.686872996474167,5.616632595363403,5.439554743365718,5.281778124646205
2026-06-15,5.9721693360520485,5.916489060936889,5.679531651621544,5.563757637015803
2026-06-16,6.119096850139545,6.053412204775782,5.834974210697132,5.692517646435515
2026-06-17,6.152502284401612,6.163150798138402,5.727252275700403,5.795713803921517
2026-06-18,6.227724947444366,6.346961854638772,5.599885564053987,5.968566345156493
2026-06-19,6.191224105150632,6.348049236657823,5.4973833714777935,5.969588899233841
2026-06-22,6.16603063099811,6.425209864729677,5.287570995202589,6.042149336562484
2026-06-23,5.675226179963646,5.748771258318473,5.1669917227884286,5.406038896125584
2026-06-24,5.788037443189226,5.957200643730155,5.098339393810072,5.602042061671727
2026-06-25,6.023665732650617,6.324866252011657,5.078120401920965,5.9477880463047725
2026-06-26,5.714106892171696,5.9435866208516375,4.919511951555416,5.589239684623325
2026-06-29,5.741502691944494,5.882910704188595,5.105387929065862,5.532181167107284
2026-06-30,5.790613934778784,5.962028619894741,5.096648295758751,5.606582201775154
2026-07-01,5.7011979746271475,5.808185811839415,5.130385555398747,5.461911250911901
2026-07-02,5.421513761439554,5.304771432299595,5.276332681161731,4.98850961526268
2026-07-03,5.704957013435896,5.651341829411508,5.426188477126681,5.314418050795165
2026-07-06,5.688857187395005,5.624505241181332,5.430691259409397,5.289181416166207
2026-07-07,5.504722104313592,5.3306511243530075,5.458388043336996,5.012846402303572
2026-07-08,5.255289697965762,5.038362837632117,5.303406465350739,4.7379838663123195
2026-07-09,5.252156908030889,5.087773476577792,5.204853144326295,4.784448723587031
2026-07-10,5.422279762446006,5.205036753512244,5.463754595815805,4.894720955288285
2026-07-13,5.075817843677234,4.692183898047062,5.457137451577131,4.41244355024768
2026-07-14,5.105957209456156,4.750685050672002,5.431329217080643,4.467456959609025
2026-07-15,5.3542889043358075,5.062415727893524,5.542207351632711,4.760602762503268
2026-07-16,5.121591813972148,4.699056152407464,5.573685869271124,4.418906092016522
2026-07-20,4.922615790032978,4.490974729241877,5.405632790342892,4.2232301437751305
2026-07-21,5.039412155459493,4.668739941716324,5.398598714964531,4.3903972843400485
2026-07-22,5.059088902631823,4.698447218476796,5.397871409307919,4.418333461733207
2026-07-23,5.20822071534937,4.89900395807055,5.4390910869460125,4.606933335759349
2026-07-24,5.017083066417334,4.591274846679135,5.482550247072175,4.317550531869748
2026-07-27,5.083978940852499,4.650602409638554,5.55924467455971,4.373341082329878
2026-07-28,4.6285935449096,4.113305206385108,5.290661832349482,3.868076661630481
2026-07-29,4.389039201574916,3.858901309207951,5.095722011280417,3.628839909694046
2026-07-30,4.382931145550899,3.794919751206994,5.199984842834942,3.568672827782866
2026-07-31,4.9321623304195015,4.553129485450828,5.314576420427385,4.281679334836366
2026-08-03,4.739906819673043,4.291766343351746,5.266780707288692,4.035898236804902
2026-08-04,4.785529033428724,4.349658562046018,5.285967662601407,4.090339015882932
2026-08-05,4.901478023560032,4.517376364664433,5.295623187088678,4.24805775677315
2026-08-06,4.77450930305136,4.275238136662172,5.396156119572574,4.020355414829205
2026-08-07,4.791855085187997,4.239615501718063,5.512947847606667,3.986856543255272
2026-08-10,4.755437705124666,4.2531425340350575,5.384135588169451,3.9995771159774867
2026-08-11,4.78990799465768,4.294724022443565,5.397884857183996,4.03867958389529
2026-08-12,4.9073250990321124,4.477534687486408,5.34792784243972,4.210591375379105
2026-08-13,5.0732774217372185,4.659388456352485,5.4572258279448596,4.381603319274853
2026-08-14,5.2132655668629875,4.776564742725414,5.634589273557783,4.491793746649918
2026-08-18,5.1441833850892555,4.706189378452438,5.576569079075728,4.425614046763928
2026-08-19,4.896432687608301,4.404375625244661,5.484688711585558,4.141793937055104
2026-08-20,5.071861972202652,4.70175285981471,5.353048604025874,4.421442026128347
2026-08-21,5.139002523412612,4.768170153538342,5.414093263893782,4.483899629172789
